ISO-10303-21;
HEADER;
FILE_DESCRIPTION (( 'STEP AP214' ),
    '1' );
FILE_NAME ('Sled Base - Bottom.STEP',
    '2026-04-13T01:51:53',
    ( '' ),
    ( '' ),
    'SwSTEP 2.0',
    'SolidWorks 2025',
    '' );
FILE_SCHEMA (( 'AUTOMOTIVE_DESIGN' ));
ENDSEC;

DATA;
#1 = AXIS2_PLACEMENT_3D ( 'NONE', #502, #1233, #251 ) ;
#2 = CARTESIAN_POINT ( 'NONE',  ( 3.091543583002317241, -246.3800000000000239, -44.45000000000000284 ) ) ;
#3 = ORIENTED_EDGE ( 'NONE', *, *, #1305, .T. ) ;
#4 = DIRECTION ( 'NONE',  ( 0.000000000000000000, 0.000000000000000000, -1.000000000000000000 ) ) ;
#5 = DIRECTION ( 'NONE',  ( -1.000000000000000000, -0.000000000000000000, -0.000000000000000000 ) ) ;
#6 = EDGE_LOOP ( 'NONE', ( #135, #113, #526, #882 ) ) ;
#7 = DIRECTION ( 'NONE',  ( 0.000000000000000000, 0.000000000000000000, 1.000000000000000000 ) ) ;
#8 = AXIS2_PLACEMENT_3D ( 'NONE', #395, #414, #1015 ) ;
#9 = ORIENTED_EDGE ( 'NONE', *, *, #939, .F. ) ;
#10 = CARTESIAN_POINT ( 'NONE',  ( -11.05039600214481688, -246.3800000000000239, 41.90999999999999659 ) ) ;
#11 = ADVANCED_FACE ( 'NONE', ( #1432 ), #803, .T. ) ;
#12 = DIRECTION ( 'NONE',  ( 0.8660254037844370423, 0.000000000000000000, -0.5000000000000028866 ) ) ;
#13 = CARTESIAN_POINT ( 'NONE',  ( 8.171543583002319977, -254.0000000000000000, -54.60999999999998522 ) ) ;
#14 = EDGE_LOOP ( 'NONE', ( #1276, #503, #1365, #46, #864, #1034, #256 ) ) ;
#15 = CARTESIAN_POINT ( 'NONE',  ( -25.14471713899364502, -292.9926688157244143, -15.68661535296448584 ) ) ;
#16 = DIRECTION ( 'NONE',  ( -2.245174760611111597E-16, 0.000000000000000000, 1.000000000000000000 ) ) ;
#17 = EDGE_CURVE ( 'NONE', #189, #579, #566, .T. ) ;
#18 = PRODUCT_DEFINITION_CONTEXT ( 'detailed design', #376, 'design' ) ;
#19 = ORIENTED_EDGE ( 'NONE', *, *, #351, .T. ) ;
#20 = CYLINDRICAL_SURFACE ( 'NONE', #436, 2.199999999999938005 ) ;
#21 = DIRECTION ( 'NONE',  ( 0.000000000000000000, 0.000000000000000000, 1.000000000000000000 ) ) ;
#22 = CARTESIAN_POINT ( 'NONE',  ( 3.091543583002316797, -254.0000000000000000, 44.45000000000000284 ) ) ;
#23 = EDGE_LOOP ( 'NONE', ( #1298, #476, #95, #1395 ) ) ;
#24 = LINE ( 'NONE', #750, #1139 ) ;
#25 = VECTOR ( 'NONE', #1165, 1000.000000000000000 ) ;
#26 = CARTESIAN_POINT ( 'NONE',  ( 0.000000000000000000, -435.6100000000001273, 50.79999999999999716 ) ) ;
#27 = AXIS2_PLACEMENT_3D ( 'NONE', #134, #993, #999 ) ;
#28 = VERTEX_POINT ( 'NONE', #936 ) ;
#29 = LINE ( 'NONE', #588, #1540 ) ;
#30 = DIRECTION ( 'NONE',  ( 0.000000000000000000, 0.000000000000000000, 1.000000000000000000 ) ) ;
#31 = B_SPLINE_CURVE_WITH_KNOTS ( 'NONE', 3,
 ( #1093, #746, #1323, #241, #1164, #328, #347, #804, #680, #65, #1278, #909 ),
 .UNSPECIFIED., .F., .F.,
 ( 4, 2, 2, 2, 2, 4 ),
 ( 0.005195447961333002525, 0.006494079168075644372, 0.007792710374818285352, 0.009091341581560927199, 0.009740657184932248122, 0.01038997278830356905 ),
 .UNSPECIFIED. ) ;
#32 = ORIENTED_EDGE ( 'NONE', *, *, #664, .T. ) ;
#33 = CARTESIAN_POINT ( 'NONE',  ( -11.05039600214480799, -246.3800000000000239, -41.90999999999999659 ) ) ;
#34 = EDGE_CURVE ( 'NONE', #1246, #704, #120, .T. ) ;
#35 = CARTESIAN_POINT ( 'NONE',  ( -11.05039600214480622, -312.9280000000001110, -38.86582067942549656 ) ) ;
#36 = EDGE_CURVE ( 'NONE', #770, #1288, #94, .T. ) ;
#37 = ORIENTED_EDGE ( 'NONE', *, *, #686, .F. ) ;
#38 = VECTOR ( 'NONE', #391, 1000.000000000000000 ) ;
#39 = DIRECTION ( 'NONE',  ( 1.000000000000000000, 0.000000000000000000, 1.241749088029210621E-16 ) ) ;
#40 = DIRECTION ( 'NONE',  ( 0.000000000000000000, 0.000000000000000000, -1.000000000000000000 ) ) ;
#41 = ORIENTED_EDGE ( 'NONE', *, *, #384, .T. ) ;
#42 = LINE ( 'NONE', #1097, #1265 ) ;
#43 = EDGE_CURVE ( 'NONE', #593, #1246, #1555, .T. ) ;
#44 = CARTESIAN_POINT ( 'NONE',  ( -4.050396002144806218, -305.7883267415827504, -32.22732707288650289 ) ) ;
#45 = ADVANCED_FACE ( 'NONE', ( #511 ), #244, .T. ) ;
#46 = ORIENTED_EDGE ( 'NONE', *, *, #1126, .F. ) ;
#47 = DIRECTION ( 'NONE',  ( -1.000000000000000000, -0.000000000000000000, -0.000000000000000000 ) ) ;
#48 = EDGE_LOOP ( 'NONE', ( #1022, #918, #609, #641 ) ) ;
#49 = CARTESIAN_POINT ( 'NONE',  ( -10.93053913386430764, -302.2129664219131087, -42.68703483082348527 ) ) ;
#50 = AXIS2_PLACEMENT_3D ( 'NONE', #307, #1154, #204 ) ;
#51 = CARTESIAN_POINT ( 'NONE',  ( -7.068456416997668690, -246.3800000000000239, -59.68999999999998352 ) ) ;
#52 = CIRCLE ( 'NONE', #1485, 5.080000000000000959 ) ;
#53 = ORIENTED_EDGE ( 'NONE', *, *, #266, .T. ) ;
#54 = CIRCLE ( 'NONE', #923, 2.199999999999979750 ) ;
#55 = VERTEX_POINT ( 'NONE', #622 ) ;
#56 = CARTESIAN_POINT ( 'NONE',  ( -10.60735260917609502, -304.9191016982845213, -43.34478588179559466 ) ) ;
#57 = FACE_OUTER_BOUND ( 'NONE', #614, .T. ) ;
#58 = FACE_OUTER_BOUND ( 'NONE', #48, .T. ) ;
#59 = CIRCLE ( 'NONE', #607, 3.685000000000007603 ) ;
#60 = VERTEX_POINT ( 'NONE', #855 ) ;
#61 = CARTESIAN_POINT ( 'NONE',  ( -25.14471713899364502, -280.2926688157243689, -41.08661535296448619 ) ) ;
#62 = EDGE_CURVE ( 'NONE', #1013, #677, #1382, .T. ) ;
#63 = VECTOR ( 'NONE', #1434, 1000.000000000000000 ) ;
#64 = CARTESIAN_POINT ( 'NONE',  ( -30.61292720950547164, -253.4519016933946034, -59.68999999999997641 ) ) ;
#65 = CARTESIAN_POINT ( 'NONE',  ( -11.03938230614400595, -310.3107995207561771, -42.17284897203899874 ) ) ;
#66 = ORIENTED_EDGE ( 'NONE', *, *, #266, .F. ) ;
#67 = DIRECTION ( 'NONE',  ( 0.000000000000000000, 0.000000000000000000, 1.000000000000000000 ) ) ;
#68 = CARTESIAN_POINT ( 'NONE',  ( -33.73775649447217262, -252.3160922495055729, -59.68999999999997641 ) ) ;
#69 = CARTESIAN_POINT ( 'NONE',  ( 3.091543583002316797, -312.9280000000001110, 44.45000000000000284 ) ) ;
#70 = ORIENTED_EDGE ( 'NONE', *, *, #1319, .F. ) ;
#71 = CARTESIAN_POINT ( 'NONE',  ( -28.98869806194627330, -253.7525116065703514, -59.68999999999995509 ) ) ;
#72 = DIRECTION ( 'NONE',  ( -0.000000000000000000, -1.000000000000000000, -0.000000000000000000 ) ) ;
#73 = EDGE_CURVE ( 'NONE', #1106, #207, #392, .T. ) ;
#74 = DIRECTION ( 'NONE',  ( 0.000000000000000000, 0.000000000000000000, 1.000000000000000000 ) ) ;
#75 = ORIENTED_EDGE ( 'NONE', *, *, #979, .F. ) ;
#76 = FACE_OUTER_BOUND ( 'NONE', #458, .T. ) ;
#77 = CARTESIAN_POINT ( 'NONE',  ( -8.510396002144796412, -312.9280000000001110, -44.45000000000000284 ) ) ;
#78 = AXIS2_PLACEMENT_3D ( 'NONE', #282, #174, #1501 ) ;
#79 = ADVANCED_FACE ( 'NONE', ( #1479, #519 ), #983, .T. ) ;
#80 = DIRECTION ( 'NONE',  ( -1.000000000000000000, 0.000000000000000000, 0.000000000000000000 ) ) ;
#81 = EDGE_CURVE ( 'NONE', #838, #834, #97, .T. ) ;
#82 = LINE ( 'NONE', #547, #725 ) ;
#83 = APPLICATION_CONTEXT ( 'automotive_design' ) ;
#84 = ORIENTED_EDGE ( 'NONE', *, *, #916, .T. ) ;
#85 = SURFACE_STYLE_USAGE ( .BOTH. , #333 ) ;
#86 = CARTESIAN_POINT ( 'NONE',  ( 3.091543583002315465, -246.3800000000000239, 59.68999999999999062 ) ) ;
#87 = CARTESIAN_POINT ( 'NONE',  ( -10.05954085982045143, -312.9280000000001110, -35.38663250534207805 ) ) ;
#88 = AXIS2_PLACEMENT_3D ( 'NONE', #1067, #1438, #350 ) ;
#89 = CARTESIAN_POINT ( 'NONE',  ( -11.05039600214479734, -312.9280000000001110, -41.91000000000000369 ) ) ;
#90 = ORIENTED_EDGE ( 'NONE', *, *, #1081, .T. ) ;
#91 = FACE_OUTER_BOUND ( 'NONE', #398, .T. ) ;
#92 = AXIS2_PLACEMENT_3D ( 'NONE', #656, #195, #181 ) ;
#93 = DIRECTION ( 'NONE',  ( -1.000000000000000000, 0.000000000000000000, 0.000000000000000000 ) ) ;
#94 = LINE ( 'NONE', #1547, #1460 ) ;
#95 = ORIENTED_EDGE ( 'NONE', *, *, #1244, .T. ) ;
#96 = FACE_OUTER_BOUND ( 'NONE', #14, .T. ) ;
#97 = CIRCLE ( 'NONE', #27, 5.080000000000000959 ) ;
#98 = AXIS2_PLACEMENT_3D ( 'NONE', #1355, #647, #989 ) ;
#99 = DIRECTION ( 'NONE',  ( 1.000000000000000000, 0.000000000000000000, 1.241749088029210621E-16 ) ) ;
#100 = AXIS2_PLACEMENT_3D ( 'NONE', #924, #1406, #810 ) ;
#101 = ORIENTED_EDGE ( 'NONE', *, *, #1283, .T. ) ;
#102 = DIRECTION ( 'NONE',  ( 0.000000000000000000, -1.000000000000000000, 0.000000000000000000 ) ) ;
#103 = DIRECTION ( 'NONE',  ( 0.000000000000000000, 0.000000000000000000, -1.000000000000000000 ) ) ;
#104 = ORIENTED_EDGE ( 'NONE', *, *, #910, .F. ) ;
#105 = EDGE_CURVE ( 'NONE', #1360, #870, #220, .T. ) ;
#106 = CARTESIAN_POINT ( 'NONE',  ( -11.05039600214481510, -305.7883267415828072, 23.58767292711352326 ) ) ;
#107 = AXIS2_PLACEMENT_3D ( 'NONE', #1492, #1132, #403 ) ;
#108 = DIRECTION ( 'NONE',  ( 0.000000000000000000, 0.000000000000000000, 1.000000000000000000 ) ) ;
#109 = EDGE_LOOP ( 'NONE', ( #564, #1153, #512, #693 ) ) ;
#110 = CARTESIAN_POINT ( 'NONE',  ( -11.05039600214480799, -254.0000000000000000, -41.90999999999999659 ) ) ;
#111 = CARTESIAN_POINT ( 'NONE',  ( -8.510396002144808847, -246.3800000000000239, -41.90999999999999659 ) ) ;
#112 = DIRECTION ( 'NONE',  ( -0.000000000000000000, -1.000000000000000000, -0.000000000000000000 ) ) ;
#113 = ORIENTED_EDGE ( 'NONE', *, *, #1503, .T. ) ;
#114 = LINE ( 'NONE', #221, #1101 ) ;
#115 = EDGE_LOOP ( 'NONE', ( #925, #668, #1307, #325, #951, #260, #874 ) ) ;
#116 = DIRECTION ( 'NONE',  ( 1.000000000000000000, 0.000000000000000000, 0.000000000000000000 ) ) ;
#117 = CARTESIAN_POINT ( 'NONE',  ( -4.050396002144847074, -305.7883267415828072, 27.27267292711353974 ) ) ;
#118 = ORIENTED_EDGE ( 'NONE', *, *, #1341, .T. ) ;
#119 = CARTESIAN_POINT ( 'NONE',  ( 4.665904304751412537E-16, -246.3800000000000239, -54.60999999999999943 ) ) ;
#120 = CIRCLE ( 'NONE', #1204, 3.810000000000000941 ) ;
#121 = CARTESIAN_POINT ( 'NONE',  ( 3.091543583002319462, -312.9280000000001110, -54.60999999999999233 ) ) ;
#122 = EDGE_CURVE ( 'NONE', #235, #332, #1107, .T. ) ;
#123 = ORIENTED_EDGE ( 'NONE', *, *, #62, .T. ) ;
#124 = CARTESIAN_POINT ( 'NONE',  ( -25.14471713899364502, -312.9280000000001110, 59.68999999999996930 ) ) ;
#125 = PLANE ( 'NONE',  #1311 ) ;
#126 = CARTESIAN_POINT ( 'NONE',  ( -30.14471713899364502, -292.9926688157244143, -15.68661535296448584 ) ) ;
#127 = VERTEX_POINT ( 'NONE', #631 ) ;
#128 = EDGE_CURVE ( 'NONE', #558, #28, #1357, .T. ) ;
#129 = CIRCLE ( 'NONE', #278, 2.540000000000000480 ) ;
#130 = AXIS2_PLACEMENT_3D ( 'NONE', #323, #198, #429 ) ;
#131 = ORIENTED_EDGE ( 'NONE', *, *, #869, .F. ) ;
#132 = CARTESIAN_POINT ( 'NONE',  ( 3.091543583002315465, -312.9280000000001110, 59.68999999999999062 ) ) ;
#133 = CARTESIAN_POINT ( 'NONE',  ( -4.050396002144814211, -305.7883267415828072, 23.58767292711352326 ) ) ;
#134 = CARTESIAN_POINT ( 'NONE',  ( 3.091543583002320350, -312.9280000000001110, -49.53000000000000114 ) ) ;
#135 = ORIENTED_EDGE ( 'NONE', *, *, #242, .F. ) ;
#136 = CARTESIAN_POINT ( 'NONE',  ( 3.091543583002316797, -254.0000000000000000, 44.45000000000000284 ) ) ;
#137 = CARTESIAN_POINT ( 'NONE',  ( 0.000000000000000000, 0.000000000000000000, 0.000000000000000000 ) ) ;
#138 = ORIENTED_EDGE ( 'NONE', *, *, #73, .F. ) ;
#139 = DIRECTION ( 'NONE',  ( 0.000000000000000000, -1.000000000000000000, 0.000000000000000000 ) ) ;
#140 = CARTESIAN_POINT ( 'NONE',  ( 4.665904304751418453E-16, -312.9280000000001110, 46.98999999999998778 ) ) ;
#141 = CIRCLE ( 'NONE', #166, 3.810000000000000941 ) ;
#142 = DIRECTION ( 'NONE',  ( 1.000000000000000000, 0.000000000000000000, 1.241749088029210621E-16 ) ) ;
#143 = VERTEX_POINT ( 'NONE', #1472 ) ;
#144 = CARTESIAN_POINT ( 'NONE',  ( -11.05039600214480622, -310.6592587037637827, -41.90999999999999659 ) ) ;
#145 = ADVANCED_FACE ( 'NONE', ( #492, #158 ), #738, .T. ) ;
#146 = ADVANCED_FACE ( 'NONE', ( #388 ), #151, .F. ) ;
#147 = CIRCLE ( 'NONE', #779, 3.810000000000000941 ) ;
#148 = ORIENTED_EDGE ( 'NONE', *, *, #1054, .T. ) ;
#149 = EDGE_CURVE ( 'NONE', #1393, #1219, #597, .T. ) ;
#150 = LINE ( 'NONE', #992, #38 ) ;
#151 = CYLINDRICAL_SURFACE ( 'NONE', #1488, 2.199999999999979750 ) ;
#152 = ORIENTED_EDGE ( 'NONE', *, *, #169, .F. ) ;
#153 = CARTESIAN_POINT ( 'NONE',  ( 3.091543583002317241, -254.0000000000000000, -44.45000000000000284 ) ) ;
#154 = ADVANCED_FACE ( 'NONE', ( #1113 ), #1208, .F. ) ;
#155 = CARTESIAN_POINT ( 'NONE',  ( 0.000000000000000000, -435.6100000000001273, 50.79999999999999716 ) ) ;
#156 = VECTOR ( 'NONE', #1124, 1000.000000000000000 ) ;
#157 = ORIENTED_EDGE ( 'NONE', *, *, #615, .T. ) ;
#158 = FACE_BOUND ( 'NONE', #1079, .T. ) ;
#159 = ORIENTED_EDGE ( 'NONE', *, *, #756, .T. ) ;
#160 = DIRECTION ( 'NONE',  ( -1.000000000000000000, 0.000000000000000000, -1.241749088029210621E-16 ) ) ;
#161 = CARTESIAN_POINT ( 'NONE',  ( -36.23216351051562611, -249.4816332810726180, -59.68999999999996930 ) ) ;
#162 = DIRECTION ( 'NONE',  ( 0.000000000000000000, 0.000000000000000000, -1.000000000000000000 ) ) ;
#163 = ORIENTED_EDGE ( 'NONE', *, *, #1194, .T. ) ;
#164 = EDGE_LOOP ( 'NONE', ( #393, #1026, #1477, #1162 ) ) ;
#165 = CARTESIAN_POINT ( 'NONE',  ( -10.67809430545123384, -304.0619996411352304, -43.23548919430320581 ) ) ;
#166 = AXIS2_PLACEMENT_3D ( 'NONE', #807, #224, #934 ) ;
#167 = DIRECTION ( 'NONE',  ( 0.000000000000000000, 1.000000000000000000, 0.000000000000000000 ) ) ;
#168 = AXIS2_PLACEMENT_3D ( 'NONE', #1146, #667, #1267 ) ;
#169 = EDGE_CURVE ( 'NONE', #619, #558, #1095, .T. ) ;
#170 = DIRECTION ( 'NONE',  ( 0.000000000000000000, 0.000000000000000000, -1.000000000000000000 ) ) ;
#171 = EDGE_CURVE ( 'NONE', #1013, #949, #963, .T. ) ;
#172 = ORIENTED_EDGE ( 'NONE', *, *, #402, .F. ) ;
#173 = CYLINDRICAL_SURFACE ( 'NONE', #1376, 3.810000000000000941 ) ;
#174 = DIRECTION ( 'NONE',  ( 1.000000000000000000, 0.000000000000000000, 1.241749088029210621E-16 ) ) ;
#175 = DIRECTION ( 'NONE',  ( 0.000000000000000000, 0.000000000000000000, 1.000000000000000000 ) ) ;
#176 = AXIS2_PLACEMENT_3D ( 'NONE', #676, #1155, #21 ) ;
#177 = ORIENTED_EDGE ( 'NONE', *, *, #1366, .F. ) ;
#178 = CARTESIAN_POINT ( 'NONE',  ( 0.000000000000000000, -254.0000000000000000, 0.000000000000000000 ) ) ;
#179 = VECTOR ( 'NONE', #801, 1000.000000000000000 ) ;
#180 = LINE ( 'NONE', #900, #156 ) ;
#181 = DIRECTION ( 'NONE',  ( -1.241749088029210621E-16, 0.000000000000000000, 1.000000000000000000 ) ) ;
#182 = EDGE_LOOP ( 'NONE', ( #471, #970, #489, #815 ) ) ;
#183 = FACE_OUTER_BOUND ( 'NONE', #997, .T. ) ;
#184 = CARTESIAN_POINT ( 'NONE',  ( -32.21300898903629673, -252.9889957654417572, -59.68999999999997641 ) ) ;
#185 = ORIENTED_EDGE ( 'NONE', *, *, #1337, .T. ) ;
#186 = EDGE_CURVE ( 'NONE', #367, #1543, #54, .T. ) ;
#187 = DIRECTION ( 'NONE',  ( -1.000000000000000000, 0.000000000000000000, 0.000000000000000000 ) ) ;
#188 = EDGE_CURVE ( 'NONE', #1018, #1130, #1464, .T. ) ;
#189 = VERTEX_POINT ( 'NONE', #44 ) ;
#190 = DIRECTION ( 'NONE',  ( -0.000000000000000000, 0.000000000000000000, -1.000000000000000000 ) ) ;
#191 = CYLINDRICAL_SURFACE ( 'NONE', #176, 2.199999999999958877 ) ;
#192 = ORIENTED_EDGE ( 'NONE', *, *, #1129, .T. ) ;
#193 = CARTESIAN_POINT ( 'NONE',  ( -10.75715293483614943, -312.9280000000001678, -33.40173909092930415 ) ) ;
#194 = EDGE_CURVE ( 'NONE', #619, #838, #1474, .T. ) ;
#195 = DIRECTION ( 'NONE',  ( -1.000000000000000000, 0.000000000000000000, -1.241749088029210621E-16 ) ) ;
#196 = EDGE_LOOP ( 'NONE', ( #217, #1373 ) ) ;
#197 = FACE_BOUND ( 'NONE', #1062, .T. ) ;
#198 = DIRECTION ( 'NONE',  ( -1.000000000000000000, 0.000000000000000000, 0.000000000000000000 ) ) ;
#199 = ORIENTED_EDGE ( 'NONE', *, *, #1518, .T. ) ;
#200 = AXIS2_PLACEMENT_3D ( 'NONE', #1297, #808, #703 ) ;
#201 = CARTESIAN_POINT ( 'NONE',  ( -25.14471713899364502, -280.2926688157243689, -47.65836669891267263 ) ) ;
#202 = FACE_OUTER_BOUND ( 'NONE', #1412, .T. ) ;
#203 = VERTEX_POINT ( 'NONE', #262 ) ;
#204 = DIRECTION ( 'NONE',  ( 0.000000000000000000, 0.000000000000000000, -1.000000000000000000 ) ) ;
#205 = CARTESIAN_POINT ( 'NONE',  ( 8.171543583002316424, -246.3800000000000239, 54.60999999999998522 ) ) ;
#206 = CARTESIAN_POINT ( 'NONE',  ( -4.050396002144805330, -305.7883267415827504, -35.91232707288650516 ) ) ;
#207 = VERTEX_POINT ( 'NONE', #33 ) ;
#208 = CARTESIAN_POINT ( 'NONE',  ( -10.75774546229363615, -312.9280000000001110, -38.42380999072761227 ) ) ;
#209 = VECTOR ( 'NONE', #1041, 1000.000000000000000 ) ;
#210 = CARTESIAN_POINT ( 'NONE',  ( -4.050396002144847074, -305.7883267415828072, 23.58767292711352326 ) ) ;
#211 = ADVANCED_FACE ( 'NONE', ( #965 ), #1009, .T. ) ;
#212 = ORIENTED_EDGE ( 'NONE', *, *, #554, .T. ) ;
#213 =( LENGTH_UNIT ( ) NAMED_UNIT ( * ) SI_UNIT ( .MILLI., .METRE. ) );
#214 = CONICAL_SURFACE ( 'NONE', #313, 3.685000000000011156, 0.5235987755983021463 ) ;
#215 = LINE ( 'NONE', #1546, #709 ) ;
#216 = PRODUCT_RELATED_PRODUCT_CATEGORY ( 'part', '', ( #1118 ) ) ;
#217 = ORIENTED_EDGE ( 'NONE', *, *, #635, .T. ) ;
#218 = ORIENTED_EDGE ( 'NONE', *, *, #308, .F. ) ;
#219 = CARTESIAN_POINT ( 'NONE',  ( -10.50624315380558826, -312.9280000000000541, -37.96197730941246817 ) ) ;
#220 = CIRCLE ( 'NONE', #672, 5.080000000000000959 ) ;
#221 = CARTESIAN_POINT ( 'NONE',  ( -21.14471713899364502, -292.9926688157244143, -17.88661535296447624 ) ) ;
#222 = AXIS2_PLACEMENT_3D ( 'NONE', #628, #1245, #162 ) ;
#223 = ORIENTED_EDGE ( 'NONE', *, *, #1194, .F. ) ;
#224 = DIRECTION ( 'NONE',  ( -0.000000000000000000, -1.000000000000000000, -0.000000000000000000 ) ) ;
#225 = DIRECTION ( 'NONE',  ( 0.000000000000000000, 0.000000000000000000, 1.000000000000000000 ) ) ;
#226 = ORIENTED_EDGE ( 'NONE', *, *, #415, .F. ) ;
#227 = VERTEX_POINT ( 'NONE', #606 ) ;
#228 = CARTESIAN_POINT ( 'NONE',  ( -10.23258155429135918, -312.9280000000001110, -37.21932584741044536 ) ) ;
#229 = VECTOR ( 'NONE', #954, 1000.000000000000227 ) ;
#230 = CIRCLE ( 'NONE', #580, 7.726451884327426356 ) ;
#231 = LINE ( 'NONE', #1180, #500 ) ;
#232 = VERTEX_POINT ( 'NONE', #626 ) ;
#233 = CARTESIAN_POINT ( 'NONE',  ( 99.69360399785522020, -305.7883267415828072, 23.58767292711353747 ) ) ;
#234 = DIRECTION ( 'NONE',  ( -2.245174760611111597E-16, 0.000000000000000000, 1.000000000000000000 ) ) ;
#235 = VERTEX_POINT ( 'NONE', #364 ) ;
#236 = LINE ( 'NONE', #722, #740 ) ;
#237 = EDGE_CURVE ( 'NONE', #1308, #1473, #847, .T. ) ;
#238 = CARTESIAN_POINT ( 'NONE',  ( -4.050396002144814211, -305.7883267415828072, 23.58767292711352326 ) ) ;
#239 = CIRCLE ( 'NONE', #1397, 64.76999999999998181 ) ;
#240 = ORIENTED_EDGE ( 'NONE', *, *, #421, .F. ) ;
#241 = CARTESIAN_POINT ( 'NONE',  ( -10.67697504581426493, -307.5038407402221878, -43.23728456915196716 ) ) ;
#242 = EDGE_CURVE ( 'NONE', #677, #1005, #1328, .T. ) ;
#243 = CARTESIAN_POINT ( 'NONE',  ( -8.510396002144796412, -312.9280000000001110, -44.45000000000000284 ) ) ;
#244 = PLANE ( 'NONE',  #1301 ) ;
#245 = ORIENTED_EDGE ( 'NONE', *, *, #43, .F. ) ;
#246 = AXIS2_PLACEMENT_3D ( 'NONE', #210, #600, #1551 ) ;
#247 = DIRECTION ( 'NONE',  ( -0.000000000000000000, 1.000000000000000000, -0.000000000000000000 ) ) ;
#248 = VECTOR ( 'NONE', #748, 1000.000000000000000 ) ;
#249 = ORIENTED_EDGE ( 'NONE', *, *, #1341, .F. ) ;
#250 = FACE_BOUND ( 'NONE', #1279, .T. ) ;
#251 = DIRECTION ( 'NONE',  ( 0.000000000000000000, 0.000000000000000000, 1.000000000000000000 ) ) ;
#252 = EDGE_LOOP ( 'NONE', ( #689, #839 ) ) ;
#253 = VECTOR ( 'NONE', #1098, 1000.000000000000000 ) ;
#254 = DIRECTION ( 'NONE',  ( 0.000000000000000000, 0.000000000000000000, 1.000000000000000000 ) ) ;
#255 = AXIS2_PLACEMENT_3D ( 'NONE', #816, #80, #1523 ) ;
#256 = ORIENTED_EDGE ( 'NONE', *, *, #554, .F. ) ;
#257 = DIRECTION ( 'NONE',  ( 1.000000000000000000, 0.000000000000000000, 1.241749088029210621E-16 ) ) ;
#258 = CARTESIAN_POINT ( 'NONE',  ( 8.171543583002319977, -312.9280000000001110, -54.60999999999999233 ) ) ;
#259 = CARTESIAN_POINT ( 'NONE',  ( -25.14471713899364502, -254.0000000000000000, -59.68999999999999062 ) ) ;
#260 = ORIENTED_EDGE ( 'NONE', *, *, #640, .F. ) ;
#261 = CARTESIAN_POINT ( 'NONE',  ( -36.27845641699764911, -246.3800000000000239, 59.68999999999999062 ) ) ;
#262 = CARTESIAN_POINT ( 'NONE',  ( -4.050396002144814211, -305.7883267415828072, 21.38767292711358436 ) ) ;
#263 = DIRECTION ( 'NONE',  ( 0.000000000000000000, -1.000000000000000000, 0.000000000000000000 ) ) ;
#264 = EDGE_LOOP ( 'NONE', ( #226, #657, #623, #555 ) ) ;
#265 = DIRECTION ( 'NONE',  ( 0.000000000000000000, 0.000000000000000000, 1.000000000000000000 ) ) ;
#266 = EDGE_CURVE ( 'NONE', #1413, #1018, #757, .T. ) ;
#267 = DIRECTION ( 'NONE',  ( 1.000000000000000000, 0.000000000000000000, 1.241749088029210621E-16 ) ) ;
#268 = DIRECTION ( 'NONE',  ( 1.241749088029210621E-16, 0.000000000000000000, -1.000000000000000000 ) ) ;
#269 = ORIENTED_EDGE ( 'NONE', *, *, #733, .F. ) ;
#270 = CARTESIAN_POINT ( 'NONE',  ( -11.05039600214481688, -305.7883267415828072, 31.31412481144094784 ) ) ;
#271 = DIRECTION ( 'NONE',  ( -0.000000000000000000, 1.000000000000000000, -0.000000000000000000 ) ) ;
#272 = ORIENTED_EDGE ( 'NONE', *, *, #62, .F. ) ;
#273 = DIRECTION ( 'NONE',  ( 0.000000000000000000, 0.000000000000000000, 1.000000000000000000 ) ) ;
#274 = CARTESIAN_POINT ( 'NONE',  ( 3.091543583002316797, -246.3800000000000239, -49.53000000000000114 ) ) ;
#275 = ORIENTED_EDGE ( 'NONE', *, *, #1244, .F. ) ;
#276 = DIRECTION ( 'NONE',  ( 0.000000000000000000, 0.000000000000000000, 1.000000000000000000 ) ) ;
#277 = CARTESIAN_POINT ( 'NONE',  ( -26.25142675642499412, -254.0000000000000000, -59.68999999999996220 ) ) ;
#278 = AXIS2_PLACEMENT_3D ( 'NONE', #111, #1049, #1535 ) ;
#279 = EDGE_LOOP ( 'NONE', ( #218, #493, #941, #574 ) ) ;
#280 = ORIENTED_EDGE ( 'NONE', *, *, #640, .T. ) ;
#281 = CARTESIAN_POINT ( 'NONE',  ( -11.00837902688170544, -301.6283691089054173, -42.40878295220876737 ) ) ;
#282 = CARTESIAN_POINT ( 'NONE',  ( -4.050396002144814211, -305.7883267415828072, 23.58767292711352326 ) ) ;
#283 = EDGE_CURVE ( 'NONE', #806, #739, #24, .T. ) ;
#284 = CARTESIAN_POINT ( 'NONE',  ( -30.14471713899364502, -292.9926688157244143, -17.88661535296447624 ) ) ;
#285 = ORIENTED_EDGE ( 'NONE', *, *, #956, .F. ) ;
#286 = CARTESIAN_POINT ( 'NONE',  ( -11.05039600214480799, -312.9280000000001110, 41.91000000000000369 ) ) ;
#287 = EDGE_CURVE ( 'NONE', #834, #1360, #1228, .T. ) ;
#288 = VECTOR ( 'NONE', #1269, 1000.000000000000000 ) ;
#289 = CARTESIAN_POINT ( 'NONE',  ( -25.14471713899361305, -254.0000000000000000, -59.68999999999999062 ) ) ;
#290 = DIRECTION ( 'NONE',  ( -0.000000000000000000, 1.000000000000000000, -0.000000000000000000 ) ) ;
#291 = CIRCLE ( 'NONE', #905, 2.199999999999989964 ) ;
#292 = ORIENTED_EDGE ( 'NONE', *, *, #805, .F. ) ;
#293 = CARTESIAN_POINT ( 'NONE',  ( -13.59039600214481425, -305.7883267415828072, 23.58767292711352326 ) ) ;
#294 = CARTESIAN_POINT ( 'NONE',  ( -35.08641806345103475, -251.3472370584515829, -59.68999999999996220 ) ) ;
#295 = DIRECTION ( 'NONE',  ( 0.000000000000000000, 0.000000000000000000, 1.000000000000000000 ) ) ;
#296 = ADVANCED_FACE ( 'NONE', ( #1210 ), #634, .F. ) ;
#297 = AXIS2_PLACEMENT_3D ( 'NONE', #1077, #378, #234 ) ;
#298 = ORIENTED_EDGE ( 'NONE', *, *, #848, .T. ) ;
#299 = CARTESIAN_POINT ( 'NONE',  ( -10.75774546229361306, -312.9280000000001110, 21.07619000927225628 ) ) ;
#300 = CIRCLE ( 'NONE', #1390, 6.571751345948145584 ) ;
#301 = CYLINDRICAL_SURFACE ( 'NONE', #529, 5.080000000000000959 ) ;
#302 = EDGE_CURVE ( 'NONE', #127, #717, #514, .T. ) ;
#303 = ORIENTED_EDGE ( 'NONE', *, *, #743, .T. ) ;
#304 = EDGE_CURVE ( 'NONE', #890, #543, #495, .T. ) ;
#305 = FACE_OUTER_BOUND ( 'NONE', #1092, .T. ) ;
#306 = ORIENTED_EDGE ( 'NONE', *, *, #81, .T. ) ;
#307 = CARTESIAN_POINT ( 'NONE',  ( 0.000000000000000000, -312.9280000000001110, 50.79999999999999716 ) ) ;
#308 = EDGE_CURVE ( 'NONE', #362, #1360, #236, .T. ) ;
#309 = CARTESIAN_POINT ( 'NONE',  ( -4.050396002144804442, -305.7883267415827504, -39.59732707288650744 ) ) ;
#310 = AXIS2_PLACEMENT_3D ( 'NONE', #450, #1520, #819 ) ;
#311 = CARTESIAN_POINT ( 'NONE',  ( -10.50332197529811395, -312.9280000000001110, -33.86796926196827684 ) ) ;
#312 = CARTESIAN_POINT ( 'NONE',  ( -36.27845641699767043, -246.3800000000000239, -59.68999999999997641 ) ) ;
#313 = AXIS2_PLACEMENT_3D ( 'NONE', #950, #1191, #465 ) ;
#314 = VERTEX_POINT ( 'NONE', #119 ) ;
#315 = CARTESIAN_POINT ( 'NONE',  ( -25.14471713899364502, -312.9280000000001110, -59.68999999999999062 ) ) ;
#316 = AXIS2_PLACEMENT_3D ( 'NONE', #642, #142, #268 ) ;
#317 = CARTESIAN_POINT ( 'NONE',  ( -11.05039600214481332, -305.7883267415828072, 15.86122104278609513 ) ) ;
#318 = CARTESIAN_POINT ( 'NONE',  ( 8.171543583002316424, -312.9280000000001110, 49.53000000000000114 ) ) ;
#319 = FACE_OUTER_BOUND ( 'NONE', #23, .T. ) ;
#320 = ORIENTED_EDGE ( 'NONE', *, *, #1524, .F. ) ;
#321 = DIRECTION ( 'NONE',  ( -0.000000000000000000, 1.000000000000000000, 0.000000000000000000 ) ) ;
#322 = AXIS2_PLACEMENT_3D ( 'NONE', #528, #1509, #1483 ) ;
#323 = CARTESIAN_POINT ( 'NONE',  ( -30.14471713899364502, -292.9926688157244143, -15.68661535296448584 ) ) ;
#324 = ORIENTED_EDGE ( 'NONE', *, *, #406, .F. ) ;
#325 = ORIENTED_EDGE ( 'NONE', *, *, #1545, .F. ) ;
#326 = CIRCLE ( 'NONE', #1216, 5.080000000000000959 ) ;
#327 = CARTESIAN_POINT ( 'NONE',  ( 0.000000000000000000, -246.3800000000000239, 50.79999999999999716 ) ) ;
#328 = CARTESIAN_POINT ( 'NONE',  ( -10.84157192972795336, -308.7604624892234710, -42.92656972439502283 ) ) ;
#329 = ADVANCED_FACE ( 'NONE', ( #1455 ), #372, .F. ) ;
#330 = DIRECTION ( 'NONE',  ( -0.000000000000000000, -0.000000000000000000, -1.000000000000000000 ) ) ;
#331 = EDGE_CURVE ( 'NONE', #585, #878, #180, .T. ) ;
#332 = VERTEX_POINT ( 'NONE', #1271 ) ;
#333 = SURFACE_SIDE_STYLE ('',( #1160 ) ) ;
#334 = CARTESIAN_POINT ( 'NONE',  ( 8.171543583002319977, -246.3800000000000239, -54.60999999999998522 ) ) ;
#335 = CARTESIAN_POINT ( 'NONE',  ( 4.665904304751414509E-16, -435.6100000000001273, 46.98999999999999488 ) ) ;
#336 = ORIENTED_EDGE ( 'NONE', *, *, #1109, .F. ) ;
#337 = CARTESIAN_POINT ( 'NONE',  ( -11.05039600214480799, -312.9280000000001110, 41.91000000000000369 ) ) ;
#338 = CIRCLE ( 'NONE', #751, 3.810000000000000941 ) ;
#339 = CARTESIAN_POINT ( 'NONE',  ( -30.14471713899365213, -280.2926688157243689, -37.40161535296447681 ) ) ;
#340 = ORIENTED_EDGE ( 'NONE', *, *, #879, .T. ) ;
#341 = CARTESIAN_POINT ( 'NONE',  ( -13.59039600214480714, -305.7883267415827504, -38.11232707288646537 ) ) ;
#342 = AXIS2_PLACEMENT_3D ( 'NONE', #535, #432, #170 ) ;
#343 = PLANE ( 'NONE',  #1442 ) ;
#344 = DIRECTION ( 'NONE',  ( -0.000000000000000000, 1.000000000000000000, -0.000000000000000000 ) ) ;
#345 = ORIENTED_EDGE ( 'NONE', *, *, #541, .F. ) ;
#346 = PLANE ( 'NONE',  #428 ) ;
#347 = CARTESIAN_POINT ( 'NONE',  ( -10.90379462548542833, -309.1634286223537060, -42.78194308674616764 ) ) ;
#348 = DIRECTION ( 'NONE',  ( -1.000000000000000000, 0.000000000000000000, 0.000000000000000000 ) ) ;
#349 = ORIENTED_EDGE ( 'NONE', *, *, #283, .T. ) ;
#350 = DIRECTION ( 'NONE',  ( 0.000000000000000000, 0.000000000000000000, 1.000000000000000000 ) ) ;
#351 = EDGE_CURVE ( 'NONE', #543, #1345, #1242, .T. ) ;
#352 = CARTESIAN_POINT ( 'NONE',  ( -33.72352481499138577, -252.3104367704681579, 59.68999999999999773 ) ) ;
#353 = ORIENTED_EDGE ( 'NONE', *, *, #956, .T. ) ;
#354 = ORIENTED_EDGE ( 'NONE', *, *, #1007, .T. ) ;
#355 = DIRECTION ( 'NONE',  ( -1.000000000000000000, -0.000000000000000000, -0.000000000000000000 ) ) ;
#356 = AXIS2_PLACEMENT_3D ( 'NONE', #486, #355, #1116 ) ;
#357 = DIRECTION ( 'NONE',  ( -0.000000000000000000, 1.000000000000000000, -0.000000000000000000 ) ) ;
#358 = EDGE_CURVE ( 'NONE', #890, #1089, #1020, .T. ) ;
#359 = ORIENTED_EDGE ( 'NONE', *, *, #188, .T. ) ;
#360 = DIRECTION ( 'NONE',  ( -1.000000000000000000, 0.000000000000000000, -1.241749088029210621E-16 ) ) ;
#361 = LINE ( 'NONE', #737, #425 ) ;
#362 = VERTEX_POINT ( 'NONE', #540 ) ;
#363 = EDGE_CURVE ( 'NONE', #828, #649, #1467, .T. ) ;
#364 = CARTESIAN_POINT ( 'NONE',  ( -21.14471713899364502, -292.9926688157244143, -17.88661535296447624 ) ) ;
#365 = CYLINDRICAL_SURFACE ( 'NONE', #1383, 3.810000000000000941 ) ;
#366 = AXIS2_PLACEMENT_3D ( 'NONE', #1553, #139, #4 ) ;
#367 = VERTEX_POINT ( 'NONE', #420 ) ;
#368 = CARTESIAN_POINT ( 'NONE',  ( -36.27845641699767754, -248.9200000000000159, 59.68999999999999062 ) ) ;
#369 = CARTESIAN_POINT ( 'NONE',  ( -21.14471713899364502, -280.2926688157243689, -41.08661535296448619 ) ) ;
#370 = EDGE_LOOP ( 'NONE', ( #272, #440 ) ) ;
#371 = CARTESIAN_POINT ( 'NONE',  ( -36.27845641699767043, -248.9200000000000159, -59.68999999999997641 ) ) ;
#372 = PLANE ( 'NONE',  #576 ) ;
#373 = AXIS2_PLACEMENT_3D ( 'NONE', #711, #1422, #1187 ) ;
#374 = AXIS2_PLACEMENT_3D ( 'NONE', #137, #254, #397 ) ;
#375 = ORIENTED_EDGE ( 'NONE', *, *, #1305, .F. ) ;
#376 = APPLICATION_CONTEXT ( 'automotive_design' ) ;
#377 = CARTESIAN_POINT ( 'NONE',  ( -11.05039600214480622, -305.7883267415827504, -35.91232707288650516 ) ) ;
#378 = DIRECTION ( 'NONE',  ( -1.000000000000000000, -0.000000000000000000, -1.241749088029210621E-16 ) ) ;
#379 = CARTESIAN_POINT ( 'NONE',  ( -11.05039600214481688, -246.3800000000000239, 41.90999999999999659 ) ) ;
#380 = ORIENTED_EDGE ( 'NONE', *, *, #475, .F. ) ;
#381 = CARTESIAN_POINT ( 'NONE',  ( 0.000000000000000000, -246.3800000000000239, 0.000000000000000000 ) ) ;
#382 = VECTOR ( 'NONE', #621, 1000.000000000000000 ) ;
#383 = CARTESIAN_POINT ( 'NONE',  ( -11.05039600214480622, -305.7883267415827504, -35.91232707288650516 ) ) ;
#384 = EDGE_CURVE ( 'NONE', #509, #55, #1369, .T. ) ;
#385 = EDGE_LOOP ( 'NONE', ( #964, #375, #240, #482 ) ) ;
#386 = ADVANCED_FACE ( 'NONE', ( #1262 ), #301, .T. ) ;
#387 = LINE ( 'NONE', #501, #1181 ) ;
#388 = FACE_OUTER_BOUND ( 'NONE', #846, .T. ) ;
#389 = ORIENTED_EDGE ( 'NONE', *, *, #939, .T. ) ;
#390 = VERTEX_POINT ( 'NONE', #906 ) ;
#391 = DIRECTION ( 'NONE',  ( 3.414809992080337405E-16, -0.000000000000000000, 1.000000000000000000 ) ) ;
#392 = LINE ( 'NONE', #379, #700 ) ;
#393 = ORIENTED_EDGE ( 'NONE', *, *, #1283, .F. ) ;
#394 = DIRECTION ( 'NONE',  ( 0.000000000000000000, 0.000000000000000000, 1.000000000000000000 ) ) ;
#395 = CARTESIAN_POINT ( 'NONE',  ( -30.14471713899364502, -292.9926688157244143, -15.68661535296448584 ) ) ;
#396 = AXIS2_PLACEMENT_3D ( 'NONE', #424, #1258, #74 ) ;
#397 = DIRECTION ( 'NONE',  ( 1.000000000000000000, 0.000000000000000000, 0.000000000000000000 ) ) ;
#398 = EDGE_LOOP ( 'NONE', ( #1443, #578, #1209, #320 ) ) ;
#399 = DIRECTION ( 'NONE',  ( 0.000000000000000000, 0.000000000000000000, 1.000000000000000000 ) ) ;
#400 = ORIENTED_EDGE ( 'NONE', *, *, #805, .T. ) ;
#401 = CARTESIAN_POINT ( 'NONE',  ( -10.81337543375133059, -303.0225614738872650, -42.98326834517744288 ) ) ;
#402 = EDGE_CURVE ( 'NONE', #227, #1295, #451, .T. ) ;
#403 = DIRECTION ( 'NONE',  ( -1.241749088029210621E-16, 0.000000000000000000, 1.000000000000000000 ) ) ;
#404 = CIRCLE ( 'NONE', #130, 3.685000000000011156 ) ;
#405 = EDGE_LOOP ( 'NONE', ( #1327, #1286, #1050, #66, #467, #784 ) ) ;
#406 = EDGE_CURVE ( 'NONE', #1552, #1345, #1363, .T. ) ;
#407 = ORIENTED_EDGE ( 'NONE', *, *, #475, .T. ) ;
#408 = DIRECTION ( 'NONE',  ( 0.000000000000000000, 0.000000000000000000, -1.000000000000000000 ) ) ;
#409 = PLANE ( 'NONE',  #1086 ) ;
#410 = FACE_OUTER_BOUND ( 'NONE', #385, .T. ) ;
#411 = ORIENTED_EDGE ( 'NONE', *, *, #1052, .T. ) ;
#412 = LINE ( 'NONE', #1368, #1073 ) ;
#413 = AXIS2_PLACEMENT_3D ( 'NONE', #490, #477, #952 ) ;
#414 = DIRECTION ( 'NONE',  ( -1.000000000000000000, 0.000000000000000000, 0.000000000000000000 ) ) ;
#415 = EDGE_CURVE ( 'NONE', #55, #232, #665, .T. ) ;
#416 = DIRECTION ( 'NONE',  ( -1.000000000000000000, 0.000000000000000000, 0.000000000000000000 ) ) ;
#417 = PRODUCT_DEFINITION ( 'UNKNOWN', '', #980, #18 ) ;
#418 = ORIENTED_EDGE ( 'NONE', *, *, #105, .T. ) ;
#419 = CARTESIAN_POINT ( 'NONE',  ( -10.50332197529806599, -312.9280000000001110, 25.63203073803187237 ) ) ;
#420 = CARTESIAN_POINT ( 'NONE',  ( -21.14471713899364502, -280.2926688157243689, -43.28661535296446061 ) ) ;
#421 = EDGE_CURVE ( 'NONE', #1130, #856, #599, .T. ) ;
#422 = CIRCLE ( 'NONE', #1331, 5.080000000000000959 ) ;
#423 = EDGE_CURVE ( 'NONE', #28, #1231, #646, .T. ) ;
#424 = CARTESIAN_POINT ( 'NONE',  ( -8.510396002144819505, -254.0000000000000000, 41.90999999999999659 ) ) ;
#425 = VECTOR ( 'NONE', #12, 1000.000000000000114 ) ;
#426 = ORIENTED_EDGE ( 'NONE', *, *, #149, .T. ) ;
#427 = LINE ( 'NONE', #459, #1525 ) ;
#428 = AXIS2_PLACEMENT_3D ( 'NONE', #929, #1030, #1179 ) ;
#429 = DIRECTION ( 'NONE',  ( 0.000000000000000000, 0.000000000000000000, 1.000000000000000000 ) ) ;
#430 = ORIENTED_EDGE ( 'NONE', *, *, #1201, .T. ) ;
#431 = DIRECTION ( 'NONE',  ( -1.000000000000000000, -0.000000000000000000, -1.241749088029210621E-16 ) ) ;
#432 = DIRECTION ( 'NONE',  ( 0.000000000000000000, -1.000000000000000000, 0.000000000000000000 ) ) ;
#433 = VERTEX_POINT ( 'NONE', #1002 ) ;
#434 = DIRECTION ( 'NONE',  ( -1.000000000000000000, -0.000000000000000000, -0.000000000000000000 ) ) ;
#435 = LINE ( 'NONE', #1306, #1416 ) ;
#436 = AXIS2_PLACEMENT_3D ( 'NONE', #1350, #1103, #265 ) ;
#437 = CYLINDRICAL_SURFACE ( 'NONE', #455, 5.080000000000008065 ) ;
#438 = CARTESIAN_POINT ( 'NONE',  ( 3.091543583002315465, -254.0000000000000000, -59.68999999999999062 ) ) ;
#439 = AXIS2_PLACEMENT_3D ( 'NONE', #1272, #187, #1510 ) ;
#440 = ORIENTED_EDGE ( 'NONE', *, *, #1503, .F. ) ;
#441 = FACE_BOUND ( 'NONE', #252, .T. ) ;
#442 = CARTESIAN_POINT ( 'NONE',  ( -13.59039600214481425, -305.7883267415828072, 23.58767292711352326 ) ) ;
#443 = EDGE_LOOP ( 'NONE', ( #336, #683, #19, #1148, #1120, #101, #1419, #1247, #212, #1084, #418, #698, #984, #1040 ) ) ;
#444 = ADVANCED_FACE ( 'NONE', ( #1497 ), #894, .F. ) ;
#445 = CARTESIAN_POINT ( 'NONE',  ( -11.05039600214481510, -312.9280000000001110, 20.63417932057435777 ) ) ;
#446 = CIRCLE ( 'NONE', #222, 2.199999999999958877 ) ;
#447 = CARTESIAN_POINT ( 'NONE',  ( 3.091543583002316797, -254.0000000000000000, -49.53000000000000114 ) ) ;
#448 = ADVANCED_FACE ( 'NONE', ( #57 ), #409, .T. ) ;
#449 = ORIENTED_EDGE ( 'NONE', *, *, #781, .F. ) ;
#450 = CARTESIAN_POINT ( 'NONE',  ( -30.14471713899365213, -280.2926688157243689, -41.08661535296448619 ) ) ;
#451 = CIRCLE ( 'NONE', #78, 3.685000000000018261 ) ;
#452 = CARTESIAN_POINT ( 'NONE',  ( 3.091543583002316797, -254.0000000000000000, 49.53000000000000114 ) ) ;
#453 = DIRECTION ( 'NONE',  ( 1.000000000000000000, 0.000000000000000000, 1.241749088029210621E-16 ) ) ;
#454 = ORIENTED_EDGE ( 'NONE', *, *, #953, .T. ) ;
#455 = AXIS2_PLACEMENT_3D ( 'NONE', #1282, #715, #922 ) ;
#456 = LINE ( 'NONE', #678, #840 ) ;
#457 = CARTESIAN_POINT ( 'NONE',  ( 3.091543583002316797, -246.3800000000000239, 44.45000000000000284 ) ) ;
#458 = EDGE_LOOP ( 'NONE', ( #787, #1260 ) ) ;
#459 = CARTESIAN_POINT ( 'NONE',  ( -36.27845641699767043, -246.3800000000000239, -59.68999999999997641 ) ) ;
#460 = DIRECTION ( 'NONE',  ( -0.000000000000000000, 1.000000000000000000, 0.000000000000000000 ) ) ;
#461 = CARTESIAN_POINT ( 'NONE',  ( 0.000000000000000000, -246.3800000000000239, 50.79999999999999716 ) ) ;
#462 = ORIENTED_EDGE ( 'NONE', *, *, #1052, .F. ) ;
#463 = FACE_OUTER_BOUND ( 'NONE', #405, .T. ) ;
#464 = AXIS2_PLACEMENT_3D ( 'NONE', #61, #1361, #408 ) ;
#465 = DIRECTION ( 'NONE',  ( 0.000000000000000000, 0.000000000000000000, -1.000000000000000000 ) ) ;
#466 = ADVANCED_FACE ( 'NONE', ( #1513 ), #1287, .T. ) ;
#467 = ORIENTED_EDGE ( 'NONE', *, *, #1081, .F. ) ;
#468 = DIRECTION ( 'NONE',  ( -1.000000000000000000, -0.000000000000000000, -1.241749088029210621E-16 ) ) ;
#469 = EDGE_CURVE ( 'NONE', #981, #1106, #435, .T. ) ;
#470 = CARTESIAN_POINT ( 'NONE',  ( -36.23378619962875291, -249.4754329771440382, 59.68999999999999062 ) ) ;
#471 = ORIENTED_EDGE ( 'NONE', *, *, #664, .F. ) ;
#472 = AXIS2_PLACEMENT_3D ( 'NONE', #1239, #872, #1335 ) ;
#473 = ADVANCED_FACE ( 'NONE', ( #1042 ), #343, .F. ) ;
#474 = CARTESIAN_POINT ( 'NONE',  ( 8.171543583002316424, -246.3800000000000239, 54.60999999999998522 ) ) ;
#475 = EDGE_CURVE ( 'NONE', #1219, #1393, #59, .T. ) ;
#476 = ORIENTED_EDGE ( 'NONE', *, *, #1366, .T. ) ;
#477 = DIRECTION ( 'NONE',  ( -0.000000000000000000, 1.000000000000000000, -0.000000000000000000 ) ) ;
#478 = CARTESIAN_POINT ( 'NONE',  ( -4.050396002144805330, -305.7883267415827504, -38.11232707288646537 ) ) ;
#479 = VERTEX_POINT ( 'NONE', #1281 ) ;
#480 = VECTOR ( 'NONE', #1387, 1000.000000000000000 ) ;
#481 = CARTESIAN_POINT ( 'NONE',  ( 0.000000000000000000, -312.9280000000001110, 54.61000000000000654 ) ) ;
#482 = ORIENTED_EDGE ( 'NONE', *, *, #916, .F. ) ;
#483 = FACE_BOUND ( 'NONE', #595, .T. ) ;
#484 = DIRECTION ( 'NONE',  ( -0.000000000000000000, 1.000000000000000000, -0.000000000000000000 ) ) ;
#485 = ORIENTED_EDGE ( 'NONE', *, *, #1456, .T. ) ;
#486 = CARTESIAN_POINT ( 'NONE',  ( -21.14471713899364502, -292.9926688157244143, -15.68661535296448584 ) ) ;
#487 = DIRECTION ( 'NONE',  ( 0.000000000000000000, 0.000000000000000000, 1.000000000000000000 ) ) ;
#488 = CIRCLE ( 'NONE', #464, 6.571751345948187328 ) ;
#489 = ORIENTED_EDGE ( 'NONE', *, *, #736, .T. ) ;
#490 = CARTESIAN_POINT ( 'NONE',  ( -8.510396002144796412, -312.9280000000001110, -41.91000000000000369 ) ) ;
#491 = CARTESIAN_POINT ( 'NONE',  ( -35.46579074916860463, -250.9519945904493170, 59.68999999999998352 ) ) ;
#492 = FACE_OUTER_BOUND ( 'NONE', #898, .T. ) ;
#493 = ORIENTED_EDGE ( 'NONE', *, *, #536, .F. ) ;
#494 = AXIS2_PLACEMENT_3D ( 'NONE', #1441, #357, #1425 ) ;
#495 = LINE ( 'NONE', #731, #1031 ) ;
#496 = ADVANCED_FACE ( 'NONE', ( #1530, #1521 ), #710, .T. ) ;
#497 = EDGE_CURVE ( 'NONE', #55, #509, #404, .T. ) ;
#498 = FACE_OUTER_BOUND ( 'NONE', #960, .T. ) ;
#499 = ORIENTED_EDGE ( 'NONE', *, *, #990, .T. ) ;
#500 = VECTOR ( 'NONE', #330, 1000.000000000000000 ) ;
#501 = CARTESIAN_POINT ( 'NONE',  ( -4.050396002144825758, -305.7883267415827504, -39.59732707288650744 ) ) ;
#502 = CARTESIAN_POINT ( 'NONE',  ( 3.091543583002315465, -246.3800000000000239, -54.60999999999998522 ) ) ;
#503 = ORIENTED_EDGE ( 'NONE', *, *, #979, .T. ) ;
#504 = DIRECTION ( 'NONE',  ( 0.000000000000000000, 0.000000000000000000, -1.000000000000000000 ) ) ;
#505 = CARTESIAN_POINT ( 'NONE',  ( -30.14471713899361660, -292.9926688157244143, -15.68661535296448584 ) ) ;
#506 = AXIS2_PLACEMENT_3D ( 'NONE', #884, #167, #778 ) ;
#507 = DIRECTION ( 'NONE',  ( 0.8660254037844352659, 0.000000000000000000, -0.5000000000000056621 ) ) ;
#508 = AXIS2_PLACEMENT_3D ( 'NONE', #106, #1037, #546 ) ;
#509 = VERTEX_POINT ( 'NONE', #813 ) ;
#510 = CARTESIAN_POINT ( 'NONE',  ( 0.000000000000000000, -435.6100000000001273, -50.79999999999999716 ) ) ;
#511 = FACE_OUTER_BOUND ( 'NONE', #1536, .T. ) ;
#512 = ORIENTED_EDGE ( 'NONE', *, *, #1518, .F. ) ;
#513 = CARTESIAN_POINT ( 'NONE',  ( -10.06030469253109061, -312.9280000000001678, 23.05597649084822010 ) ) ;
#514 = LINE ( 'NONE', #996, #1284 ) ;
#515 =( NAMED_UNIT ( * ) SI_UNIT ( $, .STERADIAN. ) SOLID_ANGLE_UNIT ( ) );
#516 = EDGE_CURVE ( 'NONE', #1345, #1288, #1177, .T. ) ;
#517 = VERTEX_POINT ( 'NONE', #317 ) ;
#518 = CIRCLE ( 'NONE', #539, 2.199999999999938005 ) ;
#519 = FACE_BOUND ( 'NONE', #1486, .T. ) ;
#520 = VERTEX_POINT ( 'NONE', #77 ) ;
#521 = CARTESIAN_POINT ( 'NONE',  ( -10.90149146401724067, -302.4137928539054769, -42.77057507582797768 ) ) ;
#522 = DIRECTION ( 'NONE',  ( -1.000000000000000000, 0.000000000000000000, 6.829619984160667907E-16 ) ) ;
#523 = CIRCLE ( 'NONE', #494, 2.540000000000000480 ) ;
#524 = AXIS2_PLACEMENT_3D ( 'NONE', #22, #603, #1088 ) ;
#525 = ORIENTED_EDGE ( 'NONE', *, *, #36, .T. ) ;
#526 = ORIENTED_EDGE ( 'NONE', *, *, #171, .T. ) ;
#527 = PLANE ( 'NONE',  #650 ) ;
#528 = CARTESIAN_POINT ( 'NONE',  ( -25.14471713899364502, -280.2926688157243689, -41.08661535296448619 ) ) ;
#529 = AXIS2_PLACEMENT_3D ( 'NONE', #786, #888, #1370 ) ;
#530 = AXIS2_PLACEMENT_3D ( 'NONE', #510, #1478, #273 ) ;
#531 = CARTESIAN_POINT ( 'NONE',  ( 0.000000000000000000, -246.3800000000000239, -50.79999999999999716 ) ) ;
#532 = VERTEX_POINT ( 'NONE', #567 ) ;
#533 = CARTESIAN_POINT ( 'NONE',  ( -10.05954085982034130, -312.9280000000001110, 24.11336749465800366 ) ) ;
#534 = CARTESIAN_POINT ( 'NONE',  ( -36.27845641699767043, -248.9200000000000159, -59.68999999999997641 ) ) ;
#535 = CARTESIAN_POINT ( 'NONE',  ( 0.000000000000000000, -312.9280000000001110, -50.79999999999999716 ) ) ;
#536 = EDGE_CURVE ( 'NONE', #520, #362, #1411, .T. ) ;
#537 = ORIENTED_EDGE ( 'NONE', *, *, #34, .F. ) ;
#538 = CARTESIAN_POINT ( 'NONE',  ( 8.171543583002316424, -254.0000000000000000, 54.60999999999998522 ) ) ;
#539 = AXIS2_PLACEMENT_3D ( 'NONE', #293, #1149, #899 ) ;
#540 = CARTESIAN_POINT ( 'NONE',  ( -8.510396002144808847, -246.3800000000000239, -44.44999999999999574 ) ) ;
#541 = EDGE_CURVE ( 'NONE', #203, #143, #768, .T. ) ;
#542 = DIRECTION ( 'NONE',  ( 0.000000000000000000, 0.000000000000000000, 1.000000000000000000 ) ) ;
#543 = VERTEX_POINT ( 'NONE', #86 ) ;
#544 = CARTESIAN_POINT ( 'NONE',  ( 0.000000000000000000, -312.9280000000001110, -50.79999999999999716 ) ) ;
#545 = CARTESIAN_POINT ( 'NONE',  ( -36.27845641699767754, -246.3800000000000239, 59.68999999999999062 ) ) ;
#546 = DIRECTION ( 'NONE',  ( -2.245174760611107653E-16, 0.000000000000000000, 1.000000000000000000 ) ) ;
#547 = CARTESIAN_POINT ( 'NONE',  ( -21.14471713899364502, -280.2926688157243689, -43.28661535296446061 ) ) ;
#548 = VECTOR ( 'NONE', #522, 1000.000000000000000 ) ;
#549 = ORIENTED_EDGE ( 'NONE', *, *, #743, .F. ) ;
#550 = FACE_BOUND ( 'NONE', #370, .T. ) ;
#551 = DIRECTION ( 'NONE',  ( -0.000000000000000000, 1.000000000000000000, -0.000000000000000000 ) ) ;
#552 = DIRECTION ( 'NONE',  ( -0.000000000000000000, 1.000000000000000000, -0.000000000000000000 ) ) ;
#553 = CARTESIAN_POINT ( 'NONE',  ( 4.665904304751412537E-16, -246.3800000000000239, 46.98999999999999488 ) ) ;
#554 = EDGE_CURVE ( 'NONE', #207, #362, #129, .T. ) ;
#555 = ORIENTED_EDGE ( 'NONE', *, *, #879, .F. ) ;
#556 = LINE ( 'NONE', #1512, #1039 ) ;
#557 = DIRECTION ( 'NONE',  ( 1.000000000000000000, 0.000000000000000000, 1.241749088029210621E-16 ) ) ;
#558 = VERTEX_POINT ( 'NONE', #334 ) ;
#559 = CIRCLE ( 'NONE', #1451, 7.726451884327412145 ) ;
#560 = CARTESIAN_POINT ( 'NONE',  ( -10.15739668127398865, -312.9280000000000541, -34.86927861514326565 ) ) ;
#561 = EDGE_CURVE ( 'NONE', #1543, #1317, #1036, .T. ) ;
#562 = CARTESIAN_POINT ( 'NONE',  ( -25.14471713899364502, -312.9280000000001110, 59.68999999999996930 ) ) ;
#563 = CIRCLE ( 'NONE', #342, 3.810000000000000941 ) ;
#564 = ORIENTED_EDGE ( 'NONE', *, *, #1134, .F. ) ;
#565 = DIRECTION ( 'NONE',  ( 0.000000000000000000, -1.000000000000000000, 0.000000000000000000 ) ) ;
#566 = CIRCLE ( 'NONE', #1257, 3.685000000000000941 ) ;
#567 = CARTESIAN_POINT ( 'NONE',  ( 4.665904304751414509E-16, -312.9280000000001110, -54.60999999999999943 ) ) ;
#568 = ORIENTED_EDGE ( 'NONE', *, *, #1456, .F. ) ;
#569 = EDGE_LOOP ( 'NONE', ( #1349, #32, #1168, #760 ) ) ;
#570 = DIRECTION ( 'NONE',  ( 0.000000000000000000, 0.000000000000000000, 1.000000000000000000 ) ) ;
#571 = AXIS2_PLACEMENT_3D ( 'NONE', #447, #930, #1293 ) ;
#572 = CYLINDRICAL_SURFACE ( 'NONE', #100, 2.199999999999989964 ) ;
#573 = B_SPLINE_CURVE_WITH_KNOTS ( 'NONE', 3,
 ( #368, #1324, #470, #854, #1343, #1068, #491, #1463, #612, #747, #1439, #352, #982, #1334, #1104, #602, #1351, #1471, #719, #837 ),
 .UNSPECIFIED., .F., .F.,
 ( 4, 2, 2, 2, 2, 2, 2, 2, 2, 4 ),
 ( 0.000000000000000000, 0.0008320714311635118857, 0.001664142862327023771, 0.002496214293490535766, 0.003328285724654047543, 0.004160357155817559320, 0.004992428586981071531, 0.006656571449308148862, 0.009984857173962261023, 0.01331314289861637405 ),
 .UNSPECIFIED. ) ;
#574 = ORIENTED_EDGE ( 'NONE', *, *, #287, .T. ) ;
#575 = DIRECTION ( 'NONE',  ( 0.000000000000000000, 0.000000000000000000, 1.000000000000000000 ) ) ;
#576 = AXIS2_PLACEMENT_3D ( 'NONE', #859, #978, #741 ) ;
#577 = DIRECTION ( 'NONE',  ( 0.000000000000000000, 0.000000000000000000, -1.000000000000000000 ) ) ;
#578 = ORIENTED_EDGE ( 'NONE', *, *, #1403, .T. ) ;
#579 = VERTEX_POINT ( 'NONE', #309 ) ;
#580 = AXIS2_PLACEMENT_3D ( 'NONE', #762, #1531, #1156 ) ;
#581 = CARTESIAN_POINT ( 'NONE',  ( -10.03442636002328037, -312.9280000000001110, -36.18247039984230184 ) ) ;
#582 = ADVANCED_FACE ( 'NONE', ( #798 ), #1275, .T. ) ;
#583 = EDGE_CURVE ( 'NONE', #870, #558, #215, .T. ) ;
#584 = CARTESIAN_POINT ( 'NONE',  ( -30.14471713899364502, -292.9926688157244143, -15.68661535296448584 ) ) ;
#585 = VERTEX_POINT ( 'NONE', #942 ) ;
#586 = DIRECTION ( 'NONE',  ( -0.000000000000000000, 1.000000000000000000, -0.000000000000000000 ) ) ;
#587 = ADVANCED_FACE ( 'NONE', ( #1431 ), #191, .F. ) ;
#588 = CARTESIAN_POINT ( 'NONE',  ( -4.050396002144847074, -305.7883267415828072, 19.90267292711350322 ) ) ;
#589 = ORIENTED_EDGE ( 'NONE', *, *, #1371, .F. ) ;
#590 = EDGE_CURVE ( 'NONE', #227, #517, #29, .T. ) ;
#591 = DIRECTION ( 'NONE',  ( 0.000000000000000000, -1.000000000000000000, 0.000000000000000000 ) ) ;
#592 = TOROIDAL_SURFACE ( 'NONE', #969, 64.76999999999998181, 5.080000000000000071 ) ;
#593 = VERTEX_POINT ( 'NONE', #140 ) ;
#594 = LINE ( 'NONE', #243, #1115 ) ;
#595 = EDGE_LOOP ( 'NONE', ( #148, #749 ) ) ;
#596 = ORIENTED_EDGE ( 'NONE', *, *, #1221, .F. ) ;
#597 = CIRCLE ( 'NONE', #1003, 3.685000000000007603 ) ;
#598 = CARTESIAN_POINT ( 'NONE',  ( -8.510396002144819505, -246.3800000000000239, 44.44999999999999574 ) ) ;
#599 = B_SPLINE_CURVE_WITH_KNOTS ( 'NONE', 3,
 ( #289, #277, #794, #71, #1138, #64, #1375, #184, #1256, #68, #773, #766, #294, #670, #1150, #1250, #1243, #161, #653, #534 ),
 .UNSPECIFIED., .F., .F.,
 ( 4, 2, 2, 2, 2, 2, 2, 2, 2, 4 ),
 ( 3.469446951953614189E-18, 0.003296786690294993809, 0.004945180035442489630, 0.006593573380589984149, 0.008241966725737478669, 0.009890360070884975791, 0.01071455674345872175, 0.01153875341603247118, 0.01236295008860621714, 0.01318714676118004463 ),
 .UNSPECIFIED. ) ;
#600 = DIRECTION ( 'NONE',  ( -1.000000000000000000, 0.000000000000000000, 0.000000000000000000 ) ) ;
#601 = ORIENTED_EDGE ( 'NONE', *, *, #583, .F. ) ;
#602 = CARTESIAN_POINT ( 'NONE',  ( -30.62324265084163244, -253.4830308067688804, 59.68999999999999773 ) ) ;
#603 = DIRECTION ( 'NONE',  ( -5.980805065379273823E-16, 0.000000000000000000, 1.000000000000000000 ) ) ;
#604 = ORIENTED_EDGE ( 'NONE', *, *, #497, .T. ) ;
#605 = CARTESIAN_POINT ( 'NONE',  ( 8.171543583002316424, -246.3800000000000239, -49.53000000000000114 ) ) ;
#606 = CARTESIAN_POINT ( 'NONE',  ( -4.050396002144813323, -305.7883267415828072, 19.90267292711350322 ) ) ;
#607 = AXIS2_PLACEMENT_3D ( 'NONE', #921, #93, #1402 ) ;
#608 = DIRECTION ( 'NONE',  ( -1.000000000000000000, -0.000000000000000000, -0.000000000000000000 ) ) ;
#609 = ORIENTED_EDGE ( 'NONE', *, *, #1337, .F. ) ;
#610 = CARTESIAN_POINT ( 'NONE',  ( -30.14471713899365213, -280.2926688157243689, -41.08661535296448619 ) ) ;
#611 = EDGE_CURVE ( 'NONE', #189, #433, #727, .T. ) ;
#612 = CARTESIAN_POINT ( 'NONE',  ( -34.87372749202712896, -251.5339874250771004, 59.68999999999997641 ) ) ;
#613 = DIRECTION ( 'NONE',  ( 0.000000000000000000, 0.000000000000000000, 1.000000000000000000 ) ) ;
#614 = EDGE_LOOP ( 'NONE', ( #1004, #1178 ) ) ;
#615 = EDGE_CURVE ( 'NONE', #532, #314, #1554, .T. ) ;
#616 = DIRECTION ( 'NONE',  ( -1.000000000000000000, 0.000000000000000000, -1.241749088029210621E-16 ) ) ;
#617 = APPLICATION_PROTOCOL_DEFINITION ( 'draft international standard', 'automotive_design', 1998, #376 ) ;
#618 = AXIS2_PLACEMENT_3D ( 'NONE', #315, #1048, #190 ) ;
#619 = VERTEX_POINT ( 'NONE', #258 ) ;
#620 = CARTESIAN_POINT ( 'NONE',  ( -11.05039600214481510, -312.9280000000001110, 26.54116653365268519 ) ) ;
#621 = DIRECTION ( 'NONE',  ( -0.000000000000000000, 1.000000000000000000, -0.000000000000000000 ) ) ;
#622 = CARTESIAN_POINT ( 'NONE',  ( -30.14471713899364502, -292.9926688157244143, -12.00161535296447468 ) ) ;
#623 = ORIENTED_EDGE ( 'NONE', *, *, #679, .T. ) ;
#624 = CARTESIAN_POINT ( 'NONE',  ( -25.14471713899364502, -292.9926688157244143, -15.68661535296448584 ) ) ;
#625 = CONICAL_SURFACE ( 'NONE', #246, 3.685000000000018261, 0.5235987755983040337 ) ;
#626 = CARTESIAN_POINT ( 'NONE',  ( -25.14471713899364502, -292.9926688157244143, -9.114864007016338476 ) ) ;
#627 = VECTOR ( 'NONE', #830, 1000.000000000000000 ) ;
#628 = CARTESIAN_POINT ( 'NONE',  ( -4.050396002144805330, -305.7883267415827504, -35.91232707288650516 ) ) ;
#629 = ORIENTED_EDGE ( 'NONE', *, *, #302, .F. ) ;
#630 = CARTESIAN_POINT ( 'NONE',  ( 0.000000000000000000, -246.3800000000000239, 54.60999999999999943 ) ) ;
#631 = CARTESIAN_POINT ( 'NONE',  ( -11.05039600214480622, -312.9280000000001110, -32.95883346634750666 ) ) ;
#632 = EDGE_LOOP ( 'NONE', ( #499, #157, #1171, #596 ) ) ;
#633 = DIRECTION ( 'NONE',  ( 1.000000000000000000, 0.000000000000000000, -0.000000000000000000 ) ) ;
#634 = CYLINDRICAL_SURFACE ( 'NONE', #356, 2.199999999999989964 ) ;
#635 = EDGE_CURVE ( 'NONE', #949, #1005, #788, .T. ) ;
#636 = CIRCLE ( 'NONE', #1117, 2.199999999999938005 ) ;
#637 = CYLINDRICAL_SURFACE ( 'NONE', #659, 3.810000000000000941 ) ;
#638 = AXIS2_PLACEMENT_3D ( 'NONE', #1538, #1299, #705 ) ;
#639 = PRODUCT_DEFINITION_SHAPE ( 'NONE', 'NONE',  #417 ) ;
#640 = EDGE_CURVE ( 'NONE', #892, #1490, #985, .T. ) ;
#641 = ORIENTED_EDGE ( 'NONE', *, *, #469, .T. ) ;
#642 = CARTESIAN_POINT ( 'NONE',  ( -4.050396002144814211, -305.7883267415828072, 23.58767292711352326 ) ) ;
#643 = ORIENTED_EDGE ( 'NONE', *, *, #1487, .T. ) ;
#644 = CARTESIAN_POINT ( 'NONE',  ( -11.05039600214480622, -301.2587123446999726, -42.18719661579902436 ) ) ;
#645 = EDGE_CURVE ( 'NONE', #579, #1522, #387, .T. ) ;
#646 = LINE ( 'NONE', #51, #548 ) ;
#647 = DIRECTION ( 'NONE',  ( -1.000000000000000000, 0.000000000000000000, 0.000000000000000000 ) ) ;
#648 = EDGE_CURVE ( 'NONE', #1089, #1018, #573, .T. ) ;
#649 = VERTEX_POINT ( 'NONE', #1195 ) ;
#650 = AXIS2_PLACEMENT_3D ( 'NONE', #538, #1123, #1019 ) ;
#651 = VERTEX_POINT ( 'NONE', #871 ) ;
#652 = CARTESIAN_POINT ( 'NONE',  ( -10.15739668127389095, -312.9280000000001110, 24.63072138485682672 ) ) ;
#653 = CARTESIAN_POINT ( 'NONE',  ( -36.27845641699771306, -249.2011688204782160, -59.68999999999996930 ) ) ;
#654 = AXIS2_PLACEMENT_3D ( 'NONE', #1140, #902, #790 ) ;
#655 = VECTOR ( 'NONE', #507, 1000.000000000000114 ) ;
#656 = CARTESIAN_POINT ( 'NONE',  ( -11.05039600214481688, -254.0000000000000000, 41.90999999999999659 ) ) ;
#657 = ORIENTED_EDGE ( 'NONE', *, *, #384, .F. ) ;
#658 = CARTESIAN_POINT ( 'NONE',  ( 0.000000000000000000, -435.6100000000001273, -50.79999999999999716 ) ) ;
#659 = AXIS2_PLACEMENT_3D ( 'NONE', #26, #271, #759 ) ;
#660 = DIRECTION ( 'NONE',  ( -0.000000000000000000, 1.000000000000000000, -0.000000000000000000 ) ) ;
#661 = DIRECTION ( 'NONE',  ( -0.000000000000000000, 1.000000000000000000, -0.000000000000000000 ) ) ;
#662 = ORIENTED_EDGE ( 'NONE', *, *, #406, .T. ) ;
#663 = CARTESIAN_POINT ( 'NONE',  ( -11.05039600214481510, -312.9280000000001110, 26.54116653365268519 ) ) ;
#664 = EDGE_CURVE ( 'NONE', #203, #974, #753, .T. ) ;
#665 = LINE ( 'NONE', #1143, #889 ) ;
#666 = EDGE_CURVE ( 'NONE', #1295, #860, #1232, .T. ) ;
#667 = DIRECTION ( 'NONE',  ( -0.000000000000000000, 1.000000000000000000, -0.000000000000000000 ) ) ;
#668 = ORIENTED_EDGE ( 'NONE', *, *, #17, .F. ) ;
#669 = CARTESIAN_POINT ( 'NONE',  ( -30.14471713899364502, -280.2926688157243689, -41.08661535296448619 ) ) ;
#670 = CARTESIAN_POINT ( 'NONE',  ( -35.47057975624252180, -250.9464601427349635, -59.68999999999996220 ) ) ;
#671 = EDGE_CURVE ( 'NONE', #834, #520, #594, .T. ) ;
#672 = AXIS2_PLACEMENT_3D ( 'NONE', #274, #863, #763 ) ;
#673 = CARTESIAN_POINT ( 'NONE',  ( -7.068456416997668690, -254.0000000000000000, -59.68999999999998352 ) ) ;
#674 = ORIENTED_EDGE ( 'NONE', *, *, #497, .F. ) ;
#675 =( NAMED_UNIT ( * ) PLANE_ANGLE_UNIT ( ) SI_UNIT ( $, .RADIAN. ) );
#676 = CARTESIAN_POINT ( 'NONE',  ( 99.69360399785523441, -305.7883267415827504, -35.91232707288649095 ) ) ;
#677 = VERTEX_POINT ( 'NONE', #478 ) ;
#678 = CARTESIAN_POINT ( 'NONE',  ( -11.05039600214480799, -254.0000000000000000, -41.90999999999999659 ) ) ;
#679 = EDGE_CURVE ( 'NONE', #509, #955, #361, .T. ) ;
#680 = CARTESIAN_POINT ( 'NONE',  ( -11.00522189132504280, -309.9410195033146351, -42.40061705085896193 ) ) ;
#681 = ADVANCED_FACE ( 'NONE', ( #1087, #250, #483 ), #125, .T. ) ;
#682 = AXIS2_PLACEMENT_3D ( 'NONE', #505, #957, #1080 ) ;
#683 = ORIENTED_EDGE ( 'NONE', *, *, #304, .T. ) ;
#684 = FILL_AREA_STYLE_COLOUR ( '', #694 ) ;
#685 = CARTESIAN_POINT ( 'NONE',  ( -8.510396002144808847, -254.0000000000000000, -44.44999999999999574 ) ) ;
#686 = EDGE_CURVE ( 'NONE', #143, #203, #636, .T. ) ;
#687 = CARTESIAN_POINT ( 'NONE',  ( -10.03371236319706838, -312.9280000000001110, -35.65330758770165431 ) ) ;
#688 = CYLINDRICAL_SURFACE ( 'NONE', #571, 5.080000000000000959 ) ;
#689 = ORIENTED_EDGE ( 'NONE', *, *, #990, .F. ) ;
#690 = CARTESIAN_POINT ( 'NONE',  ( -25.14471713899364502, -254.0000000000000000, 59.68999999999996930 ) ) ;
#691 = DIRECTION ( 'NONE',  ( 1.000000000000000000, 0.000000000000000000, 1.241749088029210621E-16 ) ) ;
#692 = DIRECTION ( 'NONE',  ( 0.000000000000000000, 0.000000000000000000, 1.000000000000000000 ) ) ;
#693 = ORIENTED_EDGE ( 'NONE', *, *, #237, .T. ) ;
#694 = COLOUR_RGB ( '',0.7921568627450980005, 0.8196078431372548767, 0.9333333333333333481 ) ;
#695 = DIRECTION ( 'NONE',  ( 0.000000000000000000, 0.000000000000000000, 1.000000000000000000 ) ) ;
#696 = LINE ( 'NONE', #339, #1044 ) ;
#697 = CIRCLE ( 'NONE', #439, 2.199999999999989964 ) ;
#698 = ORIENTED_EDGE ( 'NONE', *, *, #583, .T. ) ;
#699 = LINE ( 'NONE', #1429, #823 ) ;
#700 = VECTOR ( 'NONE', #1105, 1000.000000000000000 ) ;
#701 = EDGE_CURVE ( 'NONE', #770, #1552, #150, .T. ) ;
#702 =( GEOMETRIC_REPRESENTATION_CONTEXT ( 3 ) GLOBAL_UNCERTAINTY_ASSIGNED_CONTEXT ( ( #968 ) ) GLOBAL_UNIT_ASSIGNED_CONTEXT ( ( #1348, #877, #515 ) ) REPRESENTATION_CONTEXT ( 'NONE', 'WORKASPACE' ) );
#703 = DIRECTION ( 'NONE',  ( 0.000000000000000000, 0.000000000000000000, 1.000000000000000000 ) ) ;
#704 = VERTEX_POINT ( 'NONE', #630 ) ;
#705 = DIRECTION ( 'NONE',  ( 2.353763196712085065E-16, 0.000000000000000000, -1.000000000000000000 ) ) ;
#706 = DIRECTION ( 'NONE',  ( 0.000000000000000000, 0.000000000000000000, 1.000000000000000000 ) ) ;
#707 = ADVANCED_FACE ( 'NONE', ( #1112 ), #880, .F. ) ;
#708 = EDGE_LOOP ( 'NONE', ( #407, #426 ) ) ;
#709 = VECTOR ( 'NONE', #577, 1000.000000000000000 ) ;
#710 = PLANE ( 'NONE',  #200 ) ;
#711 = CARTESIAN_POINT ( 'NONE',  ( -4.050396002144847074, -305.7883267415828072, 23.58767292711352326 ) ) ;
#712 = ORIENTED_EDGE ( 'NONE', *, *, #895, .F. ) ;
#713 = EDGE_CURVE ( 'NONE', #860, #517, #230, .T. ) ;
#714 = CIRCLE ( 'NONE', #908, 2.540000000000000480 ) ;
#715 = DIRECTION ( 'NONE',  ( -0.000000000000000000, 1.000000000000000000, -0.000000000000000000 ) ) ;
#716 = DIRECTION ( 'NONE',  ( 0.000000000000000000, 0.000000000000000000, 1.000000000000000000 ) ) ;
#717 = VERTEX_POINT ( 'NONE', #445 ) ;
#718 = PLANE ( 'NONE',  #1329 ) ;
#719 = CARTESIAN_POINT ( 'NONE',  ( -26.25145185977610041, -253.9999999999999432, 59.68999999999999062 ) ) ;
#720 = ORIENTED_EDGE ( 'NONE', *, *, #561, .F. ) ;
#721 = EDGE_LOOP ( 'NONE', ( #1502, #84 ) ) ;
#722 = CARTESIAN_POINT ( 'NONE',  ( 3.091543583002316797, -246.3800000000000239, -44.45000000000000284 ) ) ;
#723 = MECHANICAL_DESIGN_GEOMETRIC_PRESENTATION_REPRESENTATION (  '', ( #1294 ), #897 ) ;
#724 = DIRECTION ( 'NONE',  ( 0.8660254037844352659, 6.123233995736835061E-17, 0.5000000000000056621 ) ) ;
#725 = VECTOR ( 'NONE', #1158, 1000.000000000000000 ) ;
#726 = ORIENTED_EDGE ( 'NONE', *, *, #611, .F. ) ;
#727 = LINE ( 'NONE', #1450, #1057 ) ;
#728 = DIRECTION ( 'NONE',  ( -1.000000000000000000, 0.000000000000000000, 0.000000000000000000 ) ) ;
#729 = ORIENTED_EDGE ( 'NONE', *, *, #194, .F. ) ;
#730 = VECTOR ( 'NONE', #1226, 1000.000000000000000 ) ;
#731 = CARTESIAN_POINT ( 'NONE',  ( -36.27845641699767754, -246.3800000000000239, 59.68999999999999062 ) ) ;
#732 = CIRCLE ( 'NONE', #98, 2.199999999999979750 ) ;
#733 = EDGE_CURVE ( 'NONE', #1078, #860, #1417, .T. ) ;
#734 = ORIENTED_EDGE ( 'NONE', *, *, #1221, .T. ) ;
#735 = DIRECTION ( 'NONE',  ( -1.000000000000000000, -0.000000000000000000, -7.372322389524317090E-16 ) ) ;
#736 = EDGE_CURVE ( 'NONE', #143, #1468, #1277, .T. ) ;
#737 = CARTESIAN_POINT ( 'NONE',  ( -30.14471713899361660, -292.9926688157244143, -19.37161535296449699 ) ) ;
#738 = PLANE ( 'NONE',  #316 ) ;
#739 = VERTEX_POINT ( 'NONE', #1063 ) ;
#740 = VECTOR ( 'NONE', #1200, 1000.000000000000000 ) ;
#741 = DIRECTION ( 'NONE',  ( -1.000000000000000000, 0.000000000000000000, 5.980805065379277767E-16 ) ) ;
#742 = AXIS2_PLACEMENT_3D ( 'NONE', #824, #431, #1163 ) ;
#743 = EDGE_CURVE ( 'NONE', #1078, #981, #1415, .T. ) ;
#744 = APPLICATION_PROTOCOL_DEFINITION ( 'draft international standard', 'automotive_design', 1998, #83 ) ;
#745 = ORIENTED_EDGE ( 'NONE', *, *, #873, .T. ) ;
#746 = CARTESIAN_POINT ( 'NONE',  ( -10.58770219480161501, -306.2200098719663401, -43.37164256299195131 ) ) ;
#747 = CARTESIAN_POINT ( 'NONE',  ( -34.43098730271006502, -251.8733203385901049, 59.69000000000000483 ) ) ;
#748 = DIRECTION ( 'NONE',  ( -0.000000000000000000, -0.000000000000000000, -1.000000000000000000 ) ) ;
#749 = ORIENTED_EDGE ( 'NONE', *, *, #1270, .T. ) ;
#750 = CARTESIAN_POINT ( 'NONE',  ( 3.091543583002319462, -312.9280000000001110, -59.68999999999999062 ) ) ;
#751 = AXIS2_PLACEMENT_3D ( 'NONE', #544, #565, #1169 ) ;
#752 = ORIENTED_EDGE ( 'NONE', *, *, #1190, .T. ) ;
#753 = LINE ( 'NONE', #1445, #907 ) ;
#754 = CARTESIAN_POINT ( 'NONE',  ( -4.050396002144805330, -305.7883267415827504, -35.91232707288650516 ) ) ;
#755 = ORIENTED_EDGE ( 'NONE', *, *, #671, .T. ) ;
#756 = EDGE_CURVE ( 'NONE', #1552, #1159, #326, .T. ) ;
#757 = LINE ( 'NONE', #1236, #253 ) ;
#758 = ADVANCED_FACE ( 'NONE', ( #463 ), #346, .F. ) ;
#759 = DIRECTION ( 'NONE',  ( 0.000000000000000000, 0.000000000000000000, 1.000000000000000000 ) ) ;
#760 = ORIENTED_EDGE ( 'NONE', *, *, #736, .F. ) ;
#761 = ADVANCED_FACE ( 'NONE', ( #96 ), #1515, .F. ) ;
#762 = CARTESIAN_POINT ( 'NONE',  ( -11.05039600214481510, -305.7883267415828072, 23.58767292711352326 ) ) ;
#763 = DIRECTION ( 'NONE',  ( 0.000000000000000000, 0.000000000000000000, 1.000000000000000000 ) ) ;
#764 = ORIENTED_EDGE ( 'NONE', *, *, #767, .T. ) ;
#765 = CARTESIAN_POINT ( 'NONE',  ( -13.59039600214481425, -305.7883267415828072, 21.38767292711358436 ) ) ;
#766 = CARTESIAN_POINT ( 'NONE',  ( -34.87533333601492558, -251.5325340878983980, -59.68999999999996930 ) ) ;
#767 = EDGE_CURVE ( 'NONE', #517, #717, #1541, .T. ) ;
#768 = CIRCLE ( 'NONE', #931, 2.199999999999938005 ) ;
#769 = FACE_OUTER_BOUND ( 'NONE', #1507, .T. ) ;
#770 = VERTEX_POINT ( 'NONE', #318 ) ;
#771 = ORIENTED_EDGE ( 'NONE', *, *, #1129, .F. ) ;
#772 = DIRECTION ( 'NONE',  ( -0.000000000000000000, 1.000000000000000000, -0.000000000000000000 ) ) ;
#773 = CARTESIAN_POINT ( 'NONE',  ( -34.21587259296138939, -252.0386327888964217, -59.68999999999995509 ) ) ;
#774 = PLANE ( 'NONE',  #1300 ) ;
#775 = CIRCLE ( 'NONE', #88, 5.080000000000000959 ) ;
#776 = ORIENTED_EDGE ( 'NONE', *, *, #283, .F. ) ;
#777 = CARTESIAN_POINT ( 'NONE',  ( -10.58770219480161323, -305.7883267415827504, -43.37164256299194420 ) ) ;
#778 = DIRECTION ( 'NONE',  ( 0.000000000000000000, 0.000000000000000000, 1.000000000000000000 ) ) ;
#779 = AXIS2_PLACEMENT_3D ( 'NONE', #531, #1033, #542 ) ;
#780 = AXIS2_PLACEMENT_3D ( 'NONE', #1110, #608, #487 ) ;
#781 = EDGE_CURVE ( 'NONE', #704, #1246, #868, .T. ) ;
#782 = CYLINDRICAL_SURFACE ( 'NONE', #396, 2.540000000000000480 ) ;
#783 = EDGE_CURVE ( 'NONE', #579, #189, #932, .T. ) ;
#784 = ORIENTED_EDGE ( 'NONE', *, *, #910, .T. ) ;
#785 = CARTESIAN_POINT ( 'NONE',  ( -10.50624315380553853, -312.9279999999999973, 21.53802269058741103 ) ) ;
#786 = CARTESIAN_POINT ( 'NONE',  ( 3.091543583002316797, -254.0000000000000000, 49.53000000000000114 ) ) ;
#787 = ORIENTED_EDGE ( 'NONE', *, *, #17, .T. ) ;
#788 = CIRCLE ( 'NONE', #1514, 2.199999999999958877 ) ;
#789 = CIRCLE ( 'NONE', #1342, 3.810000000000000941 ) ;
#790 = DIRECTION ( 'NONE',  ( 0.000000000000000000, 0.000000000000000000, -1.000000000000000000 ) ) ;
#791 = B_SPLINE_CURVE_WITH_KNOTS ( 'NONE', 3,
 ( #1241, #644, #281, #49, #521, #1491, #401, #887, #165, #56, #1006, #777 ),
 .UNSPECIFIED., .F., .F.,
 ( 4, 2, 2, 2, 2, 4 ),
 ( 0.000000000000000000, 0.001298861990333282073, 0.001948292985499848733, 0.002597723980666415827, 0.003896585970999709176, 0.005195447961333002525 ),
 .UNSPECIFIED. ) ;
#792 = ORIENTED_EDGE ( 'NONE', *, *, #953, .F. ) ;
#793 = CARTESIAN_POINT ( 'NONE',  ( 8.171543583002316424, -254.0000000000000000, -49.53000000000000114 ) ) ;
#794 = CARTESIAN_POINT ( 'NONE',  ( -27.35177976370312436, -253.9466765684106235, -59.68999999999996930 ) ) ;
#795 = DIRECTION ( 'NONE',  ( 1.000000000000000000, 0.000000000000000000, -6.829619984160667907E-16 ) ) ;
#796 = ORIENTED_EDGE ( 'NONE', *, *, #242, .T. ) ;
#797 = CARTESIAN_POINT ( 'NONE',  ( -11.05039600214480799, -312.9280000000001110, 41.91000000000000369 ) ) ;
#798 = FACE_OUTER_BOUND ( 'NONE', #196, .T. ) ;
#799 = ORIENTED_EDGE ( 'NONE', *, *, #169, .T. ) ;
#800 = EDGE_CURVE ( 'NONE', #390, #207, #456, .T. ) ;
#801 = DIRECTION ( 'NONE',  ( -1.241749088029210375E-16, -0.000000000000000000, 1.000000000000000000 ) ) ;
#802 = AXIS2_PLACEMENT_3D ( 'NONE', #610, #116, #1340 ) ;
#803 = CONICAL_SURFACE ( 'NONE', #373, 3.685000000000018261, 0.5235987755983040337 ) ;
#804 = CARTESIAN_POINT ( 'NONE',  ( -10.98183808546181339, -309.7486610861263330, -42.50399870201290042 ) ) ;
#805 = EDGE_CURVE ( 'NONE', #332, #235, #1516, .T. ) ;
#806 = VERTEX_POINT ( 'NONE', #832 ) ;
#807 = CARTESIAN_POINT ( 'NONE',  ( 0.000000000000000000, -246.3800000000000239, -50.79999999999999716 ) ) ;
#808 = DIRECTION ( 'NONE',  ( -1.000000000000000000, 0.000000000000000000, 0.000000000000000000 ) ) ;
#809 = DIRECTION ( 'NONE',  ( 0.000000000000000000, -1.000000000000000000, 0.000000000000000000 ) ) ;
#810 = DIRECTION ( 'NONE',  ( 0.000000000000000000, 0.000000000000000000, 1.000000000000000000 ) ) ;
#811 = ORIENTED_EDGE ( 'NONE', *, *, #1426, .F. ) ;
#812 = FACE_BOUND ( 'NONE', #946, .T. ) ;
#813 = CARTESIAN_POINT ( 'NONE',  ( -30.14471713899364502, -292.9926688157244143, -19.37161535296449699 ) ) ;
#814 = ORIENTED_EDGE ( 'NONE', *, *, #1072, .F. ) ;
#815 = ORIENTED_EDGE ( 'NONE', *, *, #1408, .F. ) ;
#816 = CARTESIAN_POINT ( 'NONE',  ( -21.14471713899364502, -292.9926688157244143, -15.68661535296448584 ) ) ;
#817 = CARTESIAN_POINT ( 'NONE',  ( -4.050396002144825758, -305.7883267415827504, -35.91232707288650516 ) ) ;
#818 = ORIENTED_EDGE ( 'NONE', *, *, #81, .F. ) ;
#819 = DIRECTION ( 'NONE',  ( 0.000000000000000000, 0.000000000000000000, -1.000000000000000000 ) ) ;
#820 = DIRECTION ( 'NONE',  ( 1.241749088029210621E-16, 0.000000000000000000, -1.000000000000000000 ) ) ;
#821 = ORIENTED_EDGE ( 'NONE', *, *, #1126, .T. ) ;
#822 = EDGE_LOOP ( 'NONE', ( #674, #911, #131, #1268 ) ) ;
#823 = VECTOR ( 'NONE', #434, 1000.000000000000000 ) ;
#824 = CARTESIAN_POINT ( 'NONE',  ( -11.05039600214481510, -305.7883267415828072, 23.58767292711352326 ) ) ;
#825 = CARTESIAN_POINT ( 'NONE',  ( -21.14471713899364502, -280.2926688157243689, -41.08661535296448619 ) ) ;
#826 = CIRCLE ( 'NONE', #1021, 2.199999999999938005 ) ;
#827 = ADVANCED_FACE ( 'NONE', ( #1309 ), #437, .T. ) ;
#828 = VERTEX_POINT ( 'NONE', #201 ) ;
#829 = DIRECTION ( 'NONE',  ( 0.000000000000000000, 0.000000000000000000, 1.000000000000000000 ) ) ;
#830 = DIRECTION ( 'NONE',  ( -0.000000000000000000, 1.000000000000000000, -0.000000000000000000 ) ) ;
#831 = ORIENTED_EDGE ( 'NONE', *, *, #767, .F. ) ;
#832 = CARTESIAN_POINT ( 'NONE',  ( -25.14471713899364502, -312.9280000000001110, -59.68999999999999062 ) ) ;
#833 = FACE_OUTER_BOUND ( 'NONE', #1399, .T. ) ;
#834 = VERTEX_POINT ( 'NONE', #1291 ) ;
#835 = DIRECTION ( 'NONE',  ( 0.000000000000000000, 0.000000000000000000, 1.000000000000000000 ) ) ;
#836 = VECTOR ( 'NONE', #551, 1000.000000000000000 ) ;
#837 = CARTESIAN_POINT ( 'NONE',  ( -25.14471713899364502, -254.0000000000000000, 59.68999999999996930 ) ) ;
#838 = VERTEX_POINT ( 'NONE', #1043 ) ;
#839 = ORIENTED_EDGE ( 'NONE', *, *, #1190, .F. ) ;
#840 = VECTOR ( 'NONE', #552, 1000.000000000000000 ) ;
#841 = CARTESIAN_POINT ( 'NONE',  ( 8.171543583002319977, -312.9280000000001110, -49.53000000000000114 ) ) ;
#842 = DIRECTION ( 'NONE',  ( 1.000000000000000000, 0.000000000000000000, 1.241749088029210621E-16 ) ) ;
#843 = EDGE_LOOP ( 'NONE', ( #172, #1303, #1114, #1136 ) ) ;
#844 = DIRECTION ( 'NONE',  ( -1.000000000000000000, 0.000000000000000000, -1.241749088029210621E-16 ) ) ;
#845 = ORIENTED_EDGE ( 'NONE', *, *, #1144, .T. ) ;
#846 = EDGE_LOOP ( 'NONE', ( #1051, #70, #1336, #353 ) ) ;
#847 = LINE ( 'NONE', #136, #1496 ) ;
#848 = EDGE_CURVE ( 'NONE', #1490, #127, #1182, .T. ) ;
#849 = CONICAL_SURFACE ( 'NONE', #310, 3.685000000000007603, 0.5235987755983053660 ) ;
#850 = DIRECTION ( 'NONE',  ( -0.000000000000000000, 1.000000000000000000, -0.000000000000000000 ) ) ;
#851 = CIRCLE ( 'NONE', #654, 2.199999999999958877 ) ;
#852 = ORIENTED_EDGE ( 'NONE', *, *, #701, .T. ) ;
#853 = EDGE_CURVE ( 'NONE', #1499, #593, #789, .T. ) ;
#854 = CARTESIAN_POINT ( 'NONE',  ( -36.06490263570774601, -250.0088730115420219, 59.68999999999999773 ) ) ;
#855 = CARTESIAN_POINT ( 'NONE',  ( -30.14471713899364502, -280.2926688157243689, -43.28661535296446061 ) ) ;
#856 = VERTEX_POINT ( 'NONE', #371 ) ;
#857 = DIRECTION ( 'NONE',  ( -0.000000000000000000, 1.000000000000000000, -0.000000000000000000 ) ) ;
#858 = AXIS2_PLACEMENT_3D ( 'NONE', #825, #1302, #108 ) ;
#859 = CARTESIAN_POINT ( 'NONE',  ( 3.091543583002316797, -254.0000000000000000, -44.45000000000000284 ) ) ;
#860 = VERTEX_POINT ( 'NONE', #270 ) ;
#861 = FACE_OUTER_BOUND ( 'NONE', #994, .T. ) ;
#862 = DIRECTION ( 'NONE',  ( -0.8660254037844361541, 6.123233995736820270E-17, -0.5000000000000044409 ) ) ;
#863 = DIRECTION ( 'NONE',  ( 0.000000000000000000, 1.000000000000000000, 0.000000000000000000 ) ) ;
#864 = ORIENTED_EDGE ( 'NONE', *, *, #1144, .F. ) ;
#865 = DIRECTION ( 'NONE',  ( 0.000000000000000000, 0.000000000000000000, -1.000000000000000000 ) ) ;
#866 = VECTOR ( 'NONE', #247, 1000.000000000000000 ) ;
#867 = DIRECTION ( 'NONE',  ( -0.000000000000000000, -0.000000000000000000, 1.000000000000000000 ) ) ;
#868 = CIRCLE ( 'NONE', #1313, 3.810000000000000941 ) ;
#869 = EDGE_CURVE ( 'NONE', #955, #232, #1183, .T. ) ;
#870 = VERTEX_POINT ( 'NONE', #605 ) ;
#871 = CARTESIAN_POINT ( 'NONE',  ( 0.000000000000000000, -246.3800000000000239, -46.98999999999999488 ) ) ;
#872 = DIRECTION ( 'NONE',  ( -1.000000000000000000, 0.000000000000000000, 0.000000000000000000 ) ) ;
#873 = EDGE_CURVE ( 'NONE', #806, #1130, #42, .T. ) ;
#874 = ORIENTED_EDGE ( 'NONE', *, *, #1189, .F. ) ;
#875 = CARTESIAN_POINT ( 'NONE',  ( 99.69360399785523441, -305.7883267415827504, -38.11232707288645116 ) ) ;
#876 = ADVANCED_FACE ( 'NONE', ( #976 ), #1466, .T. ) ;
#877 =( NAMED_UNIT ( * ) PLANE_ANGLE_UNIT ( ) SI_UNIT ( $, .RADIAN. ) );
#878 = VERTEX_POINT ( 'NONE', #598 ) ;
#879 = EDGE_CURVE ( 'NONE', #232, #955, #300, .T. ) ;
#880 = CYLINDRICAL_SURFACE ( 'NONE', #530, 3.810000000000000941 ) ;
#881 = CARTESIAN_POINT ( 'NONE',  ( -21.14471713899364502, -292.9926688157244143, -15.68661535296448584 ) ) ;
#882 = ORIENTED_EDGE ( 'NONE', *, *, #1292, .F. ) ;
#883 = CARTESIAN_POINT ( 'NONE',  ( -10.23258155429127392, -312.9280000000001110, 22.28067415258948714 ) ) ;
#884 = CARTESIAN_POINT ( 'NONE',  ( 3.091543583002315465, -246.3800000000000239, 54.60999999999998522 ) ) ;
#885 = ORIENTED_EDGE ( 'NONE', *, *, #1319, .T. ) ;
#886 = ORIENTED_EDGE ( 'NONE', *, *, #402, .T. ) ;
#887 = CARTESIAN_POINT ( 'NONE',  ( -10.72875923854737401, -303.6414636679097043, -43.15360016244292041 ) ) ;
#888 = DIRECTION ( 'NONE',  ( -0.000000000000000000, 1.000000000000000000, -0.000000000000000000 ) ) ;
#889 = VECTOR ( 'NONE', #1381, 1000.000000000000114 ) ;
#890 = VERTEX_POINT ( 'NONE', #261 ) ;
#891 = LINE ( 'NONE', #1135, #1230 ) ;
#892 = VERTEX_POINT ( 'NONE', #144 ) ;
#893 = DIRECTION ( 'NONE',  ( -1.000000000000000000, 0.000000000000000000, 0.000000000000000000 ) ) ;
#894 = PLANE ( 'NONE',  #107 ) ;
#895 = EDGE_CURVE ( 'NONE', #717, #1078, #1392, .T. ) ;
#896 = EDGE_CURVE ( 'NONE', #878, #1106, #714, .T. ) ;
#897 =( GEOMETRIC_REPRESENTATION_CONTEXT ( 3 ) GLOBAL_UNCERTAINTY_ASSIGNED_CONTEXT ( ( #1212 ) ) GLOBAL_UNIT_ASSIGNED_CONTEXT ( ( #213, #675, #1304 ) ) REPRESENTATION_CONTEXT ( 'NONE', 'WORKASPACE' ) );
#898 = EDGE_LOOP ( 'NONE', ( #1379, #886 ) ) ;
#899 = DIRECTION ( 'NONE',  ( 0.000000000000000000, 0.000000000000000000, -1.000000000000000000 ) ) ;
#900 = CARTESIAN_POINT ( 'NONE',  ( -8.510396002144819505, -254.0000000000000000, 44.44999999999999574 ) ) ;
#901 = CONICAL_SURFACE ( 'NONE', #1457, 3.685000000000000941, 0.5235987755983029235 ) ;
#902 = DIRECTION ( 'NONE',  ( 1.000000000000000000, 0.000000000000000000, 1.241749088029210621E-16 ) ) ;
#903 = ORIENTED_EDGE ( 'NONE', *, *, #895, .T. ) ;
#904 = DIRECTION ( 'NONE',  ( 0.000000000000000000, 0.000000000000000000, 1.000000000000000000 ) ) ;
#905 = AXIS2_PLACEMENT_3D ( 'NONE', #584, #1065, #967 ) ;
#906 = CARTESIAN_POINT ( 'NONE',  ( -11.05039600214480799, -300.9173947794017181, -41.90999999999999659 ) ) ;
#907 = VECTOR ( 'NONE', #844, 1000.000000000000000 ) ;
#908 = AXIS2_PLACEMENT_3D ( 'NONE', #1014, #1500, #394 ) ;
#909 = CARTESIAN_POINT ( 'NONE',  ( -11.05039600214480622, -310.6592587037637827, -41.90999999999999659 ) ) ;
#910 = EDGE_CURVE ( 'NONE', #1159, #543, #412, .T. ) ;
#911 = ORIENTED_EDGE ( 'NONE', *, *, #415, .T. ) ;
#912 = DIRECTION ( 'NONE',  ( 0.000000000000000000, 0.000000000000000000, -1.000000000000000000 ) ) ;
#913 = EDGE_CURVE ( 'NONE', #1468, #974, #518, .T. ) ;
#914 = ORIENTED_EDGE ( 'NONE', *, *, #363, .T. ) ;
#915 = CARTESIAN_POINT ( 'NONE',  ( -10.06030469253119897, -312.9280000000000541, -36.44402350915177635 ) ) ;
#916 = EDGE_CURVE ( 'NONE', #1018, #1130, #239, .T. ) ;
#917 = CARTESIAN_POINT ( 'NONE',  ( 0.000000000000000000, -435.6100000000001273, 54.60999999999999943 ) ) ;
#918 = ORIENTED_EDGE ( 'NONE', *, *, #331, .F. ) ;
#919 = PLANE ( 'NONE',  #618 ) ;
#920 = ADVANCED_FACE ( 'NONE', ( #183 ), #527, .F. ) ;
#921 = CARTESIAN_POINT ( 'NONE',  ( -30.14471713899364502, -280.2926688157243689, -41.08661535296448619 ) ) ;
#922 = DIRECTION ( 'NONE',  ( 0.000000000000000000, 0.000000000000000000, 1.000000000000000000 ) ) ;
#923 = AXIS2_PLACEMENT_3D ( 'NONE', #369, #1218, #973 ) ;
#924 = CARTESIAN_POINT ( 'NONE',  ( -21.14471713899364502, -292.9926688157244143, -15.68661535296448584 ) ) ;
#925 = ORIENTED_EDGE ( 'NONE', *, *, #645, .F. ) ;
#926 = DIRECTION ( 'NONE',  ( -0.000000000000000000, 1.000000000000000000, -0.000000000000000000 ) ) ;
#927 = EDGE_LOOP ( 'NONE', ( #123, #796, #1353, #1423 ) ) ;
#928 = ORIENTED_EDGE ( 'NONE', *, *, #590, .F. ) ;
#929 = CARTESIAN_POINT ( 'NONE',  ( -36.27845641699767754, -254.0000000000000000, 59.68999999999999062 ) ) ;
#930 = DIRECTION ( 'NONE',  ( -0.000000000000000000, 1.000000000000000000, -0.000000000000000000 ) ) ;
#931 = AXIS2_PLACEMENT_3D ( 'NONE', #1186, #1161, #103 ) ;
#932 = CIRCLE ( 'NONE', #638, 3.685000000000000941 ) ;
#933 = ORIENTED_EDGE ( 'NONE', *, *, #873, .F. ) ;
#934 = DIRECTION ( 'NONE',  ( 0.000000000000000000, 0.000000000000000000, 1.000000000000000000 ) ) ;
#935 = CARTESIAN_POINT ( 'NONE',  ( -13.59039600214480714, -305.7883267415827504, -35.91232707288650516 ) ) ;
#936 = CARTESIAN_POINT ( 'NONE',  ( 3.091543583002315465, -246.3800000000000239, -59.68999999999999062 ) ) ;
#937 = ORIENTED_EDGE ( 'NONE', *, *, #666, .T. ) ;
#938 = DIRECTION ( 'NONE',  ( -0.000000000000000000, 1.000000000000000000, -0.000000000000000000 ) ) ;
#939 = EDGE_CURVE ( 'NONE', #649, #828, #488, .T. ) ;
#940 = PLANE ( 'NONE',  #858 ) ;
#941 = ORIENTED_EDGE ( 'NONE', *, *, #671, .F. ) ;
#942 = CARTESIAN_POINT ( 'NONE',  ( -8.510396002144807071, -312.9280000000001110, 44.45000000000000284 ) ) ;
#943 = ORIENTED_EDGE ( 'NONE', *, *, #423, .F. ) ;
#944 = DIRECTION ( 'NONE',  ( 0.000000000000000000, 0.000000000000000000, 1.000000000000000000 ) ) ;
#945 = FACE_OUTER_BOUND ( 'NONE', #115, .T. ) ;
#946 = EDGE_LOOP ( 'NONE', ( #1096, #814 ) ) ;
#947 = DIRECTION ( 'NONE',  ( -2.245174760611111597E-16, 0.000000000000000000, 1.000000000000000000 ) ) ;
#948 = DIRECTION ( 'NONE',  ( -0.8660254037844365982, 6.123233995736810409E-17, -0.5000000000000035527 ) ) ;
#949 = VERTEX_POINT ( 'NONE', #1380 ) ;
#950 = CARTESIAN_POINT ( 'NONE',  ( -30.14471713899361660, -292.9926688157244143, -15.68661535296448584 ) ) ;
#951 = ORIENTED_EDGE ( 'NONE', *, *, #848, .F. ) ;
#952 = DIRECTION ( 'NONE',  ( 0.000000000000000000, 0.000000000000000000, 1.000000000000000000 ) ) ;
#953 = EDGE_CURVE ( 'NONE', #838, #870, #1508, .T. ) ;
#954 = DIRECTION ( 'NONE',  ( -0.8660254037844361541, 0.000000000000000000, 0.5000000000000044409 ) ) ;
#955 = VERTEX_POINT ( 'NONE', #1261 ) ;
#956 = EDGE_CURVE ( 'NONE', #1317, #60, #966, .T. ) ;
#957 = DIRECTION ( 'NONE',  ( 1.000000000000000000, 0.000000000000000000, 0.000000000000000000 ) ) ;
#958 = CARTESIAN_POINT ( 'NONE',  ( -10.58770219480161323, -305.7883267415827504, -43.37164256299194420 ) ) ;
#959 = ADVANCED_FACE ( 'NONE', ( #1374 ), #1001, .F. ) ;
#960 = EDGE_LOOP ( 'NONE', ( #991, #1273, #449, #223 ) ) ;
#961 = FACE_OUTER_BOUND ( 'NONE', #182, .T. ) ;
#962 = DIRECTION ( 'NONE',  ( 0.000000000000000000, 1.000000000000000000, 0.000000000000000000 ) ) ;
#963 = LINE ( 'NONE', #1452, #730 ) ;
#964 = ORIENTED_EDGE ( 'NONE', *, *, #648, .F. ) ;
#965 = FACE_OUTER_BOUND ( 'NONE', #822, .T. ) ;
#966 = CIRCLE ( 'NONE', #1427, 2.199999999999979750 ) ;
#967 = DIRECTION ( 'NONE',  ( 0.000000000000000000, 0.000000000000000000, 1.000000000000000000 ) ) ;
#968 = UNCERTAINTY_MEASURE_WITH_UNIT (LENGTH_MEASURE( 1.000000000000000082E-05 ), #1348, 'distance_accuracy_value', 'NONE');
#969 = AXIS2_PLACEMENT_3D ( 'NONE', #1377, #661, #295 ) ;
#970 = ORIENTED_EDGE ( 'NONE', *, *, #541, .T. ) ;
#971 = FACE_OUTER_BOUND ( 'NONE', #569, .T. ) ;
#972 = DIRECTION ( 'NONE',  ( -0.8660254037844365982, 0.000000000000000000, 0.5000000000000035527 ) ) ;
#973 = DIRECTION ( 'NONE',  ( 0.000000000000000000, 0.000000000000000000, 1.000000000000000000 ) ) ;
#974 = VERTEX_POINT ( 'NONE', #765 ) ;
#975 = AXIS2_PLACEMENT_3D ( 'NONE', #754, #1352, #40 ) ;
#976 = FACE_OUTER_BOUND ( 'NONE', #1453, .T. ) ;
#977 = CIRCLE ( 'NONE', #1175, 7.726451884327412145 ) ;
#978 = DIRECTION ( 'NONE',  ( -5.980805065379277767E-16, 0.000000000000000000, -1.000000000000000000 ) ) ;
#979 = EDGE_CURVE ( 'NONE', #390, #1522, #791, .T. ) ;
#980 = PRODUCT_DEFINITION_FORMATION_WITH_SPECIFIED_SOURCE ( 'ANY', '', #1118, .NOT_KNOWN. ) ;
#981 = VERTEX_POINT ( 'NONE', #286 ) ;
#982 = CARTESIAN_POINT ( 'NONE',  ( -33.47946900736373266, -252.4389199117402711, 59.68999999999999773 ) ) ;
#983 = PLANE ( 'NONE',  #1074 ) ;
#984 = ORIENTED_EDGE ( 'NONE', *, *, #128, .T. ) ;
#985 = CIRCLE ( 'NONE', #297, 7.726451884327412145 ) ;
#986 = ADVANCED_FACE ( 'NONE', ( #1255 ), #173, .F. ) ;
#987 = DIRECTION ( 'NONE',  ( -0.000000000000000000, 1.000000000000000000, -0.000000000000000000 ) ) ;
#988 = AXIS2_PLACEMENT_3D ( 'NONE', #381, #1199, #865 ) ;
#989 = DIRECTION ( 'NONE',  ( 0.000000000000000000, 0.000000000000000000, 1.000000000000000000 ) ) ;
#990 = EDGE_CURVE ( 'NONE', #1289, #532, #338, .T. ) ;
#991 = ORIENTED_EDGE ( 'NONE', *, *, #853, .T. ) ;
#992 = CARTESIAN_POINT ( 'NONE',  ( 8.171543583002318201, -312.9280000000001110, 54.60999999999999233 ) ) ;
#993 = DIRECTION ( 'NONE',  ( 0.000000000000000000, -1.000000000000000000, 0.000000000000000000 ) ) ;
#994 = EDGE_LOOP ( 'NONE', ( #1070, #380, #1527, #9 ) ) ;
#995 = CARTESIAN_POINT ( 'NONE',  ( -10.03371236319695647, -312.9280000000001678, 23.84669241229840608 ) ) ;
#996 = CARTESIAN_POINT ( 'NONE',  ( -11.05039600214480799, -312.9280000000001110, 41.91000000000000369 ) ) ;
#997 = EDGE_LOOP ( 'NONE', ( #1448, #324, #1465, #525 ) ) ;
#998 = CIRCLE ( 'NONE', #168, 69.84999999999998010 ) ;
#999 = DIRECTION ( 'NONE',  ( 0.000000000000000000, 0.000000000000000000, 1.000000000000000000 ) ) ;
#1000 = ORIENTED_EDGE ( 'NONE', *, *, #186, .T. ) ;
#1001 = CYLINDRICAL_SURFACE ( 'NONE', #1125, 2.199999999999958877 ) ;
#1002 = CARTESIAN_POINT ( 'NONE',  ( -11.05039600214480799, -305.7883267415827504, -28.18587518855909479 ) ) ;
#1003 = AXIS2_PLACEMENT_3D ( 'NONE', #1326, #728, #613 ) ;
#1004 = ORIENTED_EDGE ( 'NONE', *, *, #913, .T. ) ;
#1005 = VERTEX_POINT ( 'NONE', #341 ) ;
#1006 = CARTESIAN_POINT ( 'NONE',  ( -10.58770219480160790, -305.3565668955138221, -43.37164256299194420 ) ) ;
#1007 = EDGE_CURVE ( 'NONE', #1388, #1490, #1027, .T. ) ;
#1008 = CARTESIAN_POINT ( 'NONE',  ( 8.171543583002316424, -254.0000000000000000, 54.60999999999998522 ) ) ;
#1009 = CONICAL_SURFACE ( 'NONE', #682, 3.685000000000011156, 0.5235987755983021463 ) ;
#1010 = VECTOR ( 'NONE', #912, 1000.000000000000000 ) ;
#1011 = EDGE_CURVE ( 'NONE', #585, #1308, #556, .T. ) ;
#1012 = CARTESIAN_POINT ( 'NONE',  ( -4.050396002144825758, -305.7883267415827504, -35.91232707288650516 ) ) ;
#1013 = VERTEX_POINT ( 'NONE', #1274 ) ;
#1014 = CARTESIAN_POINT ( 'NONE',  ( -8.510396002144819505, -246.3800000000000239, 41.90999999999999659 ) ) ;
#1015 = DIRECTION ( 'NONE',  ( 0.000000000000000000, 0.000000000000000000, 1.000000000000000000 ) ) ;
#1016 = LINE ( 'NONE', #917, #1128 ) ;
#1017 = CIRCLE ( 'NONE', #50, 3.810000000000000941 ) ;
#1018 = VERTEX_POINT ( 'NONE', #690 ) ;
#1019 = DIRECTION ( 'NONE',  ( -0.000000000000000000, 0.000000000000000000, 1.000000000000000000 ) ) ;
#1020 = LINE ( 'NONE', #545, #480 ) ;
#1021 = AXIS2_PLACEMENT_3D ( 'NONE', #1203, #99, #1435 ) ;
#1022 = ORIENTED_EDGE ( 'NONE', *, *, #896, .F. ) ;
#1023 = EDGE_CURVE ( 'NONE', #332, #479, #699, .T. ) ;
#1024 = CARTESIAN_POINT ( 'NONE',  ( -30.14471713899364502, -280.2926688157243689, -44.77161535296448847 ) ) ;
#1025 = ADVANCED_FACE ( 'NONE', ( #197, #1400, #1035 ), #919, .F. ) ;
#1026 = ORIENTED_EDGE ( 'NONE', *, *, #237, .F. ) ;
#1027 = LINE ( 'NONE', #797, #209 ) ;
#1028 = CARTESIAN_POINT ( 'NONE',  ( -21.14471713899364502, -280.2926688157243689, -38.88661535296450467 ) ) ;
#1029 = ADVANCED_FACE ( 'NONE', ( #1528, #812, #441 ), #1544, .F. ) ;
#1030 = DIRECTION ( 'NONE',  ( -2.375519994490664161E-16, 0.000000000000000000, -1.000000000000000000 ) ) ;
#1031 = VECTOR ( 'NONE', #1090, 1000.000000000000000 ) ;
#1032 = ADVANCED_FACE ( 'NONE', ( #91 ), #849, .T. ) ;
#1033 = DIRECTION ( 'NONE',  ( -0.000000000000000000, -1.000000000000000000, -0.000000000000000000 ) ) ;
#1034 = ORIENTED_EDGE ( 'NONE', *, *, #536, .T. ) ;
#1035 = FACE_OUTER_BOUND ( 'NONE', #1332, .T. ) ;
#1036 = LINE ( 'NONE', #1028, #1389 ) ;
#1037 = DIRECTION ( 'NONE',  ( -1.000000000000000000, -0.000000000000000000, -1.241749088029210621E-16 ) ) ;
#1038 = DIRECTION ( 'NONE',  ( -1.000000000000000000, 0.000000000000000000, -5.980805065379273823E-16 ) ) ;
#1039 = VECTOR ( 'NONE', #1060, 1000.000000000000000 ) ;
#1040 = ORIENTED_EDGE ( 'NONE', *, *, #423, .T. ) ;
#1041 = DIRECTION ( 'NONE',  ( -1.241749088029210375E-16, -0.000000000000000000, 1.000000000000000000 ) ) ;
#1042 = FACE_OUTER_BOUND ( 'NONE', #721, .T. ) ;
#1043 = CARTESIAN_POINT ( 'NONE',  ( 8.171543583002319977, -312.9280000000001110, -49.53000000000000114 ) ) ;
#1044 = VECTOR ( 'NONE', #724, 1000.000000000000114 ) ;
#1045 = CLOSED_SHELL ( 'NONE', ( #211, #1032, #1259, #1362, #1550, #707, #587, #1151, #1430, #1484, #444, #1476, #45, #448, #582, #146, #296, #1083, #959, #496, #79, #145, #1076, #473, #1025, #920, #758, #1290, #1224, #876, #466, #1145, #1436, #329, #1266, #1249, #1029, #986, #1539, #386, #154, #761, #827, #681, #11, #1458, #1166, #1312 ) ) ;
#1046 = CARTESIAN_POINT ( 'NONE',  ( -21.14471713899364502, -280.2926688157243689, -41.08661535296448619 ) ) ;
#1047 = EDGE_LOOP ( 'NONE', ( #159, #90, #485, #349, #1428, #1481, #306, #755, #845, #354, #298, #1102, #903, #303, #185, #1367, #199, #852 ) ) ;
#1048 = DIRECTION ( 'NONE',  ( 1.000000000000000000, 0.000000000000000000, -0.000000000000000000 ) ) ;
#1049 = DIRECTION ( 'NONE',  ( -0.000000000000000000, -1.000000000000000000, -0.000000000000000000 ) ) ;
#1050 = ORIENTED_EDGE ( 'NONE', *, *, #648, .T. ) ;
#1051 = ORIENTED_EDGE ( 'NONE', *, *, #1201, .F. ) ;
#1052 = EDGE_CURVE ( 'NONE', #1231, #856, #427, .T. ) ;
#1053 = CARTESIAN_POINT ( 'NONE',  ( -8.510396002144808847, -254.0000000000000000, -41.90999999999999659 ) ) ;
#1054 = EDGE_CURVE ( 'NONE', #651, #314, #141, .T. ) ;
#1055 = ADVANCED_BREP_SHAPE_REPRESENTATION ( 'Sled Base - Bottom', ( #1064, #374 ), #702 ) ;
#1056 = DIRECTION ( 'NONE',  ( 0.000000000000000000, 0.000000000000000000, 1.000000000000000000 ) ) ;
#1057 = VECTOR ( 'NONE', #972, 999.9999999999998863 ) ;
#1058 = AXIS2_PLACEMENT_3D ( 'NONE', #624, #633, #1235 ) ;
#1059 = ORIENTED_EDGE ( 'NONE', *, *, #1023, .T. ) ;
#1060 = DIRECTION ( 'NONE',  ( 1.000000000000000000, -0.000000000000000000, -0.000000000000000000 ) ) ;
#1061 = DIRECTION ( 'NONE',  ( -0.000000000000000000, 1.000000000000000000, -0.000000000000000000 ) ) ;
#1062 = EDGE_LOOP ( 'NONE', ( #914, #389 ) ) ;
#1063 = CARTESIAN_POINT ( 'NONE',  ( 3.091543583002319462, -312.9280000000001110, -59.68999999999999062 ) ) ;
#1064 = MANIFOLD_SOLID_BREP ( 'Stock-Sled base-1', #1045 ) ;
#1065 = DIRECTION ( 'NONE',  ( -1.000000000000000000, 0.000000000000000000, 0.000000000000000000 ) ) ;
#1066 = ORIENTED_EDGE ( 'NONE', *, *, #1270, .F. ) ;
#1067 = CARTESIAN_POINT ( 'NONE',  ( 3.091543583002316797, -246.3800000000000239, 49.53000000000000114 ) ) ;
#1068 = CARTESIAN_POINT ( 'NONE',  ( -35.64278986883284972, -250.7332183731874125, 59.69000000000000483 ) ) ;
#1069 = DIRECTION ( 'NONE',  ( 2.353763196712085065E-16, 0.000000000000000000, -1.000000000000000000 ) ) ;
#1070 = ORIENTED_EDGE ( 'NONE', *, *, #1403, .F. ) ;
#1071 = CARTESIAN_POINT ( 'NONE',  ( -30.14471713899364502, -280.2926688157243689, -38.88661535296450467 ) ) ;
#1072 = EDGE_CURVE ( 'NONE', #593, #1499, #1017, .T. ) ;
#1073 = VECTOR ( 'NONE', #772, 1000.000000000000000 ) ;
#1074 = AXIS2_PLACEMENT_3D ( 'NONE', #126, #1359, #1344 ) ;
#1075 = ORIENTED_EDGE ( 'NONE', *, *, #186, .F. ) ;
#1076 = ADVANCED_FACE ( 'NONE', ( #76, #550 ), #1280, .T. ) ;
#1077 = CARTESIAN_POINT ( 'NONE',  ( -11.05039600214480622, -305.7883267415827504, -35.91232707288650516 ) ) ;
#1078 = VERTEX_POINT ( 'NONE', #620 ) ;
#1079 = EDGE_LOOP ( 'NONE', ( #37, #345 ) ) ;
#1080 = DIRECTION ( 'NONE',  ( 0.000000000000000000, 0.000000000000000000, -1.000000000000000000 ) ) ;
#1081 = EDGE_CURVE ( 'NONE', #1159, #1413, #1469, .T. ) ;
#1082 = FACE_OUTER_BOUND ( 'NONE', #264, .T. ) ;
#1083 = ADVANCED_FACE ( 'NONE', ( #961 ), #20, .F. ) ;
#1084 = ORIENTED_EDGE ( 'NONE', *, *, #308, .T. ) ;
#1085 = CARTESIAN_POINT ( 'NONE',  ( -25.14471713899361305, -254.0000000000000000, -59.68999999999999062 ) ) ;
#1086 = AXIS2_PLACEMENT_3D ( 'NONE', #442, #691, #1421 ) ;
#1087 = FACE_OUTER_BOUND ( 'NONE', #443, .T. ) ;
#1088 = DIRECTION ( 'NONE',  ( 1.000000000000000000, 0.000000000000000000, 5.980805065379273823E-16 ) ) ;
#1089 = VERTEX_POINT ( 'NONE', #1449 ) ;
#1090 = DIRECTION ( 'NONE',  ( 1.000000000000000000, 0.000000000000000000, -2.375519994490664161E-16 ) ) ;
#1091 = CARTESIAN_POINT ( 'NONE',  ( -21.14471713899364502, -280.2926688157243689, -38.88661535296450467 ) ) ;
#1092 = EDGE_LOOP ( 'NONE', ( #943, #249, #776, #745, #1533, #462 ) ) ;
#1093 = CARTESIAN_POINT ( 'NONE',  ( -10.58770219480161323, -305.7883267415827504, -43.37164256299194420 ) ) ;
#1094 = CARTESIAN_POINT ( 'NONE',  ( -13.59039600214480714, -305.7883267415827504, -35.91232707288650516 ) ) ;
#1095 = LINE ( 'NONE', #13, #1405 ) ;
#1096 = ORIENTED_EDGE ( 'NONE', *, *, #853, .F. ) ;
#1097 = CARTESIAN_POINT ( 'NONE',  ( -25.14471713899364502, -312.9280000000001110, -59.68999999999999062 ) ) ;
#1098 = DIRECTION ( 'NONE',  ( -0.000000000000000000, 1.000000000000000000, -0.000000000000000000 ) ) ;
#1099 = CIRCLE ( 'NONE', #413, 2.540000000000000480 ) ;
#1100 = FACE_OUTER_BOUND ( 'NONE', #1385, .T. ) ;
#1101 = VECTOR ( 'NONE', #1174, 1000.000000000000000 ) ;
#1102 = ORIENTED_EDGE ( 'NONE', *, *, #302, .T. ) ;
#1103 = DIRECTION ( 'NONE',  ( -1.000000000000000000, 0.000000000000000000, -1.241749088029210621E-16 ) ) ;
#1104 = CARTESIAN_POINT ( 'NONE',  ( -32.20942653130907729, -252.9902031773498834, 59.68999999999998352 ) ) ;
#1105 = DIRECTION ( 'NONE',  ( 1.241749088029210621E-16, 0.000000000000000000, -1.000000000000000000 ) ) ;
#1106 = VERTEX_POINT ( 'NONE', #10 ) ;
#1107 = CIRCLE ( 'NONE', #472, 2.199999999999989964 ) ;
#1108 = CARTESIAN_POINT ( 'NONE',  ( -11.05039600214481510, -312.9280000000001110, 20.63417932057435777 ) ) ;
#1109 = EDGE_CURVE ( 'NONE', #890, #1231, #1325, .T. ) ;
#1110 = CARTESIAN_POINT ( 'NONE',  ( -21.14471713899364502, -280.2926688157243689, -41.08661535296448619 ) ) ;
#1111 = EDGE_LOOP ( 'NONE', ( #1339, #104, #1214, #662 ) ) ;
#1112 = FACE_OUTER_BOUND ( 'NONE', #632, .T. ) ;
#1113 = FACE_OUTER_BOUND ( 'NONE', #164, .T. ) ;
#1114 = ORIENTED_EDGE ( 'NONE', *, *, #713, .F. ) ;
#1115 = VECTOR ( 'NONE', #5, 1000.000000000000000 ) ;
#1116 = DIRECTION ( 'NONE',  ( 0.000000000000000000, 0.000000000000000000, 1.000000000000000000 ) ) ;
#1117 = AXIS2_PLACEMENT_3D ( 'NONE', #133, #39, #1358 ) ;
#1118 = PRODUCT ( 'Sled Base - Bottom', 'Sled Base - Bottom', '', ( #1229 ) ) ;
#1119 = LINE ( 'NONE', #1447, #655 ) ;
#1120 = ORIENTED_EDGE ( 'NONE', *, *, #1134, .T. ) ;
#1121 = CARTESIAN_POINT ( 'NONE',  ( -21.14471713899364502, -280.2926688157243689, -41.08661535296448619 ) ) ;
#1122 = EDGE_LOOP ( 'NONE', ( #1409, #1238, #75, #771, #726 ) ) ;
#1123 = DIRECTION ( 'NONE',  ( -1.000000000000000000, 0.000000000000000000, -0.000000000000000000 ) ) ;
#1124 = DIRECTION ( 'NONE',  ( -0.000000000000000000, 1.000000000000000000, -0.000000000000000000 ) ) ;
#1125 = AXIS2_PLACEMENT_3D ( 'NONE', #1386, #160, #276 ) ;
#1126 = EDGE_CURVE ( 'NONE', #1388, #892, #1185, .T. ) ;
#1127 = EDGE_LOOP ( 'NONE', ( #549, #1222, #1197, #764, #629, #1227, #192, #1322, #138, #1537 ) ) ;
#1128 = VECTOR ( 'NONE', #1398, 1000.000000000000000 ) ;
#1129 = EDGE_CURVE ( 'NONE', #433, #390, #559, .T. ) ;
#1130 = VERTEX_POINT ( 'NONE', #1085 ) ;
#1131 = DIRECTION ( 'NONE',  ( 0.000000000000000000, -1.000000000000000000, 0.000000000000000000 ) ) ;
#1132 = DIRECTION ( 'NONE',  ( -1.000000000000000000, 0.000000000000000000, -1.241749088029210621E-16 ) ) ;
#1133 = VECTOR ( 'NONE', #867, 1000.000000000000000 ) ;
#1134 = EDGE_CURVE ( 'NONE', #1288, #1473, #775, .T. ) ;
#1135 = CARTESIAN_POINT ( 'NONE',  ( 3.091543583002316797, -246.3800000000000239, 44.45000000000000284 ) ) ;
#1136 = ORIENTED_EDGE ( 'NONE', *, *, #666, .F. ) ;
#1137 = DIRECTION ( 'NONE',  ( -0.000000000000000000, 1.000000000000000000, -0.000000000000000000 ) ) ;
#1138 = CARTESIAN_POINT ( 'NONE',  ( -29.53204834932027012, -253.6685870938999869, -59.68999999999996220 ) ) ;
#1139 = VECTOR ( 'NONE', #1347, 1000.000000000000000 ) ;
#1140 = CARTESIAN_POINT ( 'NONE',  ( -13.59039600214480714, -305.7883267415827504, -35.91232707288650516 ) ) ;
#1141 = ORIENTED_EDGE ( 'NONE', *, *, #105, .F. ) ;
#1142 = CARTESIAN_POINT ( 'NONE',  ( -10.03442636002317023, -312.9280000000001110, 23.31752960015771947 ) ) ;
#1143 = CARTESIAN_POINT ( 'NONE',  ( -30.14471713899361660, -292.9926688157244143, -12.00161535296447468 ) ) ;
#1144 = EDGE_CURVE ( 'NONE', #520, #1388, #1099, .T. ) ;
#1145 = ADVANCED_FACE ( 'NONE', ( #1333 ), #718, .F. ) ;
#1146 = CARTESIAN_POINT ( 'NONE',  ( 0.000000000000000000, -248.9200000000000159, 0.000000000000000000 ) ) ;
#1147 = VECTOR ( 'NONE', #735, 1000.000000000000000 ) ;
#1148 = ORIENTED_EDGE ( 'NONE', *, *, #516, .T. ) ;
#1149 = DIRECTION ( 'NONE',  ( 1.000000000000000000, 0.000000000000000000, 1.241749088029210621E-16 ) ) ;
#1150 = CARTESIAN_POINT ( 'NONE',  ( -35.64582053480310719, -250.7291470720214193, -59.68999999999996220 ) ) ;
#1151 = ADVANCED_FACE ( 'NONE', ( #971 ), #1315, .F. ) ;
#1152 = FACE_OUTER_BOUND ( 'NONE', #1493, .T. ) ;
#1153 = ORIENTED_EDGE ( 'NONE', *, *, #36, .F. ) ;
#1154 = DIRECTION ( 'NONE',  ( 0.000000000000000000, -1.000000000000000000, 0.000000000000000000 ) ) ;
#1155 = DIRECTION ( 'NONE',  ( -1.000000000000000000, 0.000000000000000000, -1.241749088029210621E-16 ) ) ;
#1156 = DIRECTION ( 'NONE',  ( -2.245174760611107653E-16, 0.000000000000000000, 1.000000000000000000 ) ) ;
#1157 = VECTOR ( 'NONE', #660, 1000.000000000000000 ) ;
#1158 = DIRECTION ( 'NONE',  ( -1.000000000000000000, -0.000000000000000000, -0.000000000000000000 ) ) ;
#1159 = VERTEX_POINT ( 'NONE', #132 ) ;
#1160 = SURFACE_STYLE_FILL_AREA ( #1420 ) ;
#1161 = DIRECTION ( 'NONE',  ( 1.000000000000000000, 0.000000000000000000, 1.241749088029210621E-16 ) ) ;
#1162 = ORIENTED_EDGE ( 'NONE', *, *, #331, .T. ) ;
#1163 = DIRECTION ( 'NONE',  ( -2.245174760611107653E-16, 0.000000000000000000, 1.000000000000000000 ) ) ;
#1164 = CARTESIAN_POINT ( 'NONE',  ( -10.72828716614656130, -307.9316015333519658, -43.15448945135852910 ) ) ;
#1165 = DIRECTION ( 'NONE',  ( -0.000000000000000000, 1.000000000000000000, -0.000000000000000000 ) ) ;
#1166 = ADVANCED_FACE ( 'NONE', ( #861 ), #1253, .T. ) ;
#1167 = AXIS2_PLACEMENT_3D ( 'NONE', #1410, #321, #1534 ) ;
#1168 = ORIENTED_EDGE ( 'NONE', *, *, #913, .F. ) ;
#1169 = DIRECTION ( 'NONE',  ( 0.000000000000000000, 0.000000000000000000, -1.000000000000000000 ) ) ;
#1170 = CARTESIAN_POINT ( 'NONE',  ( 3.091543583002315465, -254.0000000000000000, -54.60999999999998522 ) ) ;
#1171 = ORIENTED_EDGE ( 'NONE', *, *, #1054, .F. ) ;
#1172 = CARTESIAN_POINT ( 'NONE',  ( 3.091543583002315465, -312.9280000000001110, 54.60999999999999233 ) ) ;
#1173 = CIRCLE ( 'NONE', #1202, 2.199999999999979750 ) ;
#1174 = DIRECTION ( 'NONE',  ( -1.000000000000000000, -0.000000000000000000, -0.000000000000000000 ) ) ;
#1175 = AXIS2_PLACEMENT_3D ( 'NONE', #383, #1237, #16 ) ;
#1176 = ORIENTED_EDGE ( 'NONE', *, *, #1487, .F. ) ;
#1177 = LINE ( 'NONE', #205, #1010 ) ;
#1178 = ORIENTED_EDGE ( 'NONE', *, *, #1408, .T. ) ;
#1179 = DIRECTION ( 'NONE',  ( -1.000000000000000000, 0.000000000000000000, 2.375519994490664161E-16 ) ) ;
#1180 = CARTESIAN_POINT ( 'NONE',  ( -25.14471713899364502, -312.9280000000001110, -59.68999999999999062 ) ) ;
#1181 = VECTOR ( 'NONE', #948, 999.9999999999998863 ) ;
#1182 = B_SPLINE_CURVE_WITH_KNOTS ( 'NONE', 3,
 ( #1404, #208, #219, #228, #1549, #915, #581, #687, #87, #560, #1396, #311, #193, #1414 ),
 .UNSPECIFIED., .F., .F.,
 ( 4, 2, 2, 2, 2, 2, 4 ),
 ( 0.000000000000000000, 0.001575668262475792307, 0.002363502393713697025, 0.003151336524951601960, 0.003939170656189506896, 0.004727004787427411397, 0.006302673049903222136 ),
 .UNSPECIFIED. ) ;
#1183 = CIRCLE ( 'NONE', #1058, 6.571751345948145584 ) ;
#1184 = ORIENTED_EDGE ( 'NONE', *, *, #122, .T. ) ;
#1185 = LINE ( 'NONE', #110, #1251 ) ;
#1186 = CARTESIAN_POINT ( 'NONE',  ( -4.050396002144814211, -305.7883267415828072, 23.58767292711352326 ) ) ;
#1187 = DIRECTION ( 'NONE',  ( 0.000000000000000000, 0.000000000000000000, 1.000000000000000000 ) ) ;
#1188 = ORIENTED_EDGE ( 'NONE', *, *, #781, .T. ) ;
#1189 = EDGE_CURVE ( 'NONE', #1522, #892, #31, .T. ) ;
#1190 = EDGE_CURVE ( 'NONE', #532, #1289, #563, .T. ) ;
#1191 = DIRECTION ( 'NONE',  ( 1.000000000000000000, 0.000000000000000000, 0.000000000000000000 ) ) ;
#1192 = EDGE_LOOP ( 'NONE', ( #601, #792, #729, #799 ) ) ;
#1193 = DIRECTION ( 'NONE',  ( 0.000000000000000000, 0.000000000000000000, 1.000000000000000000 ) ) ;
#1194 = EDGE_CURVE ( 'NONE', #1499, #704, #1016, .T. ) ;
#1195 = CARTESIAN_POINT ( 'NONE',  ( -25.14471713899364502, -280.2926688157243689, -34.51486400701629975 ) ) ;
#1196 = AXIS2_PLACEMENT_3D ( 'NONE', #1223, #257, #1206 ) ;
#1197 = ORIENTED_EDGE ( 'NONE', *, *, #713, .T. ) ;
#1198 = EDGE_LOOP ( 'NONE', ( #1462, #752, #734, #1066 ) ) ;
#1199 = DIRECTION ( 'NONE',  ( 0.000000000000000000, -1.000000000000000000, 0.000000000000000000 ) ) ;
#1200 = DIRECTION ( 'NONE',  ( 1.000000000000000000, 0.000000000000000000, -5.980805065379277767E-16 ) ) ;
#1201 = EDGE_CURVE ( 'NONE', #367, #60, #82, .T. ) ;
#1202 = AXIS2_PLACEMENT_3D ( 'NONE', #1046, #1418, #706 ) ;
#1203 = CARTESIAN_POINT ( 'NONE',  ( -13.59039600214481425, -305.7883267415828072, 23.58767292711352326 ) ) ;
#1204 = AXIS2_PLACEMENT_3D ( 'NONE', #461, #112, #692 ) ;
#1205 = ORIENTED_EDGE ( 'NONE', *, *, #34, .T. ) ;
#1206 = DIRECTION ( 'NONE',  ( 1.241749088029210621E-16, 0.000000000000000000, -1.000000000000000000 ) ) ;
#1207 = CARTESIAN_POINT ( 'NONE',  ( 0.000000000000000000, -246.3800000000000239, 0.000000000000000000 ) ) ;
#1208 = PLANE ( 'NONE',  #524 ) ;
#1209 = ORIENTED_EDGE ( 'NONE', *, *, #363, .F. ) ;
#1210 = FACE_OUTER_BOUND ( 'NONE', #1494, .T. ) ;
#1211 = CARTESIAN_POINT ( 'NONE',  ( 3.091543583002316353, -312.9280000000001110, 49.53000000000000114 ) ) ;
#1212 = UNCERTAINTY_MEASURE_WITH_UNIT (LENGTH_MEASURE( 1.000000000000000082E-05 ), #213, 'distance_accuracy_value', 'NONE');
#1213 = AXIS2_PLACEMENT_3D ( 'NONE', #1170, #926, #829 ) ;
#1214 = ORIENTED_EDGE ( 'NONE', *, *, #756, .F. ) ;
#1215 = DIRECTION ( 'NONE',  ( -1.000000000000000000, 0.000000000000000000, 0.000000000000000000 ) ) ;
#1216 = AXIS2_PLACEMENT_3D ( 'NONE', #1172, #809, #944 ) ;
#1217 = DIRECTION ( 'NONE',  ( 0.000000000000000000, -0.000000000000000000, 1.000000000000000000 ) ) ;
#1218 = DIRECTION ( 'NONE',  ( -1.000000000000000000, 0.000000000000000000, 0.000000000000000000 ) ) ;
#1219 = VERTEX_POINT ( 'NONE', #1024 ) ;
#1220 = CARTESIAN_POINT ( 'NONE',  ( 0.000000000000000000, -312.9280000000001110, 50.79999999999999716 ) ) ;
#1221 = EDGE_CURVE ( 'NONE', #1289, #651, #1391, .T. ) ;
#1222 = ORIENTED_EDGE ( 'NONE', *, *, #733, .T. ) ;
#1223 = CARTESIAN_POINT ( 'NONE',  ( -4.050396002144805330, -305.7883267415827504, -35.91232707288650516 ) ) ;
#1224 = ADVANCED_FACE ( 'NONE', ( #305 ), #774, .F. ) ;
#1225 = CARTESIAN_POINT ( 'NONE',  ( 4.665904304751414509E-16, -435.6100000000001273, -54.60999999999999943 ) ) ;
#1226 = DIRECTION ( 'NONE',  ( -1.000000000000000000, 0.000000000000000000, -1.241749088029210621E-16 ) ) ;
#1227 = ORIENTED_EDGE ( 'NONE', *, *, #1545, .T. ) ;
#1228 = LINE ( 'NONE', #153, #866 ) ;
#1229 = PRODUCT_CONTEXT ( 'NONE', #83, 'mechanical' ) ;
#1230 = VECTOR ( 'NONE', #1038, 1000.000000000000000 ) ;
#1231 = VERTEX_POINT ( 'NONE', #312 ) ;
#1232 = LINE ( 'NONE', #117, #229 ) ;
#1233 = DIRECTION ( 'NONE',  ( 0.000000000000000000, 1.000000000000000000, 0.000000000000000000 ) ) ;
#1234 = VERTEX_POINT ( 'NONE', #284 ) ;
#1235 = DIRECTION ( 'NONE',  ( 0.000000000000000000, 0.000000000000000000, -1.000000000000000000 ) ) ;
#1236 = CARTESIAN_POINT ( 'NONE',  ( -25.14471713899364502, -312.9280000000001110, 59.68999999999996930 ) ) ;
#1237 = DIRECTION ( 'NONE',  ( -1.000000000000000000, -0.000000000000000000, -1.241749088029210621E-16 ) ) ;
#1238 = ORIENTED_EDGE ( 'NONE', *, *, #645, .T. ) ;
#1239 = CARTESIAN_POINT ( 'NONE',  ( -21.14471713899364502, -292.9926688157244143, -15.68661535296448584 ) ) ;
#1240 = EDGE_LOOP ( 'NONE', ( #285, #1176 ) ) ;
#1241 = CARTESIAN_POINT ( 'NONE',  ( -11.05039600214480799, -300.9173947794017181, -41.90999999999999659 ) ) ;
#1242 = CIRCLE ( 'NONE', #506, 5.080000000000008065 ) ;
#1243 = CARTESIAN_POINT ( 'NONE',  ( -36.06445361092594482, -250.0092030906457694, -59.68999999999994799 ) ) ;
#1244 = EDGE_CURVE ( 'NONE', #1234, #479, #697, .T. ) ;
#1245 = DIRECTION ( 'NONE',  ( 1.000000000000000000, 0.000000000000000000, 1.241749088029210621E-16 ) ) ;
#1246 = VERTEX_POINT ( 'NONE', #553 ) ;
#1247 = ORIENTED_EDGE ( 'NONE', *, *, #73, .T. ) ;
#1248 = CARTESIAN_POINT ( 'NONE',  ( -10.75715293483612278, -312.9280000000000541, 26.09826090907087703 ) ) ;
#1249 = ADVANCED_FACE ( 'NONE', ( #58 ), #782, .F. ) ;
#1250 = CARTESIAN_POINT ( 'NONE',  ( -35.94450235470994670, -250.2575591867961009, -59.68999999999996220 ) ) ;
#1251 = VECTOR ( 'NONE', #586, 1000.000000000000000 ) ;
#1252 = CARTESIAN_POINT ( 'NONE',  ( 8.171543583002316424, -246.3800000000000239, 49.53000000000000114 ) ) ;
#1253 = CONICAL_SURFACE ( 'NONE', #802, 3.685000000000007603, 0.5235987755983053660 ) ;
#1254 = ORIENTED_EDGE ( 'NONE', *, *, #1007, .F. ) ;
#1255 = FACE_OUTER_BOUND ( 'NONE', #1198, .T. ) ;
#1256 = CARTESIAN_POINT ( 'NONE',  ( -32.73196687769291202, -252.7937759531947961, -59.68999999999998352 ) ) ;
#1257 = AXIS2_PLACEMENT_3D ( 'NONE', #206, #453, #1069 ) ;
#1258 = DIRECTION ( 'NONE',  ( -0.000000000000000000, 1.000000000000000000, -0.000000000000000000 ) ) ;
#1259 = ADVANCED_FACE ( 'NONE', ( #1517 ), #901, .T. ) ;
#1260 = ORIENTED_EDGE ( 'NONE', *, *, #783, .T. ) ;
#1261 = CARTESIAN_POINT ( 'NONE',  ( -25.14471713899364502, -292.9926688157244143, -22.25836669891263142 ) ) ;
#1262 = FACE_OUTER_BOUND ( 'NONE', #109, .T. ) ;
#1263 = ORIENTED_EDGE ( 'NONE', *, *, #287, .F. ) ;
#1264 = VECTOR ( 'NONE', #616, 1000.000000000000000 ) ;
#1265 = VECTOR ( 'NONE', #857, 1000.000000000000000 ) ;
#1266 = ADVANCED_FACE ( 'NONE', ( #1152 ), #1505, .F. ) ;
#1267 = DIRECTION ( 'NONE',  ( 0.000000000000000000, 0.000000000000000000, 1.000000000000000000 ) ) ;
#1268 = ORIENTED_EDGE ( 'NONE', *, *, #679, .F. ) ;
#1269 = DIRECTION ( 'NONE',  ( -0.000000000000000000, 1.000000000000000000, -0.000000000000000000 ) ) ;
#1270 = EDGE_CURVE ( 'NONE', #314, #651, #147, .T. ) ;
#1271 = CARTESIAN_POINT ( 'NONE',  ( -21.14471713899364502, -292.9926688157244143, -13.48661535296449543 ) ) ;
#1272 = CARTESIAN_POINT ( 'NONE',  ( -30.14471713899364502, -292.9926688157244143, -15.68661535296448584 ) ) ;
#1273 = ORIENTED_EDGE ( 'NONE', *, *, #43, .T. ) ;
#1274 = CARTESIAN_POINT ( 'NONE',  ( -4.050396002144805330, -305.7883267415827504, -33.71232707288654495 ) ) ;
#1275 = PLANE ( 'NONE',  #1338 ) ;
#1276 = ORIENTED_EDGE ( 'NONE', *, *, #800, .F. ) ;
#1277 = LINE ( 'NONE', #1424, #63 ) ;
#1278 = CARTESIAN_POINT ( 'NONE',  ( -11.05039600214480977, -310.4890778319522155, -42.04821017883638490 ) ) ;
#1279 = EDGE_LOOP ( 'NONE', ( #1188, #1205 ) ) ;
#1280 = PLANE ( 'NONE',  #1196 ) ;
#1281 = CARTESIAN_POINT ( 'NONE',  ( -30.14471713899364502, -292.9926688157244143, -13.48661535296449543 ) ) ;
#1282 = CARTESIAN_POINT ( 'NONE',  ( 3.091543583002315465, -254.0000000000000000, 54.60999999999998522 ) ) ;
#1283 = EDGE_CURVE ( 'NONE', #1473, #878, #891, .T. ) ;
#1284 = VECTOR ( 'NONE', #1320, 1000.000000000000000 ) ;
#1285 = FACE_OUTER_BOUND ( 'NONE', #843, .T. ) ;
#1286 = ORIENTED_EDGE ( 'NONE', *, *, #358, .T. ) ;
#1287 = CYLINDRICAL_SURFACE ( 'NONE', #1213, 5.080000000000008065 ) ;
#1288 = VERTEX_POINT ( 'NONE', #1252 ) ;
#1289 = VERTEX_POINT ( 'NONE', #1498 ) ;
#1290 = ADVANCED_FACE ( 'NONE', ( #410 ), #592, .T. ) ;
#1291 = CARTESIAN_POINT ( 'NONE',  ( 3.091543583002320350, -312.9280000000001110, -44.45000000000000284 ) ) ;
#1292 = EDGE_CURVE ( 'NONE', #1005, #949, #851, .T. ) ;
#1293 = DIRECTION ( 'NONE',  ( 0.000000000000000000, 0.000000000000000000, 1.000000000000000000 ) ) ;
#1294 = STYLED_ITEM ( 'NONE', ( #1296 ), #1064 ) ;
#1295 = VERTEX_POINT ( 'NONE', #1384 ) ;
#1296 = PRESENTATION_STYLE_ASSIGNMENT (( #85 ) ) ;
#1297 = CARTESIAN_POINT ( 'NONE',  ( -30.14471713899364502, -280.2926688157243689, -41.08661535296448619 ) ) ;
#1298 = ORIENTED_EDGE ( 'NONE', *, *, #122, .F. ) ;
#1299 = DIRECTION ( 'NONE',  ( 1.000000000000000000, 0.000000000000000000, 1.241749088029210621E-16 ) ) ;
#1300 = AXIS2_PLACEMENT_3D ( 'NONE', #673, #1526, #795 ) ;
#1301 = AXIS2_PLACEMENT_3D ( 'NONE', #881, #1489, #30 ) ;
#1302 = DIRECTION ( 'NONE',  ( -1.000000000000000000, 0.000000000000000000, 0.000000000000000000 ) ) ;
#1303 = ORIENTED_EDGE ( 'NONE', *, *, #590, .T. ) ;
#1304 =( NAMED_UNIT ( * ) SI_UNIT ( $, .STERADIAN. ) SOLID_ANGLE_UNIT ( ) );
#1305 = EDGE_CURVE ( 'NONE', #856, #1089, #998, .T. ) ;
#1306 = CARTESIAN_POINT ( 'NONE',  ( -11.05039600214481688, -254.0000000000000000, 41.90999999999999659 ) ) ;
#1307 = ORIENTED_EDGE ( 'NONE', *, *, #611, .T. ) ;
#1308 = VERTEX_POINT ( 'NONE', #69 ) ;
#1309 = FACE_OUTER_BOUND ( 'NONE', #1111, .T. ) ;
#1310 = DIRECTION ( 'NONE',  ( 2.353763196712073725E-16, 0.000000000000000000, -1.000000000000000000 ) ) ;
#1311 = AXIS2_PLACEMENT_3D ( 'NONE', #1207, #962, #1217 ) ;
#1312 = ADVANCED_FACE ( 'NONE', ( #1082 ), #214, .T. ) ;
#1313 = AXIS2_PLACEMENT_3D ( 'NONE', #327, #72, #695 ) ;
#1314 = ORIENTED_EDGE ( 'NONE', *, *, #128, .F. ) ;
#1315 = CYLINDRICAL_SURFACE ( 'NONE', #1378, 2.199999999999938005 ) ;
#1316 = DIRECTION ( 'NONE',  ( 0.000000000000000000, 0.000000000000000000, -1.000000000000000000 ) ) ;
#1317 = VERTEX_POINT ( 'NONE', #1071 ) ;
#1318 = ORIENTED_EDGE ( 'NONE', *, *, #1072, .T. ) ;
#1319 = EDGE_CURVE ( 'NONE', #1543, #367, #1173, .T. ) ;
#1320 = DIRECTION ( 'NONE',  ( -1.241749088029210375E-16, -0.000000000000000000, 1.000000000000000000 ) ) ;
#1321 = CARTESIAN_POINT ( 'NONE',  ( -30.14471713899364502, -280.2926688157243689, -37.40161535296447681 ) ) ;
#1322 = ORIENTED_EDGE ( 'NONE', *, *, #800, .T. ) ;
#1323 = CARTESIAN_POINT ( 'NONE',  ( -10.60691463211632346, -306.6494359724611627, -43.34539496799975211 ) ) ;
#1324 = CARTESIAN_POINT ( 'NONE',  ( -36.27845641699767754, -249.2016710939358006, 59.68999999999999773 ) ) ;
#1325 = CIRCLE ( 'NONE', #366, 69.84999999999998010 ) ;
#1326 = CARTESIAN_POINT ( 'NONE',  ( -30.14471713899364502, -280.2926688157243689, -41.08661535296448619 ) ) ;
#1327 = ORIENTED_EDGE ( 'NONE', *, *, #304, .F. ) ;
#1328 = LINE ( 'NONE', #875, #1264 ) ;
#1329 = AXIS2_PLACEMENT_3D ( 'NONE', #1444, #1215, #835 ) ;
#1330 = CARTESIAN_POINT ( 'NONE',  ( 8.171543583002318201, -312.9280000000001110, 54.60999999999999233 ) ) ;
#1331 = AXIS2_PLACEMENT_3D ( 'NONE', #1211, #263, #7 ) ;
#1332 = EDGE_LOOP ( 'NONE', ( #359, #933, #568, #53 ) ) ;
#1333 = FACE_OUTER_BOUND ( 'NONE', #1192, .T. ) ;
#1334 = CARTESIAN_POINT ( 'NONE',  ( -32.73171704981539420, -252.7935738461692949, 59.68999999999998352 ) ) ;
#1335 = DIRECTION ( 'NONE',  ( 0.000000000000000000, 0.000000000000000000, 1.000000000000000000 ) ) ;
#1336 = ORIENTED_EDGE ( 'NONE', *, *, #561, .T. ) ;
#1337 = EDGE_CURVE ( 'NONE', #981, #585, #523, .T. ) ;
#1338 = AXIS2_PLACEMENT_3D ( 'NONE', #935, #557, #820 ) ;
#1339 = ORIENTED_EDGE ( 'NONE', *, *, #351, .F. ) ;
#1340 = DIRECTION ( 'NONE',  ( 0.000000000000000000, 0.000000000000000000, -1.000000000000000000 ) ) ;
#1341 = EDGE_CURVE ( 'NONE', #739, #28, #1532, .T. ) ;
#1342 = AXIS2_PLACEMENT_3D ( 'NONE', #1220, #1354, #504 ) ;
#1343 = CARTESIAN_POINT ( 'NONE',  ( -35.94221681429459636, -250.2618690504731092, 59.68999999999998352 ) ) ;
#1344 = DIRECTION ( 'NONE',  ( 0.000000000000000000, 0.000000000000000000, 1.000000000000000000 ) ) ;
#1345 = VERTEX_POINT ( 'NONE', #474 ) ;
#1346 = DIRECTION ( 'NONE',  ( 1.000000000000000000, 0.000000000000000000, -0.000000000000000000 ) ) ;
#1347 = DIRECTION ( 'NONE',  ( 1.000000000000000000, -0.000000000000000000, -0.000000000000000000 ) ) ;
#1348 =( LENGTH_UNIT ( ) NAMED_UNIT ( * ) SI_UNIT ( .MILLI., .METRE. ) );
#1349 = ORIENTED_EDGE ( 'NONE', *, *, #686, .T. ) ;
#1350 = CARTESIAN_POINT ( 'NONE',  ( 99.69360399785522020, -305.7883267415828072, 23.58767292711353747 ) ) ;
#1351 = CARTESIAN_POINT ( 'NONE',  ( -29.54384185590060952, -253.6862489473858489, 59.68999999999999062 ) ) ;
#1352 = DIRECTION ( 'NONE',  ( 1.000000000000000000, 0.000000000000000000, 1.241749088029210621E-16 ) ) ;
#1353 = ORIENTED_EDGE ( 'NONE', *, *, #635, .F. ) ;
#1354 = DIRECTION ( 'NONE',  ( 0.000000000000000000, -1.000000000000000000, 0.000000000000000000 ) ) ;
#1355 = CARTESIAN_POINT ( 'NONE',  ( -30.14471713899364502, -280.2926688157243689, -41.08661535296448619 ) ) ;
#1356 = ORIENTED_EDGE ( 'NONE', *, *, #869, .T. ) ;
#1357 = CIRCLE ( 'NONE', #1, 5.080000000000008065 ) ;
#1358 = DIRECTION ( 'NONE',  ( 0.000000000000000000, 0.000000000000000000, -1.000000000000000000 ) ) ;
#1359 = DIRECTION ( 'NONE',  ( -1.000000000000000000, 0.000000000000000000, 0.000000000000000000 ) ) ;
#1360 = VERTEX_POINT ( 'NONE', #2 ) ;
#1361 = DIRECTION ( 'NONE',  ( 1.000000000000000000, 0.000000000000000000, -0.000000000000000000 ) ) ;
#1362 = ADVANCED_FACE ( 'NONE', ( #1285 ), #625, .T. ) ;
#1363 = LINE ( 'NONE', #1008, #1157 ) ;
#1364 = SHAPE_DEFINITION_REPRESENTATION ( #639, #1055 ) ;
#1365 = ORIENTED_EDGE ( 'NONE', *, *, #1189, .T. ) ;
#1366 = EDGE_CURVE ( 'NONE', #235, #1234, #114, .T. ) ;
#1367 = ORIENTED_EDGE ( 'NONE', *, *, #1011, .T. ) ;
#1368 = CARTESIAN_POINT ( 'NONE',  ( 3.091543583002315465, -254.0000000000000000, 59.68999999999999062 ) ) ;
#1369 = CIRCLE ( 'NONE', #8, 3.685000000000011156 ) ;
#1370 = DIRECTION ( 'NONE',  ( 0.000000000000000000, 0.000000000000000000, 1.000000000000000000 ) ) ;
#1371 = EDGE_CURVE ( 'NONE', #1295, #227, #1401, .T. ) ;
#1372 = CARTESIAN_POINT ( 'NONE',  ( 0.000000000000000000, -435.6100000000001273, -46.98999999999999488 ) ) ;
#1373 = ORIENTED_EDGE ( 'NONE', *, *, #1292, .T. ) ;
#1374 = FACE_OUTER_BOUND ( 'NONE', #6, .T. ) ;
#1375 = CARTESIAN_POINT ( 'NONE',  ( -31.15269982527862069, -253.3186223220828026, -59.68999999999995509 ) ) ;
#1376 = AXIS2_PLACEMENT_3D ( 'NONE', #658, #1137, #575 ) ;
#1377 = CARTESIAN_POINT ( 'NONE',  ( 0.000000000000000000, -248.9200000000000159, 0.000000000000000000 ) ) ;
#1378 = AXIS2_PLACEMENT_3D ( 'NONE', #233, #360, #1193 ) ;
#1379 = ORIENTED_EDGE ( 'NONE', *, *, #1371, .T. ) ;
#1380 = CARTESIAN_POINT ( 'NONE',  ( -13.59039600214480714, -305.7883267415827504, -33.71232707288654495 ) ) ;
#1381 = DIRECTION ( 'NONE',  ( 0.8660254037844370423, 6.123233995736800549E-17, 0.5000000000000028866 ) ) ;
#1382 = CIRCLE ( 'NONE', #975, 2.199999999999958877 ) ;
#1383 = AXIS2_PLACEMENT_3D ( 'NONE', #155, #850, #1475 ) ;
#1384 = CARTESIAN_POINT ( 'NONE',  ( -4.050396002144815100, -305.7883267415828072, 27.27267292711353974 ) ) ;
#1385 = EDGE_LOOP ( 'NONE', ( #245, #1318, #163, #537 ) ) ;
#1386 = CARTESIAN_POINT ( 'NONE',  ( 99.69360399785523441, -305.7883267415827504, -35.91232707288649095 ) ) ;
#1387 = DIRECTION ( 'NONE',  ( 0.000000000000000000, -1.000000000000000000, 0.000000000000000000 ) ) ;
#1388 = VERTEX_POINT ( 'NONE', #89 ) ;
#1389 = VECTOR ( 'NONE', #1394, 1000.000000000000000 ) ;
#1390 = AXIS2_PLACEMENT_3D ( 'NONE', #15, #1346, #1454 ) ;
#1391 = LINE ( 'NONE', #1372, #1529 ) ;
#1392 = B_SPLINE_CURVE_WITH_KNOTS ( 'NONE', 3,
 ( #1108, #299, #785, #883, #1495, #513, #1142, #995, #533, #652, #1482, #419, #1248, #663 ),
 .UNSPECIFIED., .F., .F.,
 ( 4, 2, 2, 2, 2, 2, 4 ),
 ( 0.000000000000000000, 0.001575668262475915255, 0.002363502393713867895, 0.003151336524951820536, 0.003939170656189773176, 0.004727004787427725382, 0.006302673049903631530 ),
 .UNSPECIFIED. ) ;
#1393 = VERTEX_POINT ( 'NONE', #1321 ) ;
#1394 = DIRECTION ( 'NONE',  ( -1.000000000000000000, -0.000000000000000000, -0.000000000000000000 ) ) ;
#1395 = ORIENTED_EDGE ( 'NONE', *, *, #1023, .F. ) ;
#1396 = CARTESIAN_POINT ( 'NONE',  ( -10.22925770294009240, -312.9280000000000541, -34.61570060633226831 ) ) ;
#1397 = AXIS2_PLACEMENT_3D ( 'NONE', #178, #1131, #67 ) ;
#1398 = DIRECTION ( 'NONE',  ( -0.000000000000000000, 1.000000000000000000, -0.000000000000000000 ) ) ;
#1399 = EDGE_LOOP ( 'NONE', ( #885, #1000 ) ) ;
#1400 = FACE_BOUND ( 'NONE', #1437, .T. ) ;
#1401 = CIRCLE ( 'NONE', #1506, 3.685000000000018261 ) ;
#1402 = DIRECTION ( 'NONE',  ( 0.000000000000000000, 0.000000000000000000, 1.000000000000000000 ) ) ;
#1403 = EDGE_CURVE ( 'NONE', #1393, #649, #696, .T. ) ;
#1404 = CARTESIAN_POINT ( 'NONE',  ( -11.05039600214480622, -312.9280000000001110, -38.86582067942549656 ) ) ;
#1405 = VECTOR ( 'NONE', #484, 1000.000000000000000 ) ;
#1406 = DIRECTION ( 'NONE',  ( -1.000000000000000000, -0.000000000000000000, -0.000000000000000000 ) ) ;
#1407 = AXIS2_PLACEMENT_3D ( 'NONE', #817, #348, #1056 ) ;
#1408 = EDGE_CURVE ( 'NONE', #974, #1468, #826, .T. ) ;
#1409 = ORIENTED_EDGE ( 'NONE', *, *, #783, .F. ) ;
#1410 = CARTESIAN_POINT ( 'NONE',  ( 3.091543583002315465, -312.9280000000001110, 54.60999999999999233 ) ) ;
#1411 = LINE ( 'NONE', #685, #836 ) ;
#1412 = EDGE_LOOP ( 'NONE', ( #1141, #1263, #818, #454 ) ) ;
#1413 = VERTEX_POINT ( 'NONE', #562 ) ;
#1414 = CARTESIAN_POINT ( 'NONE',  ( -11.05039600214480622, -312.9280000000001110, -32.95883346634750666 ) ) ;
#1415 = LINE ( 'NONE', #337, #179 ) ;
#1416 = VECTOR ( 'NONE', #1061, 1000.000000000000000 ) ;
#1417 = CIRCLE ( 'NONE', #508, 7.726451884327426356 ) ;
#1418 = DIRECTION ( 'NONE',  ( -1.000000000000000000, 0.000000000000000000, 0.000000000000000000 ) ) ;
#1419 = ORIENTED_EDGE ( 'NONE', *, *, #896, .T. ) ;
#1420 = FILL_AREA_STYLE ('',( #684 ) ) ;
#1421 = DIRECTION ( 'NONE',  ( 1.241749088029210621E-16, 0.000000000000000000, -1.000000000000000000 ) ) ;
#1422 = DIRECTION ( 'NONE',  ( -1.000000000000000000, 0.000000000000000000, 0.000000000000000000 ) ) ;
#1423 = ORIENTED_EDGE ( 'NONE', *, *, #171, .F. ) ;
#1424 = CARTESIAN_POINT ( 'NONE',  ( 99.69360399785522020, -305.7883267415828072, 25.78767292711347281 ) ) ;
#1425 = DIRECTION ( 'NONE',  ( 0.000000000000000000, 0.000000000000000000, -1.000000000000000000 ) ) ;
#1426 = EDGE_CURVE ( 'NONE', #739, #619, #52, .T. ) ;
#1427 = AXIS2_PLACEMENT_3D ( 'NONE', #669, #893, #904 ) ;
#1428 = ORIENTED_EDGE ( 'NONE', *, *, #1426, .T. ) ;
#1429 = CARTESIAN_POINT ( 'NONE',  ( -21.14471713899364502, -292.9926688157244143, -13.48661535296449543 ) ) ;
#1430 = ADVANCED_FACE ( 'NONE', ( #319 ), #572, .F. ) ;
#1431 = FACE_OUTER_BOUND ( 'NONE', #927, .T. ) ;
#1432 = FACE_OUTER_BOUND ( 'NONE', #1433, .T. ) ;
#1433 = EDGE_LOOP ( 'NONE', ( #928, #589, #937, #269, #712, #831 ) ) ;
#1434 = DIRECTION ( 'NONE',  ( -1.000000000000000000, 0.000000000000000000, -1.241749088029210621E-16 ) ) ;
#1435 = DIRECTION ( 'NONE',  ( 0.000000000000000000, 0.000000000000000000, -1.000000000000000000 ) ) ;
#1436 = ADVANCED_FACE ( 'NONE', ( #202 ), #688, .T. ) ;
#1437 = EDGE_LOOP ( 'NONE', ( #1356, #340 ) ) ;
#1438 = DIRECTION ( 'NONE',  ( 0.000000000000000000, 1.000000000000000000, 0.000000000000000000 ) ) ;
#1439 = CARTESIAN_POINT ( 'NONE',  ( -34.19874662576128799, -252.0279998629900717, 59.68999999999999062 ) ) ;
#1440 = ORIENTED_EDGE ( 'NONE', *, *, #358, .F. ) ;
#1441 = CARTESIAN_POINT ( 'NONE',  ( -8.510396002144807071, -312.9280000000001110, 41.91000000000000369 ) ) ;
#1442 = AXIS2_PLACEMENT_3D ( 'NONE', #452, #460, #225 ) ;
#1443 = ORIENTED_EDGE ( 'NONE', *, *, #149, .F. ) ;
#1444 = CARTESIAN_POINT ( 'NONE',  ( 8.171543583002316424, -254.0000000000000000, -54.60999999999998522 ) ) ;
#1445 = CARTESIAN_POINT ( 'NONE',  ( 99.69360399785522020, -305.7883267415828072, 21.38767292711359858 ) ) ;
#1446 = ORIENTED_EDGE ( 'NONE', *, *, #1109, .T. ) ;
#1447 = CARTESIAN_POINT ( 'NONE',  ( -30.14471713899365213, -280.2926688157243689, -44.77161535296448847 ) ) ;
#1448 = ORIENTED_EDGE ( 'NONE', *, *, #516, .F. ) ;
#1449 = CARTESIAN_POINT ( 'NONE',  ( -36.27845641699767754, -248.9200000000000159, 59.68999999999999062 ) ) ;
#1450 = CARTESIAN_POINT ( 'NONE',  ( -4.050396002144825758, -305.7883267415827504, -32.22732707288650289 ) ) ;
#1451 = AXIS2_PLACEMENT_3D ( 'NONE', #377, #468, #947 ) ;
#1452 = CARTESIAN_POINT ( 'NONE',  ( 99.69360399785523441, -305.7883267415827504, -33.71232707288653074 ) ) ;
#1453 = EDGE_LOOP ( 'NONE', ( #411, #3, #1440, #1446 ) ) ;
#1454 = DIRECTION ( 'NONE',  ( 0.000000000000000000, 0.000000000000000000, -1.000000000000000000 ) ) ;
#1455 = FACE_OUTER_BOUND ( 'NONE', #279, .T. ) ;
#1456 = EDGE_CURVE ( 'NONE', #1413, #806, #231, .T. ) ;
#1457 = AXIS2_PLACEMENT_3D ( 'NONE', #1012, #416, #175 ) ;
#1458 = ADVANCED_FACE ( 'NONE', ( #945 ), #1461, .T. ) ;
#1459 = CYLINDRICAL_SURFACE ( 'NONE', #780, 2.199999999999979750 ) ;
#1460 = VECTOR ( 'NONE', #344, 1000.000000000000000 ) ;
#1461 = CONICAL_SURFACE ( 'NONE', #1407, 3.685000000000000941, 0.5235987755983029235 ) ;
#1462 = ORIENTED_EDGE ( 'NONE', *, *, #615, .F. ) ;
#1463 = CARTESIAN_POINT ( 'NONE',  ( -35.08211848318248371, -251.3511713663093587, 59.69000000000000483 ) ) ;
#1464 = LINE ( 'NONE', #259, #248 ) ;
#1465 = ORIENTED_EDGE ( 'NONE', *, *, #701, .F. ) ;
#1466 = CYLINDRICAL_SURFACE ( 'NONE', #988, 69.84999999999998010 ) ;
#1467 = CIRCLE ( 'NONE', #322, 6.571751345948187328 ) ;
#1468 = VERTEX_POINT ( 'NONE', #1542 ) ;
#1469 = LINE ( 'NONE', #124, #1147 ) ;
#1470 = AXIS2_PLACEMENT_3D ( 'NONE', #1053, #938, #570 ) ;
#1471 = CARTESIAN_POINT ( 'NONE',  ( -27.35938918330982261, -253.9461843754445169, 59.68999999999999773 ) ) ;
#1472 = CARTESIAN_POINT ( 'NONE',  ( -4.050396002144814211, -305.7883267415828072, 25.78767292711345860 ) ) ;
#1473 = VERTEX_POINT ( 'NONE', #457 ) ;
#1474 = LINE ( 'NONE', #841, #1133 ) ;
#1475 = DIRECTION ( 'NONE',  ( 0.000000000000000000, 0.000000000000000000, 1.000000000000000000 ) ) ;
#1476 = ADVANCED_FACE ( 'NONE', ( #833 ), #940, .T. ) ;
#1477 = ORIENTED_EDGE ( 'NONE', *, *, #1011, .F. ) ;
#1478 = DIRECTION ( 'NONE',  ( -0.000000000000000000, 1.000000000000000000, -0.000000000000000000 ) ) ;
#1479 = FACE_OUTER_BOUND ( 'NONE', #1548, .T. ) ;
#1480 = EDGE_CURVE ( 'NONE', #479, #1234, #291, .T. ) ;
#1481 = ORIENTED_EDGE ( 'NONE', *, *, #194, .T. ) ;
#1482 = CARTESIAN_POINT ( 'NONE',  ( -10.22925770294000536, -312.9280000000001110, 24.88429939366782762 ) ) ;
#1483 = DIRECTION ( 'NONE',  ( 0.000000000000000000, 0.000000000000000000, -1.000000000000000000 ) ) ;
#1484 = ADVANCED_FACE ( 'NONE', ( #769 ), #1459, .F. ) ;
#1485 = AXIS2_PLACEMENT_3D ( 'NONE', #121, #591, #716 ) ;
#1486 = EDGE_LOOP ( 'NONE', ( #1519, #275 ) ) ;
#1487 = EDGE_CURVE ( 'NONE', #60, #1317, #732, .T. ) ;
#1488 = AXIS2_PLACEMENT_3D ( 'NONE', #1121, #47, #399 ) ;
#1489 = DIRECTION ( 'NONE',  ( -1.000000000000000000, 0.000000000000000000, 0.000000000000000000 ) ) ;
#1490 = VERTEX_POINT ( 'NONE', #35 ) ;
#1491 = CARTESIAN_POINT ( 'NONE',  ( -10.84295978446744435, -302.8182548165400476, -42.91850045628149246 ) ) ;
#1492 = CARTESIAN_POINT ( 'NONE',  ( -11.05039600214481688, -254.0000000000000000, 41.90999999999999659 ) ) ;
#1493 = EDGE_LOOP ( 'NONE', ( #821, #280, #1254 ) ) ;
#1494 = EDGE_LOOP ( 'NONE', ( #177, #292, #1059, #1511 ) ) ;
#1495 = CARTESIAN_POINT ( 'NONE',  ( -10.15894789926174191, -312.9280000000001110, 22.53843371032670362 ) ) ;
#1496 = VECTOR ( 'NONE', #987, 1000.000000000000000 ) ;
#1497 = FACE_OUTER_BOUND ( 'NONE', #1127, .T. ) ;
#1498 = CARTESIAN_POINT ( 'NONE',  ( 0.000000000000000000, -312.9280000000001110, -46.98999999999999488 ) ) ;
#1499 = VERTEX_POINT ( 'NONE', #481 ) ;
#1500 = DIRECTION ( 'NONE',  ( -0.000000000000000000, -1.000000000000000000, -0.000000000000000000 ) ) ;
#1501 = DIRECTION ( 'NONE',  ( 2.353763196712073725E-16, 0.000000000000000000, -1.000000000000000000 ) ) ;
#1502 = ORIENTED_EDGE ( 'NONE', *, *, #188, .F. ) ;
#1503 = EDGE_CURVE ( 'NONE', #677, #1013, #446, .T. ) ;
#1504 = PRESENTATION_LAYER_ASSIGNMENT (  '', '', ( #1294 ) ) ;
#1505 = PLANE ( 'NONE',  #92 ) ;
#1506 = AXIS2_PLACEMENT_3D ( 'NONE', #238, #842, #1310 ) ;
#1507 = EDGE_LOOP ( 'NONE', ( #1075, #430, #643, #720 ) ) ;
#1508 = LINE ( 'NONE', #793, #288 ) ;
#1509 = DIRECTION ( 'NONE',  ( 1.000000000000000000, 0.000000000000000000, -0.000000000000000000 ) ) ;
#1510 = DIRECTION ( 'NONE',  ( 0.000000000000000000, 0.000000000000000000, 1.000000000000000000 ) ) ;
#1511 = ORIENTED_EDGE ( 'NONE', *, *, #1480, .T. ) ;
#1512 = CARTESIAN_POINT ( 'NONE',  ( 3.091543583002316797, -312.9280000000001110, 44.45000000000000284 ) ) ;
#1513 = FACE_OUTER_BOUND ( 'NONE', #1556, .T. ) ;
#1514 = AXIS2_PLACEMENT_3D ( 'NONE', #1094, #267, #1316 ) ;
#1515 = CYLINDRICAL_SURFACE ( 'NONE', #1470, 2.540000000000000480 ) ;
#1516 = CIRCLE ( 'NONE', #255, 2.199999999999989964 ) ;
#1517 = FACE_OUTER_BOUND ( 'NONE', #1122, .T. ) ;
#1518 = EDGE_CURVE ( 'NONE', #1308, #770, #422, .T. ) ;
#1519 = ORIENTED_EDGE ( 'NONE', *, *, #1480, .F. ) ;
#1520 = DIRECTION ( 'NONE',  ( 1.000000000000000000, 0.000000000000000000, 0.000000000000000000 ) ) ;
#1521 = FACE_BOUND ( 'NONE', #1240, .T. ) ;
#1522 = VERTEX_POINT ( 'NONE', #958 ) ;
#1523 = DIRECTION ( 'NONE',  ( 0.000000000000000000, 0.000000000000000000, 1.000000000000000000 ) ) ;
#1524 = EDGE_CURVE ( 'NONE', #1219, #828, #1119, .T. ) ;
#1525 = VECTOR ( 'NONE', #102, 1000.000000000000000 ) ;
#1526 = DIRECTION ( 'NONE',  ( 6.829619984160667907E-16, 0.000000000000000000, 1.000000000000000000 ) ) ;
#1527 = ORIENTED_EDGE ( 'NONE', *, *, #1524, .T. ) ;
#1528 = FACE_OUTER_BOUND ( 'NONE', #1047, .T. ) ;
#1529 = VECTOR ( 'NONE', #290, 1000.000000000000000 ) ;
#1530 = FACE_OUTER_BOUND ( 'NONE', #708, .T. ) ;
#1531 = DIRECTION ( 'NONE',  ( -1.000000000000000000, -0.000000000000000000, -1.241749088029210621E-16 ) ) ;
#1532 = LINE ( 'NONE', #438, #25 ) ;
#1533 = ORIENTED_EDGE ( 'NONE', *, *, #421, .T. ) ;
#1534 = DIRECTION ( 'NONE',  ( 0.000000000000000000, 0.000000000000000000, 1.000000000000000000 ) ) ;
#1535 = DIRECTION ( 'NONE',  ( 0.000000000000000000, 0.000000000000000000, 1.000000000000000000 ) ) ;
#1536 = EDGE_LOOP ( 'NONE', ( #400, #1184 ) ) ;
#1537 = ORIENTED_EDGE ( 'NONE', *, *, #469, .F. ) ;
#1538 = CARTESIAN_POINT ( 'NONE',  ( -4.050396002144805330, -305.7883267415827504, -35.91232707288650516 ) ) ;
#1539 = ADVANCED_FACE ( 'NONE', ( #1100 ), #637, .F. ) ;
#1540 = VECTOR ( 'NONE', #862, 1000.000000000000227 ) ;
#1541 = CIRCLE ( 'NONE', #742, 7.726451884327426356 ) ;
#1542 = CARTESIAN_POINT ( 'NONE',  ( -13.59039600214481425, -305.7883267415828072, 25.78767292711345860 ) ) ;
#1543 = VERTEX_POINT ( 'NONE', #1091 ) ;
#1544 = PLANE ( 'NONE',  #1167 ) ;
#1545 = EDGE_CURVE ( 'NONE', #127, #433, #977, .T. ) ;
#1546 = CARTESIAN_POINT ( 'NONE',  ( 8.171543583002316424, -246.3800000000000239, -54.60999999999998522 ) ) ;
#1547 = CARTESIAN_POINT ( 'NONE',  ( 8.171543583002316424, -254.0000000000000000, 49.53000000000000114 ) ) ;
#1548 = EDGE_LOOP ( 'NONE', ( #41, #604 ) ) ;
#1549 = CARTESIAN_POINT ( 'NONE',  ( -10.15894789926183428, -312.9280000000001110, -36.96156628967325730 ) ) ;
#1550 = ADVANCED_FACE ( 'NONE', ( #498 ), #365, .F. ) ;
#1551 = DIRECTION ( 'NONE',  ( 0.000000000000000000, 0.000000000000000000, 1.000000000000000000 ) ) ;
#1552 = VERTEX_POINT ( 'NONE', #1330 ) ;
#1553 = CARTESIAN_POINT ( 'NONE',  ( 0.000000000000000000, -246.3800000000000239, 0.000000000000000000 ) ) ;
#1554 = LINE ( 'NONE', #1225, #382 ) ;
#1555 = LINE ( 'NONE', #335, #627 ) ;
#1556 = EDGE_LOOP ( 'NONE', ( #1314, #152, #811, #118 ) ) ;
ENDSEC;
END-ISO-10303-21;
