ISO-10303-21;
HEADER;
FILE_DESCRIPTION (( 'STEP AP214' ),
    '1' );
FILE_NAME ('Sled Base - Top.STEP',
    '2026-04-13T01:54:36',
    ( '' ),
    ( '' ),
    'SwSTEP 2.0',
    'SolidWorks 2025',
    '' );
FILE_SCHEMA (( 'AUTOMOTIVE_DESIGN' ));
ENDSEC;

DATA;
#1 = CARTESIAN_POINT ( 'NONE',  ( -16.05039600214481155, -154.3934589431867153, 36.62598993040850104 ) ) ;
#2 = CARTESIAN_POINT ( 'NONE',  ( 0.000000000000000000, -87.62999999999998124, 50.79999999999999716 ) ) ;
#3 = AXIS2_PLACEMENT_3D ( 'NONE', #2179, #595, #3714 ) ;
#4 = CIRCLE ( 'NONE', #541, 3.500000000000010214 ) ;
#5 = ORIENTED_EDGE ( 'NONE', *, *, #3107, .T. ) ;
#6 = DIRECTION ( 'NONE',  ( 1.000000000000000000, 0.000000000000000000, 0.000000000000000000 ) ) ;
#7 = EDGE_LOOP ( 'NONE', ( #3653, #295 ) ) ;
#8 = EDGE_CURVE ( 'NONE', #756, #3042, #3489, .T. ) ;
#9 = CARTESIAN_POINT ( 'NONE',  ( -20.08647081916206290, -99.04046254401986005, -2.199999999999997069 ) ) ;
#10 = ADVANCED_FACE ( 'NONE', ( #1908, #316 ), #978, .T. ) ;
#11 = AXIS2_PLACEMENT_3D ( 'NONE', #2098, #1155, #3112 ) ;
#12 = VERTEX_POINT ( 'NONE', #355 ) ;
#13 = DIRECTION ( 'NONE',  ( -0.6691306063588569053, -0.000000000000000000, -0.7431448254773954654 ) ) ;
#14 = CARTESIAN_POINT ( 'NONE',  ( -52.70353567163496677, -133.3499999999999943, -16.51418552968022624 ) ) ;
#15 = VERTEX_POINT ( 'NONE', #1630 ) ;
#16 = CARTESIAN_POINT ( 'NONE',  ( -16.05039600214481155, -97.24345894318669536, 15.37598993040837492 ) ) ;
#17 = CARTESIAN_POINT ( 'NONE',  ( -10.42259662531625253, -110.2614801892931524, -43.58437737245672139 ) ) ;
#18 = VERTEX_POINT ( 'NONE', #2900 ) ;
#19 = ADVANCED_FACE ( 'NONE', ( #3941 ), #1112, .F. ) ;
#20 = ADVANCED_FACE ( 'NONE', ( #3008 ), #3279, .T. ) ;
#21 = FACE_OUTER_BOUND ( 'NONE', #1891, .T. ) ;
#22 = DIRECTION ( 'NONE',  ( 0.000000000000000000, 0.000000000000000000, 1.000000000000000000 ) ) ;
#23 = AXIS2_PLACEMENT_3D ( 'NONE', #1928, #2597, #3196 ) ;
#24 = ORIENTED_EDGE ( 'NONE', *, *, #490, .F. ) ;
#25 = PLANE ( 'NONE',  #3853 ) ;
#26 = CIRCLE ( 'NONE', #956, 3.810000000000000941 ) ;
#27 = EDGE_LOOP ( 'NONE', ( #2086, #1588, #2007, #1352 ) ) ;
#28 = CARTESIAN_POINT ( 'NONE',  ( -15.05039600214480977, -91.97996640109978728, -16.89800107316462174 ) ) ;
#29 = AXIS2_PLACEMENT_3D ( 'NONE', #3959, #2053, #141 ) ;
#30 = EDGE_LOOP ( 'NONE', ( #3699, #2245, #2066, #786 ) ) ;
#31 = CIRCLE ( 'NONE', #102, 2.199999999999994849 ) ;
#32 = DIRECTION ( 'NONE',  ( 0.000000000000000000, 0.000000000000000000, 1.000000000000000000 ) ) ;
#33 = LINE ( 'NONE', #2001, #1517 ) ;
#34 = EDGE_CURVE ( 'NONE', #928, #882, #2615, .T. ) ;
#35 = ORIENTED_EDGE ( 'NONE', *, *, #132, .T. ) ;
#36 = CIRCLE ( 'NONE', #3898, 3.810000000000000941 ) ;
#37 = CIRCLE ( 'NONE', #2295, 6.009401076758638993 ) ;
#38 = EDGE_CURVE ( 'NONE', #1827, #3778, #2961, .T. ) ;
#39 = ORIENTED_EDGE ( 'NONE', *, *, #601, .T. ) ;
#40 = DIRECTION ( 'NONE',  ( 1.241749088029210621E-16, 0.000000000000000000, -1.000000000000000000 ) ) ;
#41 = DIRECTION ( 'NONE',  ( 0.000000000000000000, 0.000000000000000000, -1.000000000000000000 ) ) ;
#42 = CARTESIAN_POINT ( 'NONE',  ( 0.000000000000000000, -169.4319999999999879, 0.000000000000000000 ) ) ;
#43 = ORIENTED_EDGE ( 'NONE', *, *, #3896, .T. ) ;
#44 = CARTESIAN_POINT ( 'NONE',  ( -11.03005196247607955, -87.62999999999998124, -42.23083304313473718 ) ) ;
#45 = CARTESIAN_POINT ( 'NONE',  ( -11.05039600214481155, -154.3513605428498181, 6.858330662837491154 ) ) ;
#46 = ORIENTED_EDGE ( 'NONE', *, *, #2990, .F. ) ;
#47 = ORIENTED_EDGE ( 'NONE', *, *, #1035, .T. ) ;
#48 = EDGE_CURVE ( 'NONE', #1433, #3138, #1631, .T. ) ;
#49 = CARTESIAN_POINT ( 'NONE',  ( -52.70353567163496677, -133.3499999999999943, 16.51418552968023690 ) ) ;
#50 = ORIENTED_EDGE ( 'NONE', *, *, #2204, .F. ) ;
#51 = CYLINDRICAL_SURFACE ( 'NONE', #700, 2.200000000000121858 ) ;
#52 = ORIENTED_EDGE ( 'NONE', *, *, #3189, .T. ) ;
#53 = CARTESIAN_POINT ( 'NONE',  ( -25.08647081916205934, -113.0299999999999017, -53.55235401931967942 ) ) ;
#54 = DIRECTION ( 'NONE',  ( -0.000000000000000000, -1.000000000000000000, -0.000000000000000000 ) ) ;
#55 = VERTEX_POINT ( 'NONE', #2987 ) ;
#56 = EDGE_CURVE ( 'NONE', #344, #2582, #1420, .T. ) ;
#57 = ORIENTED_EDGE ( 'NONE', *, *, #1459, .T. ) ;
#58 = CARTESIAN_POINT ( 'NONE',  ( -8.547192845558036822, -87.62999999999999545, -37.99819341845808651 ) ) ;
#59 = CARTESIAN_POINT ( 'NONE',  ( -7.050396002144808882, -91.97996640109978728, -18.39800107316462530 ) ) ;
#60 = CARTESIAN_POINT ( 'NONE',  ( -46.22889533212071456, -113.0299999999999017, -51.34238970258230950 ) ) ;
#61 = EDGE_CURVE ( 'NONE', #3876, #1099, #3966, .T. ) ;
#62 = ORIENTED_EDGE ( 'NONE', *, *, #3851, .F. ) ;
#63 = FACE_OUTER_BOUND ( 'NONE', #1903, .T. ) ;
#64 = FACE_OUTER_BOUND ( 'NONE', #2361, .T. ) ;
#65 = VECTOR ( 'NONE', #2730, 1000.000000000000114 ) ;
#66 = EDGE_CURVE ( 'NONE', #1001, #689, #401, .T. ) ;
#67 = EDGE_LOOP ( 'NONE', ( #1365, #3024 ) ) ;
#68 = DIRECTION ( 'NONE',  ( 1.000000000000000000, 0.000000000000000000, 0.000000000000000000 ) ) ;
#69 = CARTESIAN_POINT ( 'NONE',  ( -11.05039600214489148, -96.47416637956270336, -42.08582235299502372 ) ) ;
#70 = ORIENTED_EDGE ( 'NONE', *, *, #324, .T. ) ;
#71 = CARTESIAN_POINT ( 'NONE',  ( -7.050396002144857732, -153.3968480519725688, -31.70703493043131616 ) ) ;
#72 = AXIS2_PLACEMENT_3D ( 'NONE', #2857, #3153, #1585 ) ;
#73 = VECTOR ( 'NONE', #1446, 1000.000000000000000 ) ;
#74 = ORIENTED_EDGE ( 'NONE', *, *, #626, .T. ) ;
#75 = DIRECTION ( 'NONE',  ( 0.7431448254773954654, 0.000000000000000000, 0.6691306063588569053 ) ) ;
#76 = DIRECTION ( 'NONE',  ( 0.6691306063588569053, 0.000000000000000000, -0.7431448254773954654 ) ) ;
#77 = VERTEX_POINT ( 'NONE', #2387 ) ;
#78 = ADVANCED_FACE ( 'NONE', ( #2682, #3650 ), #1357, .T. ) ;
#79 = ORIENTED_EDGE ( 'NONE', *, *, #2378, .T. ) ;
#80 = DIRECTION ( 'NONE',  ( -0.000000000000000000, 1.000000000000000000, -0.000000000000000000 ) ) ;
#81 = FACE_OUTER_BOUND ( 'NONE', #115, .T. ) ;
#82 = DIRECTION ( 'NONE',  ( 0.000000000000000000, 0.000000000000000000, 1.000000000000000000 ) ) ;
#83 = EDGE_LOOP ( 'NONE', ( #1705, #2610, #463, #3369 ) ) ;
#84 = AXIS2_PLACEMENT_3D ( 'NONE', #3440, #2834, #2149 ) ;
#85 = CARTESIAN_POINT ( 'NONE',  ( -10.97609535061642561, -96.25081570099611383, 42.52985127779579955 ) ) ;
#86 = CARTESIAN_POINT ( 'NONE',  ( 0.000000000000000000, 12.69999999999999929, 0.000000000000000000 ) ) ;
#87 = ORIENTED_EDGE ( 'NONE', *, *, #1970, .F. ) ;
#88 = DIRECTION ( 'NONE',  ( -0.9135454576426006446, -0.000000000000000000, -0.4067366430758008744 ) ) ;
#89 = CARTESIAN_POINT ( 'NONE',  ( -15.05039600214480622, -111.9799664010997873, -36.89800107316462885 ) ) ;
#90 = ORIENTED_EDGE ( 'NONE', *, *, #2386, .F. ) ;
#91 = DIRECTION ( 'NONE',  ( 0.000000000000000000, 1.000000000000000000, 0.000000000000000000 ) ) ;
#92 = CIRCLE ( 'NONE', #2431, 17.77999999999999758 ) ;
#93 = ORIENTED_EDGE ( 'NONE', *, *, #3704, .F. ) ;
#94 = DIRECTION ( 'NONE',  ( 0.9135454576426005335, 0.000000000000000000, 0.4067366430758010409 ) ) ;
#95 = DIRECTION ( 'NONE',  ( 1.241749088029210621E-16, 0.000000000000000000, -1.000000000000000000 ) ) ;
#96 = ORIENTED_EDGE ( 'NONE', *, *, #2096, .T. ) ;
#97 = CIRCLE ( 'NONE', #1097, 2.200000000000118305 ) ;
#98 = VERTEX_POINT ( 'NONE', #2078 ) ;
#99 = CARTESIAN_POINT ( 'NONE',  ( 0.000000000000000000, -87.62999999999998124, 54.60999999999999943 ) ) ;
#100 = CARTESIAN_POINT ( 'NONE',  ( -36.27845641699766333, -113.0299999999999017, 59.68999999999996220 ) ) ;
#101 = LINE ( 'NONE', #3583, #2637 ) ;
#102 = AXIS2_PLACEMENT_3D ( 'NONE', #1840, #875, #563 ) ;
#103 = ORIENTED_EDGE ( 'NONE', *, *, #2516, .F. ) ;
#104 = FACE_OUTER_BOUND ( 'NONE', #1802, .T. ) ;
#105 = CARTESIAN_POINT ( 'NONE',  ( -4.666286167692971887, -159.7331740654040004, 59.69000000000004746 ) ) ;
#106 = ADVANCED_FACE ( 'NONE', ( #446 ), #1339, .F. ) ;
#107 = ORIENTED_EDGE ( 'NONE', *, *, #1223, .T. ) ;
#108 = CARTESIAN_POINT ( 'NONE',  ( 8.171543583002316424, -169.4319999999999879, -54.60999999999998522 ) ) ;
#109 = CARTESIAN_POINT ( 'NONE',  ( -16.05039600214481155, -97.24345894318669536, 17.57598993040849678 ) ) ;
#110 = CARTESIAN_POINT ( 'NONE',  ( -7.050396002144810659, -154.3934589431867153, 36.62598993040850104 ) ) ;
#111 = ORIENTED_EDGE ( 'NONE', *, *, #2229, .T. ) ;
#112 = CYLINDRICAL_SURFACE ( 'NONE', #3791, 1.500000000000001332 ) ;
#113 = FACE_OUTER_BOUND ( 'NONE', #2080, .T. ) ;
#114 = ORIENTED_EDGE ( 'NONE', *, *, #3106, .T. ) ;
#115 = EDGE_LOOP ( 'NONE', ( #1953, #1332, #200, #2625, #62 ) ) ;
#116 = CARTESIAN_POINT ( 'NONE',  ( -51.99125349370238780, -169.4319999999999879, -34.68655845227624468 ) ) ;
#117 = DIRECTION ( 'NONE',  ( 0.000000000000000000, 0.000000000000000000, 1.000000000000000000 ) ) ;
#118 = PLANE ( 'NONE',  #3631 ) ;
#119 = ORIENTED_EDGE ( 'NONE', *, *, #2413, .T. ) ;
#120 = CARTESIAN_POINT ( 'NONE',  ( 4.665904304751414509E-16, -435.6100000000001273, -54.60999999999999943 ) ) ;
#121 = DIRECTION ( 'NONE',  ( -0.8660254037844355990, 0.000000000000000000, 0.5000000000000052180 ) ) ;
#122 = EDGE_CURVE ( 'NONE', #1374, #2620, #4096, .T. ) ;
#123 = ORIENTED_EDGE ( 'NONE', *, *, #3569, .T. ) ;
#124 = VECTOR ( 'NONE', #713, 1000.000000000000000 ) ;
#125 = CARTESIAN_POINT ( 'NONE',  ( -69.08799999999999386, -169.4319999999999879, -12.56748665293829426 ) ) ;
#126 = CARTESIAN_POINT ( 'NONE',  ( 3.091543583002315465, -254.0000000000000000, -59.68999999999999062 ) ) ;
#127 = DIRECTION ( 'NONE',  ( 3.512375991854053104E-15, 0.000000000000000000, -1.000000000000000000 ) ) ;
#128 = ORIENTED_EDGE ( 'NONE', *, *, #3322, .F. ) ;
#129 = CARTESIAN_POINT ( 'NONE',  ( -10.26017045602887023, -112.4173858310687990, -43.75116521815254345 ) ) ;
#130 = DIRECTION ( 'NONE',  ( 0.000000000000000000, -0.000000000000000000, 1.000000000000000000 ) ) ;
#131 = ORIENTED_EDGE ( 'NONE', *, *, #3651, .T. ) ;
#132 = EDGE_CURVE ( 'NONE', #2131, #2582, #2660, .T. ) ;
#133 = AXIS2_PLACEMENT_3D ( 'NONE', #889, #582, #3415 ) ;
#134 = ORIENTED_EDGE ( 'NONE', *, *, #1673, .F. ) ;
#135 = FACE_OUTER_BOUND ( 'NONE', #1093, .T. ) ;
#136 = DIRECTION ( 'NONE',  ( -0.000000000000000000, -1.000000000000000000, -0.000000000000000000 ) ) ;
#137 = AXIS2_PLACEMENT_3D ( 'NONE', #394, #2651, #1663 ) ;
#138 = LINE ( 'NONE', #1351, #3960 ) ;
#139 = ORIENTED_EDGE ( 'NONE', *, *, #2995, .F. ) ;
#140 = AXIS2_PLACEMENT_3D ( 'NONE', #900, #3366, #513 ) ;
#141 = DIRECTION ( 'NONE',  ( 0.000000000000000000, 0.000000000000000000, -1.000000000000000000 ) ) ;
#142 = CARTESIAN_POINT ( 'NONE',  ( -11.05039600214480799, -254.0000000000000000, -41.90999999999999659 ) ) ;
#143 = VERTEX_POINT ( 'NONE', #3591 ) ;
#144 = EDGE_CURVE ( 'NONE', #3408, #1762, #1962, .T. ) ;
#145 = EDGE_CURVE ( 'NONE', #2259, #454, #3897, .T. ) ;
#146 = CIRCLE ( 'NONE', #1951, 69.84999999999996589 ) ;
#147 = DIRECTION ( 'NONE',  ( 0.000000000000000000, 0.000000000000000000, -1.000000000000000000 ) ) ;
#148 = CARTESIAN_POINT ( 'NONE',  ( -15.05039600214480622, -91.97996640109978728, -38.39800107316462885 ) ) ;
#149 = CARTESIAN_POINT ( 'NONE',  ( -53.87537371859584567, 12.69999999999999929, 44.45746963876409552 ) ) ;
#150 = ADVANCED_FACE ( 'NONE', ( #424 ), #2363, .F. ) ;
#151 = EDGE_CURVE ( 'NONE', #1867, #1086, #1067, .T. ) ;
#152 = EDGE_LOOP ( 'NONE', ( #723, #311, #554, #743, #3902 ) ) ;
#153 = LINE ( 'NONE', #3989, #73 ) ;
#154 = FACE_OUTER_BOUND ( 'NONE', #152, .T. ) ;
#155 = VERTEX_POINT ( 'NONE', #3632 ) ;
#156 = CIRCLE ( 'NONE', #353, 69.84999999999999432 ) ;
#157 = CIRCLE ( 'NONE', #2893, 3.500000000000010214 ) ;
#158 = EDGE_LOOP ( 'NONE', ( #180, #3211, #3890, #1426 ) ) ;
#159 = CARTESIAN_POINT ( 'NONE',  ( -10.98724360659969257, -98.47590216755736492, 42.47564256727932985 ) ) ;
#160 = CYLINDRICAL_SURFACE ( 'NONE', #1965, 2.199999999999994849 ) ;
#161 = LINE ( 'NONE', #3120, #1975 ) ;
#162 = VECTOR ( 'NONE', #1726, 1000.000000000000114 ) ;
#163 = EDGE_LOOP ( 'NONE', ( #4025, #2277, #2022, #2083, #2445, #638, #2044, #3509, #1493, #3775, #740, #4051, #885, #380 ) ) ;
#164 = ADVANCED_FACE ( 'NONE', ( #1842 ), #528, .T. ) ;
#166 = CIRCLE ( 'NONE', #361, 3.810000000000000941 ) ;
#165 = DIRECTION ( 'NONE',  ( 0.000000000000000000, 0.000000000000000000, 1.000000000000000000 ) ) ;
#167 = LINE ( 'NONE', #1752, #3825 ) ;
#168 = VECTOR ( 'NONE', #1715, 1000.000000000000000 ) ;
#169 = ORIENTED_EDGE ( 'NONE', *, *, #2899, .F. ) ;
#170 = CIRCLE ( 'NONE', #303, 6.349999999999995204 ) ;
#171 = CARTESIAN_POINT ( 'NONE',  ( -26.61408714213629167, -169.4319999999999879, -35.77235401931968539 ) ) ;
#172 = DIRECTION ( 'NONE',  ( -1.000000000000000000, 0.000000000000000000, 0.000000000000000000 ) ) ;
#173 = EDGE_LOOP ( 'NONE', ( #1829, #1348, #999, #2152, #2108, #1241 ) ) ;
#174 = DIRECTION ( 'NONE',  ( -0.8660254037844369313, 6.123233995736801781E-17, -0.5000000000000028866 ) ) ;
#175 = EDGE_CURVE ( 'NONE', #694, #3476, #157, .T. ) ;
#176 = VERTEX_POINT ( 'NONE', #1153 ) ;
#177 = CARTESIAN_POINT ( 'NONE',  ( -11.02191503445102683, -152.4449059285827559, 42.29871246141819796 ) ) ;
#178 = CARTESIAN_POINT ( 'NONE',  ( -11.05039600214481510, -154.3934589431867153, 30.61658885364985849 ) ) ;
#179 = ORIENTED_EDGE ( 'NONE', *, *, #186, .F. ) ;
#180 = ORIENTED_EDGE ( 'NONE', *, *, #56, .F. ) ;
#181 = AXIS2_PLACEMENT_3D ( 'NONE', #1916, #76, #3183 ) ;
#182 = ORIENTED_EDGE ( 'NONE', *, *, #266, .T. ) ;
#183 = EDGE_CURVE ( 'NONE', #2845, #609, #1133, .T. ) ;
#184 = CARTESIAN_POINT ( 'NONE',  ( -8.510396002144808847, -169.4319999999999879, -44.44999999999999574 ) ) ;
#185 = CARTESIAN_POINT ( 'NONE',  ( -10.26017045602887023, -91.97996640109978728, -43.75116521815254345 ) ) ;
#186 = EDGE_CURVE ( 'NONE', #1743, #3185, #899, .T. ) ;
#187 = CARTESIAN_POINT ( 'NONE',  ( -36.27845641699767754, -254.0000000000000000, 59.68999999999999062 ) ) ;
#188 = ADVANCED_FACE ( 'NONE', ( #3985 ), #1759, .T. ) ;
#189 = FACE_BOUND ( 'NONE', #2335, .T. ) ;
#190 = AXIS2_PLACEMENT_3D ( 'NONE', #411, #364, #3887 ) ;
#191 = VERTEX_POINT ( 'NONE', #2483 ) ;
#192 = CARTESIAN_POINT ( 'NONE',  ( 8.171543583002319977, -87.62999999999998124, 54.60999999999998522 ) ) ;
#193 = ADVANCED_FACE ( 'NONE', ( #1503 ), #497, .T. ) ;
#194 =( NAMED_UNIT ( * ) SI_UNIT ( $, .STERADIAN. ) SOLID_ANGLE_UNIT ( ) );
#195 = DIRECTION ( 'NONE',  ( -5.980805065379277767E-16, 0.000000000000000000, -1.000000000000000000 ) ) ;
#196 = VERTEX_POINT ( 'NONE', #192 ) ;
#197 = CARTESIAN_POINT ( 'NONE',  ( -11.05039600214481865, -151.7508097220448349, 42.02891940741793064 ) ) ;
#198 = CARTESIAN_POINT ( 'NONE',  ( -7.068456416997668690, -113.0299999999999017, -59.68999999999998352 ) ) ;
#199 = ORIENTED_EDGE ( 'NONE', *, *, #4117, .T. ) ;
#200 = ORIENTED_EDGE ( 'NONE', *, *, #66, .T. ) ;
#201 = DIRECTION ( 'NONE',  ( 0.7431448254773953543, 0.000000000000000000, 0.6691306063588570163 ) ) ;
#202 = LINE ( 'NONE', #2980, #3492 ) ;
#203 = EDGE_CURVE ( 'NONE', #3042, #647, #2823, .T. ) ;
#204 = AXIS2_PLACEMENT_3D ( 'NONE', #1612, #2883, #32 ) ;
#205 = AXIS2_PLACEMENT_3D ( 'NONE', #1085, #1413, #3629 ) ;
#206 = CARTESIAN_POINT ( 'NONE',  ( 8.171543583002316424, -254.0000000000000000, -54.60999999999998522 ) ) ;
#207 = DIRECTION ( 'NONE',  ( 0.000000000000000000, 0.000000000000000000, 1.000000000000000000 ) ) ;
#208 = EDGE_LOOP ( 'NONE', ( #43, #551 ) ) ;
#209 = AXIS2_PLACEMENT_3D ( 'NONE', #3384, #529, #350 ) ;
#210 = DIRECTION ( 'NONE',  ( 0.000000000000000000, 0.000000000000000000, -1.000000000000000000 ) ) ;
#211 = DIRECTION ( 'NONE',  ( -0.000000000000000000, -1.000000000000000000, -0.000000000000000000 ) ) ;
#212 = CARTESIAN_POINT ( 'NONE',  ( -9.645688826989829323, -87.62999999999998124, -20.87584704303514371 ) ) ;
#213 = EDGE_LOOP ( 'NONE', ( #3613, #3086, #199, #2679 ) ) ;
#214 = DIRECTION ( 'NONE',  ( 0.7431448254773954654, 0.000000000000000000, 0.6691306063588569053 ) ) ;
#215 = CARTESIAN_POINT ( 'NONE',  ( -25.08647081916205934, -87.62999999999999545, 59.69000000000000483 ) ) ;
#216 = VERTEX_POINT ( 'NONE', #3341 ) ;
#217 = CIRCLE ( 'NONE', #3564, 1.500000000000001332 ) ;
#218 = VERTEX_POINT ( 'NONE', #1799 ) ;
#219 = EDGE_LOOP ( 'NONE', ( #3949, #580, #2212, #2954 ) ) ;
#220 = DIRECTION ( 'NONE',  ( -0.000000000000000000, -1.000000000000000000, -0.000000000000000000 ) ) ;
#221 = DIRECTION ( 'NONE',  ( 0.000000000000000000, 0.000000000000000000, 1.000000000000000000 ) ) ;
#222 = CIRCLE ( 'NONE', #2156, 1.500000000000001332 ) ;
#223 = CYLINDRICAL_SURFACE ( 'NONE', #84, 2.200000000000017941 ) ;
#224 = AXIS2_PLACEMENT_3D ( 'NONE', #2913, #917, #1330 ) ;
#225 = CARTESIAN_POINT ( 'NONE',  ( 8.171543583002319977, -169.4319999999999879, -54.60999999999998522 ) ) ;
#226 = CARTESIAN_POINT ( 'NONE',  ( 3.091543583002315465, -254.0000000000000000, -54.60999999999998522 ) ) ;
#227 = CIRCLE ( 'NONE', #3093, 6.009401076758638993 ) ;
#228 = ORIENTED_EDGE ( 'NONE', *, *, #1296, .T. ) ;
#229 = DIRECTION ( 'NONE',  ( -0.000000000000000000, 1.000000000000000000, 0.000000000000000000 ) ) ;
#230 = ADVANCED_FACE ( 'NONE', ( #856 ), #3070, .T. ) ;
#231 = FACE_OUTER_BOUND ( 'NONE', #962, .T. ) ;
#232 = CARTESIAN_POINT ( 'NONE',  ( -11.05039600214480977, -87.62999999999998124, -22.24857676777775595 ) ) ;
#233 = VECTOR ( 'NONE', #3399, 1000.000000000000114 ) ;
#234 = AXIS2_PLACEMENT_3D ( 'NONE', #206, #2458, #3337 ) ;
#235 = EDGE_LOOP ( 'NONE', ( #3609, #3043 ) ) ;
#236 = LINE ( 'NONE', #1260, #1293 ) ;
#237 = DIRECTION ( 'NONE',  ( -0.4067366430758011520, 0.000000000000000000, 0.9135454576426004225 ) ) ;
#238 = ORIENTED_EDGE ( 'NONE', *, *, #3427, .T. ) ;
#239 = CARTESIAN_POINT ( 'NONE',  ( -7.050396002144810659, -154.3934589431867153, 34.42598993040837740 ) ) ;
#240 = ORIENTED_EDGE ( 'NONE', *, *, #1421, .F. ) ;
#241 = ORIENTED_EDGE ( 'NONE', *, *, #2603, .F. ) ;
#242 = DIRECTION ( 'NONE',  ( 0.000000000000000000, -1.000000000000000000, 0.000000000000000000 ) ) ;
#243 = CARTESIAN_POINT ( 'NONE',  ( 3.091543583002316797, -254.0000000000000000, -49.53000000000000114 ) ) ;
#244 = DIRECTION ( 'NONE',  ( 1.000000000000000000, -0.000000000000000000, 1.241749088029210621E-16 ) ) ;
#245 = DIRECTION ( 'NONE',  ( -1.000000000000000000, -0.000000000000000000, -1.241749088029210621E-16 ) ) ;
#246 = CARTESIAN_POINT ( 'NONE',  ( -4.666286167692962117, -159.7331740654040004, 44.45000000000000284 ) ) ;
#247 = ORIENTED_EDGE ( 'NONE', *, *, #3273, .F. ) ;
#248 = DIRECTION ( 'NONE',  ( 1.000000000000000000, 0.000000000000000000, 1.241749088029210621E-16 ) ) ;
#249 = DIRECTION ( 'NONE',  ( -0.7431448254773954654, 0.000000000000000000, -0.6691306063588569053 ) ) ;
#250 = ADVANCED_FACE ( 'NONE', ( #2776 ), #549, .F. ) ;
#251 = DIRECTION ( 'NONE',  ( 1.744436394675441384E-15, 0.000000000000000000, -1.000000000000000000 ) ) ;
#252 = ORIENTED_EDGE ( 'NONE', *, *, #2165, .F. ) ;
#253 = CARTESIAN_POINT ( 'NONE',  ( -8.510396002144808847, -169.4319999999999879, -41.90999999999999659 ) ) ;
#254 = DIRECTION ( 'NONE',  ( 1.000000000000000000, -0.000000000000000000, -0.000000000000000000 ) ) ;
#255 = ORIENTED_EDGE ( 'NONE', *, *, #3499, .T. ) ;
#256 = EDGE_CURVE ( 'NONE', #2983, #3185, #1482, .T. ) ;
#257 = FACE_OUTER_BOUND ( 'NONE', #3324, .T. ) ;
#258 = ORIENTED_EDGE ( 'NONE', *, *, #2934, .T. ) ;
#259 = CARTESIAN_POINT ( 'NONE',  ( -25.08647081916205934, -254.0000000000000000, -59.68999999999996930 ) ) ;
#260 = DIRECTION ( 'NONE',  ( 0.4067366430758011520, 0.000000000000000000, -0.9135454576426004225 ) ) ;
#261 = CIRCLE ( 'NONE', #4120, 1.500000000000001332 ) ;
#262 = EDGE_CURVE ( 'NONE', #2711, #4034, #1819, .T. ) ;
#263 = DIRECTION ( 'NONE',  ( 1.000000000000000000, -0.000000000000000000, -0.000000000000000000 ) ) ;
#264 = DIRECTION ( 'NONE',  ( 0.000000000000000000, 0.000000000000000000, -1.000000000000000000 ) ) ;
#265 = CARTESIAN_POINT ( 'NONE',  ( -36.27845641699768464, -169.4319999999999879, -59.68999999999999062 ) ) ;
#266 = EDGE_CURVE ( 'NONE', #3649, #756, #1897, .T. ) ;
#267 = AXIS2_PLACEMENT_3D ( 'NONE', #3831, #1885, #313 ) ;
#268 = ORIENTED_EDGE ( 'NONE', *, *, #2196, .F. ) ;
#269 = CIRCLE ( 'NONE', #3068, 3.700000000000120082 ) ;
#270 = CARTESIAN_POINT ( 'NONE',  ( -67.30008489993608123, -169.4319999999999879, 18.70083079602068921 ) ) ;
#271 = CYLINDRICAL_SURFACE ( 'NONE', #1147, 69.84999999999999432 ) ;
#272 = DIRECTION ( 'NONE',  ( 0.7431448254773954654, -0.000000000000000000, -0.6691306063588569053 ) ) ;
#273 = ORIENTED_EDGE ( 'NONE', *, *, #1934, .F. ) ;
#274 = LINE ( 'NONE', #1218, #2937 ) ;
#275 = CARTESIAN_POINT ( 'NONE',  ( -10.26017045602887023, -91.97996640109978728, -43.75116521815254345 ) ) ;
#276 = ORIENTED_EDGE ( 'NONE', *, *, #3569, .F. ) ;
#277 = DIRECTION ( 'NONE',  ( 1.000000000000000000, 0.000000000000000000, 1.241749088029210621E-16 ) ) ;
#278 = ORIENTED_EDGE ( 'NONE', *, *, #3018, .T. ) ;
#279 = ADVANCED_FACE ( 'NONE', ( #1522 ), #2795, .F. ) ;
#280 = AXIS2_PLACEMENT_3D ( 'NONE', #2811, #2442, #4057 ) ;
#281 = VERTEX_POINT ( 'NONE', #879 ) ;
#282 = LINE ( 'NONE', #1595, #739 ) ;
#283 = CYLINDRICAL_SURFACE ( 'NONE', #1453, 5.080000000000000959 ) ;
#284 = EDGE_CURVE ( 'NONE', #2454, #2694, #3436, .T. ) ;
#285 = LINE ( 'NONE', #1560, #3351 ) ;
#286 = CARTESIAN_POINT ( 'NONE',  ( -7.050396002144844410, -154.3934589431867153, 13.87598993040836604 ) ) ;
#287 = CARTESIAN_POINT ( 'NONE',  ( -10.32806413514444444, -110.8967673459672199, -43.68476625515607736 ) ) ;
#288 = ADVANCED_FACE ( 'NONE', ( #2741 ), #1754, .T. ) ;
#289 = ORIENTED_EDGE ( 'NONE', *, *, #1233, .T. ) ;
#290 = VECTOR ( 'NONE', #272, 1000.000000000000000 ) ;
#291 = CARTESIAN_POINT ( 'NONE',  ( -15.05039600214480977, -111.9799664010997873, -19.89800107316462530 ) ) ;
#292 = FACE_OUTER_BOUND ( 'NONE', #960, .T. ) ;
#293 = LINE ( 'NONE', #1568, #3484 ) ;
#294 = EDGE_CURVE ( 'NONE', #3056, #1710, #92, .T. ) ;
#295 = ORIENTED_EDGE ( 'NONE', *, *, #1732, .F. ) ;
#296 = DIRECTION ( 'NONE',  ( 1.000000000000000000, -0.000000000000000000, 0.000000000000000000 ) ) ;
#297 = CARTESIAN_POINT ( 'NONE',  ( 3.091543583002316797, -169.4319999999999879, 49.53000000000000114 ) ) ;
#298 = EDGE_LOOP ( 'NONE', ( #951, #1151, #532, #1445 ) ) ;
#299 = AXIS2_PLACEMENT_3D ( 'NONE', #2502, #2269, #586 ) ;
#300 = DIRECTION ( 'NONE',  ( 0.000000000000000000, 0.000000000000000000, 1.000000000000000000 ) ) ;
#301 = VECTOR ( 'NONE', #3423, 1000.000000000000000 ) ;
#302 = EDGE_CURVE ( 'NONE', #2172, #600, #2166, .T. ) ;
#303 = AXIS2_PLACEMENT_3D ( 'NONE', #3139, #3434, #2140 ) ;
#304 = ORIENTED_EDGE ( 'NONE', *, *, #4072, .F. ) ;
#305 = FACE_OUTER_BOUND ( 'NONE', #3290, .T. ) ;
#306 = DIRECTION ( 'NONE',  ( 0.000000000000000000, 0.000000000000000000, -1.000000000000000000 ) ) ;
#307 = B_SPLINE_CURVE_WITH_KNOTS ( 'NONE', 3,
 ( #3662, #812, #2998, #159, #3952, #3683, #1769, #2397 ),
 .UNSPECIFIED., .F., .F.,
 ( 4, 2, 2, 4 ),
 ( 0.000000000000000000, 0.001479643278057205403, 0.002219464917085787938, 0.002959286556114370907 ),
 .UNSPECIFIED. ) ;
#308 = VERTEX_POINT ( 'NONE', #374 ) ;
#309 = FACE_OUTER_BOUND ( 'NONE', #1137, .T. ) ;
#310 = DIRECTION ( 'NONE',  ( 0.000000000000000000, 0.000000000000000000, -1.000000000000000000 ) ) ;
#311 = ORIENTED_EDGE ( 'NONE', *, *, #256, .F. ) ;
#312 = EDGE_CURVE ( 'NONE', #3554, #308, #2505, .T. ) ;
#313 = DIRECTION ( 'NONE',  ( 0.7431448254773953543, 0.000000000000000000, -0.6691306063588570163 ) ) ;
#314 = ADVANCED_FACE ( 'NONE', ( #704, #990 ), #3227, .T. ) ;
#315 = DIRECTION ( 'NONE',  ( 0.000000000000000000, 0.000000000000000000, -1.000000000000000000 ) ) ;
#316 = FACE_BOUND ( 'NONE', #2794, .T. ) ;
#317 = DIRECTION ( 'NONE',  ( 0.000000000000000000, 1.000000000000000000, 0.000000000000000000 ) ) ;
#318 = ORIENTED_EDGE ( 'NONE', *, *, #2573, .T. ) ;
#319 = DIRECTION ( 'NONE',  ( 0.000000000000000000, 0.000000000000000000, 1.000000000000000000 ) ) ;
#320 = AXIS2_PLACEMENT_3D ( 'NONE', #3332, #501, #1791 ) ;
#321 = EDGE_LOOP ( 'NONE', ( #1054, #1045, #3037, #519 ) ) ;
#322 = CARTESIAN_POINT ( 'NONE',  ( -11.05039600214481332, -97.24345894318669536, 17.57598993040849678 ) ) ;
#323 = CARTESIAN_POINT ( 'NONE',  ( -11.05039600214481688, -157.2556502166349901, 41.90999999999999659 ) ) ;
#324 = EDGE_CURVE ( 'NONE', #3876, #1549, #1987, .T. ) ;
#325 = AXIS2_PLACEMENT_3D ( 'NONE', #2512, #3777, #4031 ) ;
#326 = ORIENTED_EDGE ( 'NONE', *, *, #434, .T. ) ;
#327 = CARTESIAN_POINT ( 'NONE',  ( 8.171543583002316424, -254.0000000000000000, -49.53000000000000114 ) ) ;
#328 = CARTESIAN_POINT ( 'NONE',  ( -16.05039600214481155, -124.1868480519726319, -24.17589818040650229 ) ) ;
#329 = ORIENTED_EDGE ( 'NONE', *, *, #2368, .T. ) ;
#330 = DIRECTION ( 'NONE',  ( 5.980805065379274809E-16, -0.000000000000000000, -1.000000000000000000 ) ) ;
#331 = LINE ( 'NONE', #975, #1757 ) ;
#332 = VECTOR ( 'NONE', #2686, 1000.000000000000000 ) ;
#333 = ORIENTED_EDGE ( 'NONE', *, *, #3122, .T. ) ;
#334 = VECTOR ( 'NONE', #2224, 1000.000000000000000 ) ;
#335 = DIRECTION ( 'NONE',  ( -1.084912616036924266E-16, 0.000000000000000000, 1.000000000000000000 ) ) ;
#336 = VERTEX_POINT ( 'NONE', #2652 ) ;
#337 = CARTESIAN_POINT ( 'NONE',  ( -20.08647081916206290, -99.04046254401986005, -2.179206560336645595E-15 ) ) ;
#338 = ADVANCED_FACE ( 'NONE', ( #3152, #3771 ), #1664, .F. ) ;
#339 = VECTOR ( 'NONE', #249, 1000.000000000000000 ) ;
#340 = ORIENTED_EDGE ( 'NONE', *, *, #2271, .T. ) ;
#341 = FACE_BOUND ( 'NONE', #7, .T. ) ;
#342 = LINE ( 'NONE', #14, #1993 ) ;
#343 = VERTEX_POINT ( 'NONE', #4085 ) ;
#344 = VERTEX_POINT ( 'NONE', #270 ) ;
#345 = DIRECTION ( 'NONE',  ( 0.000000000000000000, 0.000000000000000000, -1.000000000000000000 ) ) ;
#346 = FACE_BOUND ( 'NONE', #1265, .T. ) ;
#347 = DIRECTION ( 'NONE',  ( 0.000000000000000000, 0.000000000000000000, -1.000000000000000000 ) ) ;
#348 = ORIENTED_EDGE ( 'NONE', *, *, #626, .F. ) ;
#349 = EDGE_CURVE ( 'NONE', #3444, #827, #1492, .T. ) ;
#350 = DIRECTION ( 'NONE',  ( 1.000000000000000000, 0.000000000000000000, 1.241749088029210621E-16 ) ) ;
#351 = CARTESIAN_POINT ( 'NONE',  ( -4.666286167692970999, -147.4659028457231500, 59.69000000000004746 ) ) ;
#352 = EDGE_LOOP ( 'NONE', ( #476, #2161, #641, #247 ) ) ;
#353 = AXIS2_PLACEMENT_3D ( 'NONE', #1444, #514, #1360 ) ;
#354 = EDGE_CURVE ( 'NONE', #218, #2059, #428, .T. ) ;
#355 = CARTESIAN_POINT ( 'NONE',  ( -60.53225089408064008, -133.3499999999999943, 33.90163485285145839 ) ) ;
#356 = LINE ( 'NONE', #944, #1326 ) ;
#357 = VECTOR ( 'NONE', #1545, 1000.000000000000114 ) ;
#358 = ORIENTED_EDGE ( 'NONE', *, *, #2603, .T. ) ;
#359 = CARTESIAN_POINT ( 'NONE',  ( -60.53225089408064008, -133.3499999999999943, -33.90163485285144418 ) ) ;
#360 = ORIENTED_EDGE ( 'NONE', *, *, #1162, .F. ) ;
#361 = AXIS2_PLACEMENT_3D ( 'NONE', #3623, #1646, #681 ) ;
#362 = EDGE_CURVE ( 'NONE', #1706, #1529, #2841, .T. ) ;
#363 = CARTESIAN_POINT ( 'NONE',  ( -41.22156872694262830, 0.000000000000000000, 45.78119010903432695 ) ) ;
#364 = DIRECTION ( 'NONE',  ( 1.000000000000000000, 0.000000000000000000, 0.000000000000000000 ) ) ;
#365 = EDGE_CURVE ( 'NONE', #988, #811, #3624, .T. ) ;
#366 = VERTEX_POINT ( 'NONE', #4107 ) ;
#367 = B_SPLINE_CURVE_WITH_KNOTS ( 'NONE', 3,
 ( #275, #4091, #2861, #1654, #690, #3526, #1948, #1340, #651, #2922, #69, #3213 ),
 .UNSPECIFIED., .F., .F.,
 ( 4, 2, 2, 2, 2, 4 ),
 ( 0.004793873960557366865, 0.006096234224067047756, 0.007398594487576728648, 0.008700954751086408673, 0.009352134882841237409, 0.01000331501459606615 ),
 .UNSPECIFIED. ) ;
#368 = AXIS2_PLACEMENT_3D ( 'NONE', #2037, #68, #3319 ) ;
#369 = AXIS2_PLACEMENT_3D ( 'NONE', #2400, #3664, #864 ) ;
#370 = PRODUCT_DEFINITION_FORMATION_WITH_SPECIFIED_SOURCE ( 'ANY', '', #1615, .NOT_KNOWN. ) ;
#371 = ORIENTED_EDGE ( 'NONE', *, *, #407, .T. ) ;
#372 = CARTESIAN_POINT ( 'NONE',  ( -9.641921503487827394, -87.62999999999998124, -35.92430792649749094 ) ) ;
#373 = EDGE_CURVE ( 'NONE', #654, #2910, #26, .T. ) ;
#374 = CARTESIAN_POINT ( 'NONE',  ( -50.94786497390217050, -133.3499999999999943, -47.09341035220354854 ) ) ;
#375 = CARTESIAN_POINT ( 'NONE',  ( -46.22889533212070745, 0.000000000000000000, -51.34238970258229529 ) ) ;
#376 = ORIENTED_EDGE ( 'NONE', *, *, #175, .T. ) ;
#377 = CARTESIAN_POINT ( 'NONE',  ( -16.05039600214481155, -154.3934589431867153, 36.62598993040850104 ) ) ;
#378 = DIRECTION ( 'NONE',  ( 0.000000000000000000, 0.000000000000000000, 1.000000000000000000 ) ) ;
#379 = VECTOR ( 'NONE', #675, 1000.000000000000227 ) ;
#380 = ORIENTED_EDGE ( 'NONE', *, *, #1210, .F. ) ;
#381 = EDGE_CURVE ( 'NONE', #3195, #980, #2700, .T. ) ;
#382 = CARTESIAN_POINT ( 'NONE',  ( -50.12075798810362670, -133.3499999999999943, -22.31519918571073902 ) ) ;
#383 = DIRECTION ( 'NONE',  ( -1.000000000000000000, -0.000000000000000000, -1.241749088029210621E-16 ) ) ;
#384 = VERTEX_POINT ( 'NONE', #100 ) ;
#385 = LINE ( 'NONE', #2924, #2290 ) ;
#386 = ORIENTED_EDGE ( 'NONE', *, *, #1923, .T. ) ;
#387 = EDGE_CURVE ( 'NONE', #2826, #4114, #3249, .T. ) ;
#388 = CARTESIAN_POINT ( 'NONE',  ( -15.05039600214480977, -111.9799664010997873, -18.39800107316462530 ) ) ;
#389 = DIRECTION ( 'NONE',  ( -0.000000000000000000, -1.000000000000000000, -0.000000000000000000 ) ) ;
#390 = EDGE_LOOP ( 'NONE', ( #2375, #2217, #2307, #1778 ) ) ;
#391 = CIRCLE ( 'NONE', #2727, 3.700000000000112976 ) ;
#392 = ORIENTED_EDGE ( 'NONE', *, *, #407, .F. ) ;
#393 = EDGE_CURVE ( 'NONE', #3962, #1963, #3848, .T. ) ;
#394 = CARTESIAN_POINT ( 'NONE',  ( 0.000000000000000000, 25.77737000652124877, 0.000000000000000000 ) ) ;
#395 = CARTESIAN_POINT ( 'NONE',  ( -7.050396002144834640, -97.24345894318669536, 36.62598993040849393 ) ) ;
#396 = DIRECTION ( 'NONE',  ( 0.7431448254773954654, 0.000000000000000000, -0.6691306063588569053 ) ) ;
#397 = ORIENTED_EDGE ( 'NONE', *, *, #387, .T. ) ;
#398 = FACE_OUTER_BOUND ( 'NONE', #1468, .T. ) ;
#399 = CARTESIAN_POINT ( 'NONE',  ( -16.05039600214481155, -124.1868480519726319, -24.17589818040650229 ) ) ;
#400 = VERTEX_POINT ( 'NONE', #725 ) ;
#401 = LINE ( 'NONE', #1676, #2292 ) ;
#402 = PLANE ( 'NONE',  #745 ) ;
#403 = VERTEX_POINT ( 'NONE', #2289 ) ;
#404 = CARTESIAN_POINT ( 'NONE',  ( -7.050396002144834640, -154.3934589431867153, 36.62598993040850104 ) ) ;
#405 = CIRCLE ( 'NONE', #3266, 3.500000000000010214 ) ;
#406 = AXIS2_PLACEMENT_3D ( 'NONE', #3486, #3209, #1649 ) ;
#407 = EDGE_CURVE ( 'NONE', #2365, #2067, #1689, .T. ) ;
#408 = VECTOR ( 'NONE', #3061, 1000.000000000000000 ) ;
#409 = ORIENTED_EDGE ( 'NONE', *, *, #3820, .T. ) ;
#410 = CARTESIAN_POINT ( 'NONE',  ( -56.27866444836440962, -133.3499999999999943, -25.05687578326558196 ) ) ;
#411 = CARTESIAN_POINT ( 'NONE',  ( -7.050396002144810659, -154.3934589431867153, 36.62598993040850104 ) ) ;
#412 = ORIENTED_EDGE ( 'NONE', *, *, #3146, .F. ) ;
#413 = CIRCLE ( 'NONE', #3204, 1.500000000000001332 ) ;
#414 = EDGE_LOOP ( 'NONE', ( #423, #1733, #1773, #392 ) ) ;
#415 = ADVANCED_FACE ( 'NONE', ( #81 ), #3955, .T. ) ;
#416 = PLANE ( 'NONE',  #2023 ) ;
#417 = DIRECTION ( 'NONE',  ( 0.000000000000000000, 0.000000000000000000, -1.000000000000000000 ) ) ;
#418 = CARTESIAN_POINT ( 'NONE',  ( -16.05039600214481155, -97.24345894318669536, 15.37598993040837492 ) ) ;
#419 = VERTEX_POINT ( 'NONE', #1369 ) ;
#420 = DIRECTION ( 'NONE',  ( 0.000000000000000000, 0.000000000000000000, -1.000000000000000000 ) ) ;
#421 = EDGE_CURVE ( 'NONE', #2040, #3164, #2816, .T. ) ;
#422 = DIRECTION ( 'NONE',  ( 1.000000000000000000, 0.000000000000000000, 0.000000000000000000 ) ) ;
#423 = ORIENTED_EDGE ( 'NONE', *, *, #1083, .F. ) ;
#424 = FACE_OUTER_BOUND ( 'NONE', #1925, .T. ) ;
#425 = DIRECTION ( 'NONE',  ( 0.000000000000000000, 0.000000000000000000, 1.000000000000000000 ) ) ;
#426 = CARTESIAN_POINT ( 'NONE',  ( -11.05039600214480977, -87.62999999999998124, -14.54742537855149109 ) ) ;
#427 = ADVANCED_FACE ( 'NONE', ( #3641 ), #160, .F. ) ;
#428 = CIRCLE ( 'NONE', #3223, 5.080000000000000959 ) ;
#429 = EDGE_LOOP ( 'NONE', ( #2617, #96, #3527, #2623, #3238 ) ) ;
#430 = DIRECTION ( 'NONE',  ( 0.9135454576426005335, 0.000000000000000000, -0.4067366430758010409 ) ) ;
#431 = LINE ( 'NONE', #825, #3516 ) ;
#432 = ORIENTED_EDGE ( 'NONE', *, *, #1250, .T. ) ;
#433 = AXIS2_PLACEMENT_3D ( 'NONE', #4046, #3157, #4030 ) ;
#434 = EDGE_CURVE ( 'NONE', #3373, #1521, #2735, .T. ) ;
#435 = ORIENTED_EDGE ( 'NONE', *, *, #1653, .T. ) ;
#436 = CARTESIAN_POINT ( 'NONE',  ( -11.05039600214481510, -97.24345894318669536, 23.58539100716713932 ) ) ;
#437 = DIRECTION ( 'NONE',  ( 1.000000000000000000, 0.000000000000000000, 1.241749088029210621E-16 ) ) ;
#438 = DIRECTION ( 'NONE',  ( -1.000000000000000000, 0.000000000000000000, -5.980805065379273823E-16 ) ) ;
#439 = VECTOR ( 'NONE', #620, 1000.000000000000114 ) ;
#440 = VERTEX_POINT ( 'NONE', #1102 ) ;
#441 = EDGE_CURVE ( 'NONE', #1099, #1967, #2035, .T. ) ;
#442 = FACE_BOUND ( 'NONE', #3855, .T. ) ;
#443 = PLANE ( 'NONE',  #3860 ) ;
#444 = ORIENTED_EDGE ( 'NONE', *, *, #2282, .F. ) ;
#445 = EDGE_CURVE ( 'NONE', #609, #2667, #456, .T. ) ;
#446 = FACE_OUTER_BOUND ( 'NONE', #1811, .T. ) ;
#447 = EDGE_CURVE ( 'NONE', #1611, #2063, #202, .T. ) ;
#448 = SURFACE_STYLE_FILL_AREA ( #3942 ) ;
#449 = CARTESIAN_POINT ( 'NONE',  ( -10.46051885283613814, -87.62999999999999545, -15.07554353867360497 ) ) ;
#450 = VERTEX_POINT ( 'NONE', #523 ) ;
#451 = CARTESIAN_POINT ( 'NONE',  ( -16.05039600214481155, -153.3968480519725688, -35.40703493043132966 ) ) ;
#452 = DIRECTION ( 'NONE',  ( 0.4067366430758011520, 0.000000000000000000, 0.9135454576426004225 ) ) ;
#453 = ORIENTED_EDGE ( 'NONE', *, *, #1632, .F. ) ;
#454 = VERTEX_POINT ( 'NONE', #2672 ) ;
#455 = DIRECTION ( 'NONE',  ( 0.9135454576426005335, 0.000000000000000000, 0.4067366430758010409 ) ) ;
#456 = LINE ( 'NONE', #3062, #1163 ) ;
#457 = DIRECTION ( 'NONE',  ( 0.000000000000000000, 0.000000000000000000, 1.000000000000000000 ) ) ;
#458 = EDGE_CURVE ( 'NONE', #1577, #2845, #3377, .T. ) ;
#459 = ORIENTED_EDGE ( 'NONE', *, *, #2814, .T. ) ;
#460 = LINE ( 'NONE', #1016, #3163 ) ;
#461 = DIRECTION ( 'NONE',  ( -0.8660254037844352659, 6.123233995736835061E-17, -0.5000000000000057732 ) ) ;
#462 = EDGE_CURVE ( 'NONE', #811, #988, #2560, .T. ) ;
#463 = ORIENTED_EDGE ( 'NONE', *, *, #734, .T. ) ;
#464 = CIRCLE ( 'NONE', #3464, 5.809401076758479832 ) ;
#465 = DIRECTION ( 'NONE',  ( -1.000000000000000000, -0.000000000000000000, -1.241749088029210621E-16 ) ) ;
#466 = DIRECTION ( 'NONE',  ( -0.000000000000000000, -0.000000000000000000, -1.000000000000000000 ) ) ;
#467 = ORIENTED_EDGE ( 'NONE', *, *, #3882, .F. ) ;
#468 = CARTESIAN_POINT ( 'NONE',  ( -16.05039600214481155, -154.3934589431867153, 17.57598993040848612 ) ) ;
#469 = ADVANCED_FACE ( 'NONE', ( #3621 ), #769, .T. ) ;
#470 = ORIENTED_EDGE ( 'NONE', *, *, #3019, .T. ) ;
#471 = CARTESIAN_POINT ( 'NONE',  ( -25.08647081916207000, -169.4319999999999879, 63.44021100343570652 ) ) ;
#472 = DIRECTION ( 'NONE',  ( -0.7431448254773954654, 0.000000000000000000, 0.6691306063588569053 ) ) ;
#473 = ORIENTED_EDGE ( 'NONE', *, *, #48, .T. ) ;
#474 = ADVANCED_FACE ( 'NONE', ( #1408 ), #1586, .T. ) ;
#475 = CIRCLE ( 'NONE', #3336, 2.200000000000021494 ) ;
#476 = ORIENTED_EDGE ( 'NONE', *, *, #2165, .T. ) ;
#477 = DIRECTION ( 'NONE',  ( 0.9135454576426005335, 0.000000000000000000, -0.4067366430758010409 ) ) ;
#478 = DIRECTION ( 'NONE',  ( 0.000000000000000000, 1.000000000000000000, 0.000000000000000000 ) ) ;
#479 = CARTESIAN_POINT ( 'NONE',  ( -11.05039600214481155, -115.8913243749326369, 6.858330662837491154 ) ) ;
#480 = ORIENTED_EDGE ( 'NONE', *, *, #421, .T. ) ;
#481 = VECTOR ( 'NONE', #1461, 1000.000000000000000 ) ;
#482 = FACE_BOUND ( 'NONE', #208, .T. ) ;
#483 = CARTESIAN_POINT ( 'NONE',  ( 3.091543583002315465, -87.62999999999998124, 54.60999999999998522 ) ) ;
#484 = ORIENTED_EDGE ( 'NONE', *, *, #3323, .T. ) ;
#485 = EDGE_CURVE ( 'NONE', #1529, #907, #3121, .T. ) ;
#486 = AXIS2_PLACEMENT_3D ( 'NONE', #2875, #2897, #2570 ) ;
#487 = DIRECTION ( 'NONE',  ( 1.241749088029210621E-16, 0.000000000000000000, -1.000000000000000000 ) ) ;
#488 = CARTESIAN_POINT ( 'NONE',  ( -36.50259908516117235, -133.3499999999999943, 50.03016945941306659 ) ) ;
#489 = CARTESIAN_POINT ( 'NONE',  ( -11.05039600214480799, -91.97996640109978728, -32.58859999640614546 ) ) ;
#490 = EDGE_CURVE ( 'NONE', #2395, #3545, #1651, .T. ) ;
#491 = ORIENTED_EDGE ( 'NONE', *, *, #3793, .F. ) ;
#492 = DIRECTION ( 'NONE',  ( 0.000000000000000000, 0.000000000000000000, 1.000000000000000000 ) ) ;
#493 = CARTESIAN_POINT ( 'NONE',  ( -47.53798030457229373, -133.3499999999999943, 28.11621284174126245 ) ) ;
#494 = ORIENTED_EDGE ( 'NONE', *, *, #3979, .T. ) ;
#495 = VECTOR ( 'NONE', #2903, 1000.000000000000000 ) ;
#496 = B_SPLINE_CURVE_WITH_KNOTS ( 'NONE', 3,
 ( #44, #3467, #957, #2506, #3772, #2234, #3505, #974, #3520, #1942, #3852, #994 ),
 .UNSPECIFIED., .F., .F.,
 ( 4, 2, 2, 2, 2, 4 ),
 ( 1.561251128379126385E-17, 0.001198468490139337379, 0.002396936980278659146, 0.002996171225348336076, 0.003595405470418013005, 0.004793873960557366865 ),
 .UNSPECIFIED. ) ;
#497 = CONICAL_SURFACE ( 'NONE', #1103, 3.700000000000120082, 0.5235987755983053660 ) ;
#498 = EDGE_CURVE ( 'NONE', #2131, #3745, #1747, .T. ) ;
#499 = ORIENTED_EDGE ( 'NONE', *, *, #1779, .F. ) ;
#500 = DIRECTION ( 'NONE',  ( -1.000000000000000000, 0.000000000000000000, 0.000000000000000000 ) ) ;
#501 = DIRECTION ( 'NONE',  ( 1.000000000000000000, 0.000000000000000000, 1.241749088029210621E-16 ) ) ;
#502 = AXIS2_PLACEMENT_3D ( 'NONE', #1310, #2168, #3442 ) ;
#503 = VERTEX_POINT ( 'NONE', #185 ) ;
#504 = ADVANCED_FACE ( 'NONE', ( #1431, #3603, #2715 ), #1059, .T. ) ;
#506 = AXIS2_PLACEMENT_3D ( 'NONE', #546, #1437, #3722 ) ;
#505 = LINE ( 'NONE', #3980, #3687 ) ;
#507 = CARTESIAN_POINT ( 'NONE',  ( -7.050396002144808882, -91.97996640109978728, -18.39800107316462530 ) ) ;
#508 = VECTOR ( 'NONE', #3365, 1000.000000000000000 ) ;
#509 = EDGE_LOOP ( 'NONE', ( #2220, #1930, #671, #2856 ) ) ;
#510 = AXIS2_PLACEMENT_3D ( 'NONE', #3881, #1656, #1635 ) ;
#511 = AXIS2_PLACEMENT_3D ( 'NONE', #2584, #1541, #41 ) ;
#512 = CARTESIAN_POINT ( 'NONE',  ( 3.091543583002316797, -147.4659028457231500, 44.45000000000000284 ) ) ;
#513 = DIRECTION ( 'NONE',  ( 0.000000000000000000, 0.000000000000000000, -1.000000000000000000 ) ) ;
#514 = DIRECTION ( 'NONE',  ( 0.000000000000000000, -1.000000000000000000, 0.000000000000000000 ) ) ;
#515 = ADVANCED_FACE ( 'NONE', ( #2398 ), #3356, .T. ) ;
#516 = VERTEX_POINT ( 'NONE', #3684 ) ;
#517 = DIRECTION ( 'NONE',  ( -0.000000000000000000, 1.000000000000000000, -0.000000000000000000 ) ) ;
#518 = LINE ( 'NONE', #3076, #2072 ) ;
#519 = ORIENTED_EDGE ( 'NONE', *, *, #3845, .T. ) ;
#520 = AXIS2_PLACEMENT_3D ( 'NONE', #3948, #1095, #95 ) ;
#521 = ORIENTED_EDGE ( 'NONE', *, *, #802, .F. ) ;
#522 = DIRECTION ( 'NONE',  ( -0.6691306063588569053, -0.000000000000000000, 0.7431448254773955764 ) ) ;
#523 = CARTESIAN_POINT ( 'NONE',  ( -16.05039600214481155, -154.3934589431867153, 19.77598993040860975 ) ) ;
#524 = FACE_BOUND ( 'NONE', #30, .T. ) ;
#525 = DIRECTION ( 'NONE',  ( 0.000000000000000000, 1.000000000000000000, 0.000000000000000000 ) ) ;
#526 = VECTOR ( 'NONE', #1855, 1000.000000000000000 ) ;
#527 = ORIENTED_EDGE ( 'NONE', *, *, #803, .T. ) ;
#528 = CYLINDRICAL_SURFACE ( 'NONE', #3562, 69.84999999999999432 ) ;
#529 = DIRECTION ( 'NONE',  ( -1.241749088029210621E-16, 0.000000000000000000, 1.000000000000000000 ) ) ;
#530 = DIRECTION ( 'NONE',  ( 1.241749088029210621E-16, 0.000000000000000000, -1.000000000000000000 ) ) ;
#531 = VECTOR ( 'NONE', #1787, 1000.000000000000000 ) ;
#532 = ORIENTED_EDGE ( 'NONE', *, *, #3208, .T. ) ;
#533 = CARTESIAN_POINT ( 'NONE',  ( -10.29613926712385208, -112.8475394442746591, -43.71862584687991671 ) ) ;
#534 = DIRECTION ( 'NONE',  ( -1.000000000000000000, 0.000000000000000000, 0.000000000000000000 ) ) ;
#535 = VERTEX_POINT ( 'NONE', #748 ) ;
#536 = VERTEX_POINT ( 'NONE', #832 ) ;
#537 = EDGE_LOOP ( 'NONE', ( #2997, #2191, #2593, #3472, #1106, #1127, #1989, #123 ) ) ;
#538 = CARTESIAN_POINT ( 'NONE',  ( -36.27845641699764911, -113.0299999999999017, -59.68999999999996930 ) ) ;
#539 = DIRECTION ( 'NONE',  ( 0.000000000000000000, 0.000000000000000000, -1.000000000000000000 ) ) ;
#540 = CIRCLE ( 'NONE', #870, 2.540000000000000480 ) ;
#541 = AXIS2_PLACEMENT_3D ( 'NONE', #507, #836, #1817 ) ;
#542 = EDGE_CURVE ( 'NONE', #2915, #1359, #2187, .T. ) ;
#543 = CYLINDRICAL_SURFACE ( 'NONE', #2281, 1.500000000000001332 ) ;
#544 = VECTOR ( 'NONE', #220, 1000.000000000000000 ) ;
#545 = DIRECTION ( 'NONE',  ( 5.980805065379274809E-16, -0.000000000000000000, -1.000000000000000000 ) ) ;
#546 = CARTESIAN_POINT ( 'NONE',  ( -41.22156872694262830, 0.000000000000000000, -45.78119010903432695 ) ) ;
#547 = ORIENTED_EDGE ( 'NONE', *, *, #1154, .T. ) ;
#548 = VECTOR ( 'NONE', #1800, 1000.000000000000000 ) ;
#549 = CYLINDRICAL_SURFACE ( 'NONE', #3231, 6.349999999999998757 ) ;
#550 = DIRECTION ( 'NONE',  ( 0.000000000000000000, 0.000000000000000000, -1.000000000000000000 ) ) ;
#551 = ORIENTED_EDGE ( 'NONE', *, *, #3235, .T. ) ;
#552 = DIRECTION ( 'NONE',  ( 1.000000000000000000, 0.000000000000000000, 0.000000000000000000 ) ) ;
#553 = PLANE ( 'NONE',  #325 ) ;
#554 = ORIENTED_EDGE ( 'NONE', *, *, #3346, .F. ) ;
#555 = CARTESIAN_POINT ( 'NONE',  ( -7.050396002144810659, -154.3934589431867153, 36.62598993040850104 ) ) ;
#556 = CARTESIAN_POINT ( 'NONE',  ( -67.30008489993608123, 12.69999999999999929, -18.70083079602068921 ) ) ;
#557 = CARTESIAN_POINT ( 'NONE',  ( -63.11502857761197305, -133.3499999999999943, -28.10062119682093140 ) ) ;
#558 = AXIS2_PLACEMENT_3D ( 'NONE', #2, #2591, #1275 ) ;
#559 = EDGE_CURVE ( 'NONE', #343, #2439, #2062, .T. ) ;
#560 = DIRECTION ( 'NONE',  ( 0.000000000000000000, 0.000000000000000000, -1.000000000000000000 ) ) ;
#561 = AXIS2_PLACEMENT_3D ( 'NONE', #3466, #1884, #3869 ) ;
#562 = CARTESIAN_POINT ( 'NONE',  ( -7.050396002144810659, -97.24345894318669536, 17.57598993040849678 ) ) ;
#563 = DIRECTION ( 'NONE',  ( 0.000000000000000000, 0.000000000000000000, 1.000000000000000000 ) ) ;
#564 = AXIS2_PLACEMENT_3D ( 'NONE', #2382, #2318, #1043 ) ;
#565 = ORIENTED_EDGE ( 'NONE', *, *, #2237, .T. ) ;
#566 = EDGE_CURVE ( 'NONE', #928, #1001, #391, .T. ) ;
#567 = AXIS2_PLACEMENT_3D ( 'NONE', #2211, #3767, #1939 ) ;
#568 = CARTESIAN_POINT ( 'NONE',  ( 0.000000000000000000, -169.4319999999999595, 50.79999999999999716 ) ) ;
#569 = DIRECTION ( 'NONE',  ( -0.000000000000000000, -1.000000000000000000, -0.000000000000000000 ) ) ;
#570 = AXIS2_PLACEMENT_3D ( 'NONE', #757, #1023, #1087 ) ;
#571 = CARTESIAN_POINT ( 'NONE',  ( -7.754019774332338507E-14, 0.000000000000000000, 44.45000000000000995 ) ) ;
#572 = CIRCLE ( 'NONE', #369, 2.200000000000118305 ) ;
#573 = EDGE_CURVE ( 'NONE', #3708, #1449, #2146, .T. ) ;
#574 = ORIENTED_EDGE ( 'NONE', *, *, #3976, .T. ) ;
#575 = CARTESIAN_POINT ( 'NONE',  ( -69.08799999999999386, -113.0299999999999017, -10.28935158306859599 ) ) ;
#576 = CARTESIAN_POINT ( 'NONE',  ( -50.12075798810362670, -133.3499999999999943, -22.31519918571073902 ) ) ;
#577 = ORIENTED_EDGE ( 'NONE', *, *, #3645, .T. ) ;
#578 = DIRECTION ( 'NONE',  ( -0.000000000000000000, 1.000000000000000000, -0.000000000000000000 ) ) ;
#579 = ORIENTED_EDGE ( 'NONE', *, *, #3352, .T. ) ;
#580 = ORIENTED_EDGE ( 'NONE', *, *, #2797, .F. ) ;
#581 = ADVANCED_FACE ( 'NONE', ( #583 ), #920, .T. ) ;
#582 = DIRECTION ( 'NONE',  ( 1.000000000000000000, 0.000000000000000000, 0.000000000000000000 ) ) ;
#583 = FACE_OUTER_BOUND ( 'NONE', #3314, .T. ) ;
#584 = DIRECTION ( 'NONE',  ( 0.000000000000000000, 0.000000000000000000, -1.000000000000000000 ) ) ;
#585 = CARTESIAN_POINT ( 'NONE',  ( -60.23188847012047376, 25.77737000652124877, 16.17778925491995068 ) ) ;
#586 = DIRECTION ( 'NONE',  ( 0.000000000000000000, 0.000000000000000000, 1.000000000000000000 ) ) ;
#587 = EDGE_LOOP ( 'NONE', ( #1583, #3867, #2203, #1590 ) ) ;
#588 = DIRECTION ( 'NONE',  ( 1.000000000000000000, 0.000000000000000000, 1.241749088029210621E-16 ) ) ;
#589 = LINE ( 'NONE', #1135, #1004 ) ;
#590 = VECTOR ( 'NONE', #2456, 1000.000000000000000 ) ;
#591 = EDGE_CURVE ( 'NONE', #2040, #3856, #2770, .T. ) ;
#592 = CARTESIAN_POINT ( 'NONE',  ( -41.22156872694263541, -133.3499999999999943, -45.78119010903431985 ) ) ;
#593 = EDGE_CURVE ( 'NONE', #3638, #717, #2206, .T. ) ;
#594 = ORIENTED_EDGE ( 'NONE', *, *, #2453, .T. ) ;
#595 = DIRECTION ( 'NONE',  ( -1.000000000000000000, 0.000000000000000000, 0.000000000000000000 ) ) ;
#596 = DIRECTION ( 'NONE',  ( -0.8660254037844352659, 0.000000000000000000, 0.5000000000000057732 ) ) ;
#597 = ORIENTED_EDGE ( 'NONE', *, *, #2226, .F. ) ;
#598 = DIRECTION ( 'NONE',  ( 0.000000000000000000, 0.000000000000000000, 1.000000000000000000 ) ) ;
#599 = ORIENTED_EDGE ( 'NONE', *, *, #1514, .T. ) ;
#600 = VERTEX_POINT ( 'NONE', #2186 ) ;
#601 = EDGE_CURVE ( 'NONE', #336, #2417, #1579, .T. ) ;
#602 = LINE ( 'NONE', #2145, #1675 ) ;
#603 = CARTESIAN_POINT ( 'NONE',  ( 0.000000000000000000, -169.4319999999999595, -46.98999999999999488 ) ) ;
#604 = VECTOR ( 'NONE', #254, 1000.000000000000000 ) ;
#605 = DIRECTION ( 'NONE',  ( 1.000000000000000000, 0.000000000000000000, 0.000000000000000000 ) ) ;
#606 = DIRECTION ( 'NONE',  ( -0.7431448254773954654, 0.000000000000000000, -0.6691306063588569053 ) ) ;
#607 = CARTESIAN_POINT ( 'NONE',  ( -25.08647081916206290, -99.04046254401986005, -2.199999999999997513 ) ) ;
#608 = CIRCLE ( 'NONE', #2932, 6.349999999999998757 ) ;
#609 = VERTEX_POINT ( 'NONE', #3740 ) ;
#610 = VECTOR ( 'NONE', #296, 1000.000000000000000 ) ;
#611 = CARTESIAN_POINT ( 'NONE',  ( 3.091543583002316797, -87.62999999999998124, -49.53000000000000114 ) ) ;
#612 = CARTESIAN_POINT ( 'NONE',  ( -53.69588676483306244, -133.3499999999999943, 30.85788943929611250 ) ) ;
#613 = CARTESIAN_POINT ( 'NONE',  ( -8.523452214335302202, -87.62999999999998124, -18.60634778727917293 ) ) ;
#614 = EDGE_CURVE ( 'NONE', #2983, #403, #930, .T. ) ;
#615 = CIRCLE ( 'NONE', #2209, 3.700000000000120082 ) ;
#616 = CARTESIAN_POINT ( 'NONE',  ( 0.000000000000000000, -435.6100000000001273, 54.60999999999999943 ) ) ;
#617 = DIRECTION ( 'NONE',  ( -1.000000000000000000, 0.000000000000000000, 0.000000000000000000 ) ) ;
#618 = CARTESIAN_POINT ( 'NONE',  ( -4.666286167692962117, -147.4659028457231500, 59.68999999999998352 ) ) ;
#619 = ORIENTED_EDGE ( 'NONE', *, *, #1250, .F. ) ;
#620 = DIRECTION ( 'NONE',  ( -0.8660254037844361541, 0.000000000000000000, 0.5000000000000042188 ) ) ;
#621 = EDGE_CURVE ( 'NONE', #1710, #176, #3124, .T. ) ;
#622 = AXIS2_PLACEMENT_3D ( 'NONE', #3765, #4078, #584 ) ;
#623 = ORIENTED_EDGE ( 'NONE', *, *, #3216, .T. ) ;
#624 = DIRECTION ( 'NONE',  ( 6.829619984160667907E-16, 0.000000000000000000, 1.000000000000000000 ) ) ;
#625 = DIRECTION ( 'NONE',  ( -0.9135454576426005335, -0.000000000000000000, -0.4067366430758010409 ) ) ;
#626 = EDGE_CURVE ( 'NONE', #922, #2537, #3184, .T. ) ;
#627 = CARTESIAN_POINT ( 'NONE',  ( 4.665904304751412537E-16, -169.4319999999999595, -54.60999999999999943 ) ) ;
#628 = LINE ( 'NONE', #3126, #2643 ) ;
#629 = CARTESIAN_POINT ( 'NONE',  ( -10.26017045602887912, -111.9799664010997873, -43.75116521815255055 ) ) ;
#630 = ORIENTED_EDGE ( 'NONE', *, *, #3515, .T. ) ;
#631 = CLOSED_SHELL ( 'NONE', ( #474, #1325, #4056, #188, #3672, #3866, #3133, #2664, #750, #2425, #3012, #3749, #106, #2970, #250, #2347, #3812, #427, #2911, #2963, #3619, #2547, #2942, #3835, #2689, #2917, #2930, #3992, #2527, #1347, #3115, #2655, #150, #3414, #1641, #1051, #986, #2148, #3446, #504, #515, #3958, #2669, #688, #3924, #1850, #1003, #2338, #1887, #3387, #338, #3081, #1066, #3984, #3145, #3382, #969, #4055, #1761, #2778, #230, #2075, #926, #3224, #3094, #1622, #1713, #892, #164, #1435, #469, #668, #3312, #855, #3764, #3064, #2968, #683, #3872, #19, #2418, #314, #3025, #2379, #10, #1744, #78, #1739, #2561, #3814, #2720, #1174, #3659, #1964, #1356, #2410, #1979, #279, #3007, #3752, #3374, #3364, #288, #1399, #1602, #20, #1486, #1303, #1878, #2955, #2249, #887, #1240, #3162, #3246, #1524, #1194, #1125, #2534, #193, #581, #877, #415, #1532, #1485, #3669, #4105 ) ) ;
#632 = LINE ( 'NONE', #938, #1142 ) ;
#633 = CIRCLE ( 'NONE', #2887, 6.349999999999995204 ) ;
#634 = PLANE ( 'NONE',  #2756 ) ;
#635 = ORIENTED_EDGE ( 'NONE', *, *, #1469, .T. ) ;
#636 = DIRECTION ( 'NONE',  ( 0.000000000000000000, 0.000000000000000000, -1.000000000000000000 ) ) ;
#637 = DIRECTION ( 'NONE',  ( -1.000000000000000000, 0.000000000000000000, 0.000000000000000000 ) ) ;
#638 = ORIENTED_EDGE ( 'NONE', *, *, #3018, .F. ) ;
#639 = CIRCLE ( 'NONE', #1702, 2.540000000000000480 ) ;
#640 = CYLINDRICAL_SURFACE ( 'NONE', #2836, 2.199999999999994849 ) ;
#641 = ORIENTED_EDGE ( 'NONE', *, *, #1182, .T. ) ;
#642 = DIRECTION ( 'NONE',  ( 1.000000000000000000, -0.000000000000000000, -0.000000000000000000 ) ) ;
#643 = DIRECTION ( 'NONE',  ( 0.000000000000000000, 0.000000000000000000, 1.000000000000000000 ) ) ;
#644 = ORIENTED_EDGE ( 'NONE', *, *, #2797, .T. ) ;
#645 = DIRECTION ( 'NONE',  ( 1.000000000000000000, -0.000000000000000000, 1.241749088029210868E-16 ) ) ;
#646 = CARTESIAN_POINT ( 'NONE',  ( 0.000000000000000000, -169.4319999999999879, 0.000000000000000000 ) ) ;
#647 = VERTEX_POINT ( 'NONE', #1495 ) ;
#648 = CARTESIAN_POINT ( 'NONE',  ( -67.30008489993608123, 12.69999999999999929, 18.70083079602068921 ) ) ;
#649 = CARTESIAN_POINT ( 'NONE',  ( -7.050396002144899477, -111.9799664010997873, -21.89800107316463595 ) ) ;
#650 = EDGE_LOOP ( 'NONE', ( #3616, #432 ) ) ;
#651 = CARTESIAN_POINT ( 'NONE',  ( -10.97733180677312959, -96.00653032360261818, -42.53245199865440185 ) ) ;
#652 = EDGE_LOOP ( 'NONE', ( #3547, #1379, #1222, #3350 ) ) ;
#653 = DIRECTION ( 'NONE',  ( 1.000000000000000000, -0.000000000000000000, -0.000000000000000000 ) ) ;
#654 = VERTEX_POINT ( 'NONE', #603 ) ;
#655 = CYLINDRICAL_SURFACE ( 'NONE', #204, 3.810000000000000941 ) ;
#656 = CARTESIAN_POINT ( 'NONE',  ( -11.05039600214481688, -254.0000000000000000, 41.90999999999999659 ) ) ;
#657 = ORIENTED_EDGE ( 'NONE', *, *, #1538, .T. ) ;
#658 = AXIS2_PLACEMENT_3D ( 'NONE', #3755, #534, #906 ) ;
#659 = VERTEX_POINT ( 'NONE', #1833 ) ;
#660 =( LENGTH_UNIT ( ) NAMED_UNIT ( * ) SI_UNIT ( .MILLI., .METRE. ) );
#661 = CARTESIAN_POINT ( 'NONE',  ( 3.091543583002317241, -169.4319999999999879, -44.45000000000000284 ) ) ;
#662 = ORIENTED_EDGE ( 'NONE', *, *, #931, .T. ) ;
#663 = EDGE_CURVE ( 'NONE', #1608, #2492, #3844, .T. ) ;
#664 = FACE_OUTER_BOUND ( 'NONE', #3753, .T. ) ;
#665 = LINE ( 'NONE', #1943, #2216 ) ;
#666 = ORIENTED_EDGE ( 'NONE', *, *, #846, .T. ) ;
#667 = CIRCLE ( 'NONE', #810, 6.349999999999996092 ) ;
#668 = ADVANCED_FACE ( 'NONE', ( #3718 ), #1535, .F. ) ;
#669 = DIRECTION ( 'NONE',  ( 1.000000000000000000, 0.000000000000000000, 0.000000000000000000 ) ) ;
#670 = CARTESIAN_POINT ( 'NONE',  ( -25.08647081916205934, -113.0299999999999017, 53.55235401931967942 ) ) ;
#671 = ORIENTED_EDGE ( 'NONE', *, *, #1210, .T. ) ;
#672 = PLANE ( 'NONE',  #510 ) ;
#673 = ORIENTED_EDGE ( 'NONE', *, *, #4076, .F. ) ;
#674 = CARTESIAN_POINT ( 'NONE',  ( -60.23188847012047376, -113.0299999999999017, 16.17778925491995068 ) ) ;
#675 = DIRECTION ( 'NONE',  ( -0.8660254037844369313, 0.000000000000000000, 0.5000000000000028866 ) ) ;
#676 = ORIENTED_EDGE ( 'NONE', *, *, #1027, .T. ) ;
#677 = AXIS2_PLACEMENT_3D ( 'NONE', #110, #3944, #2081 ) ;
#678 = VERTEX_POINT ( 'NONE', #2497 ) ;
#679 = DIRECTION ( 'NONE',  ( 0.000000000000000000, 0.000000000000000000, -1.000000000000000000 ) ) ;
#680 = CARTESIAN_POINT ( 'NONE',  ( -54.86399999999999721, -133.3499999999999943, 6.350000000000007638 ) ) ;
#681 = DIRECTION ( 'NONE',  ( 0.000000000000000000, 0.000000000000000000, -1.000000000000000000 ) ) ;
#682 = EDGE_LOOP ( 'NONE', ( #128, #4012, #1231, #4073 ) ) ;
#683 = ADVANCED_FACE ( 'NONE', ( #869 ), #3763, .F. ) ;
#684 = DIRECTION ( 'NONE',  ( 0.000000000000000000, 0.000000000000000000, -1.000000000000000000 ) ) ;
#685 = ORIENTED_EDGE ( 'NONE', *, *, #3704, .T. ) ;
#686 = CIRCLE ( 'NONE', #1692, 62.36666781104819535 ) ;
#687 = AXIS2_PLACEMENT_3D ( 'NONE', #2921, #465, #3610 ) ;
#688 = ADVANCED_FACE ( 'NONE', ( #3104 ), #283, .T. ) ;
#689 = VERTEX_POINT ( 'NONE', #4100 ) ;
#690 = CARTESIAN_POINT ( 'NONE',  ( -10.51138405521314212, -94.11099629437721603, -43.48398060333265391 ) ) ;
#691 = ORIENTED_EDGE ( 'NONE', *, *, #621, .T. ) ;
#692 = DIRECTION ( 'NONE',  ( 1.000000000000000000, -0.000000000000000000, -0.000000000000000000 ) ) ;
#693 = EDGE_CURVE ( 'NONE', #4114, #1449, #3780, .T. ) ;
#694 = VERTEX_POINT ( 'NONE', #4017 ) ;
#695 = AXIS2_PLACEMENT_3D ( 'NONE', #3149, #2585, #991 ) ;
#696 = DIRECTION ( 'NONE',  ( -0.4067366430758009854, 0.000000000000000000, -0.9135454576426004225 ) ) ;
#697 = LINE ( 'NONE', #3532, #379 ) ;
#698 = ORIENTED_EDGE ( 'NONE', *, *, #3208, .F. ) ;
#699 = VECTOR ( 'NONE', #1416, 1000.000000000000000 ) ;
#700 = AXIS2_PLACEMENT_3D ( 'NONE', #1998, #2618, #3819 ) ;
#701 = VECTOR ( 'NONE', #1436, 1000.000000000000000 ) ;
#702 = ORIENTED_EDGE ( 'NONE', *, *, #2399, .T. ) ;
#703 = CARTESIAN_POINT ( 'NONE',  ( -11.05039600214480622, -87.62999999999998124, -34.54742537855149465 ) ) ;
#704 = FACE_OUTER_BOUND ( 'NONE', #2848, .T. ) ;
#705 = APPLICATION_PROTOCOL_DEFINITION ( 'draft international standard', 'automotive_design', 1998, #2772 ) ;
#706 = FACE_OUTER_BOUND ( 'NONE', #762, .T. ) ;
#707 = ORIENTED_EDGE ( 'NONE', *, *, #365, .T. ) ;
#708 = CARTESIAN_POINT ( 'NONE',  ( -16.05039600214481155, -153.3968480519725688, -35.40703493043132966 ) ) ;
#709 = DIRECTION ( 'NONE',  ( 0.000000000000000000, 0.000000000000000000, -1.000000000000000000 ) ) ;
#710 = CIRCLE ( 'NONE', #1441, 69.84999999999999432 ) ;
#711 = ORIENTED_EDGE ( 'NONE', *, *, #1018, .T. ) ;
#712 = DIRECTION ( 'NONE',  ( 0.000000000000000000, 0.000000000000000000, -1.000000000000000000 ) ) ;
#713 = DIRECTION ( 'NONE',  ( -1.241749088029210621E-16, 0.000000000000000000, 1.000000000000000000 ) ) ;
#714 = ORIENTED_EDGE ( 'NONE', *, *, #1421, .T. ) ;
#715 = CARTESIAN_POINT ( 'NONE',  ( -16.05039600214481155, -154.3934589431867153, 34.42598993040837740 ) ) ;
#716 = EDGE_CURVE ( 'NONE', #4081, #1050, #1166, .T. ) ;
#717 = VERTEX_POINT ( 'NONE', #323 ) ;
#718 = DIRECTION ( 'NONE',  ( 0.000000000000000000, 0.000000000000000000, 1.000000000000000000 ) ) ;
#719 = FACE_OUTER_BOUND ( 'NONE', #3507, .T. ) ;
#720 = EDGE_LOOP ( 'NONE', ( #3838, #4007, #3593, #409 ) ) ;
#721 = VECTOR ( 'NONE', #2852, 1000.000000000000000 ) ;
#722 = EDGE_CURVE ( 'NONE', #3674, #1608, #342, .T. ) ;
#723 = ORIENTED_EDGE ( 'NONE', *, *, #186, .T. ) ;
#724 = CARTESIAN_POINT ( 'NONE',  ( -9.158024014689077674, -87.63000000000000966, -36.55259059371631025 ) ) ;
#725 = CARTESIAN_POINT ( 'NONE',  ( -11.05039600214480444, -153.3968480519725688, -41.41643600718985851 ) ) ;
#726 = PRODUCT_CONTEXT ( 'NONE', #2264, 'mechanical' ) ;
#727 = DIRECTION ( 'NONE',  ( 1.000000000000000000, -0.000000000000000000, 1.241749088029210868E-16 ) ) ;
#728 = ORIENTED_EDGE ( 'NONE', *, *, #3240, .F. ) ;
#729 = AXIS2_PLACEMENT_3D ( 'NONE', #2121, #3058, #3390 ) ;
#730 = DIRECTION ( 'NONE',  ( 1.000000000000000000, -0.000000000000000000, -0.000000000000000000 ) ) ;
#731 = DIRECTION ( 'NONE',  ( -0.7431448254773953543, 0.000000000000000000, -0.6691306063588570163 ) ) ;
#732 = EDGE_LOOP ( 'NONE', ( #3465, #1462, #3973, #241 ) ) ;
#733 = DIRECTION ( 'NONE',  ( -1.000000000000000000, -0.000000000000000000, -1.241749088029210621E-16 ) ) ;
#734 = EDGE_CURVE ( 'NONE', #1963, #2241, #2520, .T. ) ;
#735 = FACE_OUTER_BOUND ( 'NONE', #3357, .T. ) ;
#736 = VERTEX_POINT ( 'NONE', #967 ) ;
#737 = LINE ( 'NONE', #2018, #3421 ) ;
#738 = AXIS2_PLACEMENT_3D ( 'NONE', #2489, #1847, #905 ) ;
#739 = VECTOR ( 'NONE', #1247, 1000.000000000000000 ) ;
#740 = ORIENTED_EDGE ( 'NONE', *, *, #381, .F. ) ;
#741 = DIRECTION ( 'NONE',  ( 1.000000000000000000, -0.000000000000000000, 1.241749088029210621E-16 ) ) ;
#742 = CARTESIAN_POINT ( 'NONE',  ( -20.08647081916206290, -99.04046254401986005, 2.199999999999992628 ) ) ;
#743 = ORIENTED_EDGE ( 'NONE', *, *, #2724, .F. ) ;
#744 = PRODUCT_DEFINITION ( 'UNKNOWN', '', #370, #2253 ) ;
#745 = AXIS2_PLACEMENT_3D ( 'NONE', #1395, #3986, #2301 ) ;
#746 = ORIENTED_EDGE ( 'NONE', *, *, #1498, .T. ) ;
#747 = CARTESIAN_POINT ( 'NONE',  ( -63.11502857761197305, 0.000000000000000000, -28.10062119682094206 ) ) ;
#748 = CARTESIAN_POINT ( 'NONE',  ( -11.05039600214481155, -154.3934589431867153, 11.56658885364984712 ) ) ;
#749 = CARTESIAN_POINT ( 'NONE',  ( 8.171543583002316424, -87.62999999999998124, -49.53000000000000114 ) ) ;
#750 = ADVANCED_FACE ( 'NONE', ( #719 ), #2391, .T. ) ;
#751 = ORIENTED_EDGE ( 'NONE', *, *, #3997, .F. ) ;
#752 = EDGE_CURVE ( 'NONE', #3455, #3756, #1345, .T. ) ;
#753 = AXIS2_PLACEMENT_3D ( 'NONE', #3847, #80, #2332 ) ;
#754 = CARTESIAN_POINT ( 'NONE',  ( -16.05039600214481155, -97.24345894318669536, 19.77598993040862041 ) ) ;
#755 = FACE_BOUND ( 'NONE', #3983, .T. ) ;
#756 = VERTEX_POINT ( 'NONE', #2309 ) ;
#757 = CARTESIAN_POINT ( 'NONE',  ( -46.22889533212070035, -133.3499999999999943, 51.34238970258229529 ) ) ;
#758 = DIRECTION ( 'NONE',  ( 1.241749088029210621E-16, 0.000000000000000000, -1.000000000000000000 ) ) ;
#759 = CONICAL_SURFACE ( 'NONE', #1824, 3.700000000000120082, 0.5235987755983053660 ) ;
#760 = CARTESIAN_POINT ( 'NONE',  ( -8.510396002144819505, -169.4319999999999879, 44.44999999999999574 ) ) ;
#761 = EDGE_CURVE ( 'NONE', #176, #1464, #3055, .T. ) ;
#762 = EDGE_LOOP ( 'NONE', ( #1480, #2877, #1823, #1701 ) ) ;
#763 = CARTESIAN_POINT ( 'NONE',  ( -10.97681013330915256, -116.0039169649298003, -42.53461407162353680 ) ) ;
#764 = CARTESIAN_POINT ( 'NONE',  ( -7.050396002144810659, -154.3934589431867153, 36.62598993040850104 ) ) ;
#765 = ORIENTED_EDGE ( 'NONE', *, *, #663, .T. ) ;
#766 = AXIS2_PLACEMENT_3D ( 'NONE', #2337, #3607, #3177 ) ;
#767 = ORIENTED_EDGE ( 'NONE', *, *, #593, .F. ) ;
#768 = DIRECTION ( 'NONE',  ( 1.000000000000000000, 0.000000000000000000, 1.241749088029210621E-16 ) ) ;
#769 = CYLINDRICAL_SURFACE ( 'NONE', #1291, 69.84999999999999432 ) ;
#770 = CARTESIAN_POINT ( 'NONE',  ( -16.05039600214481155, -153.3968480519725688, -33.20703493043131260 ) ) ;
#771 = AXIS2_PLACEMENT_3D ( 'NONE', #3518, #2545, #2837 ) ;
#772 = ORIENTED_EDGE ( 'NONE', *, *, #48, .F. ) ;
#773 = DIRECTION ( 'NONE',  ( -0.8660254037844352659, 6.123233995736835061E-17, -0.5000000000000057732 ) ) ;
#774 = DIRECTION ( 'NONE',  ( 1.000000000000000000, 0.000000000000000000, 0.000000000000000000 ) ) ;
#775 = EDGE_CURVE ( 'NONE', #3195, #3846, #4119, .T. ) ;
#776 = EDGE_LOOP ( 'NONE', ( #3181, #1315, #1343, #1078 ) ) ;
#777 = EDGE_CURVE ( 'NONE', #3818, #826, #984, .T. ) ;
#778 = DIRECTION ( 'NONE',  ( 0.000000000000000000, 0.000000000000000000, -1.000000000000000000 ) ) ;
#779 = CARTESIAN_POINT ( 'NONE',  ( -11.05039600214481688, -157.2556502166349901, 41.90999999999999659 ) ) ;
#780 = EDGE_LOOP ( 'NONE', ( #2252, #3135 ) ) ;
#781 = DIRECTION ( 'NONE',  ( -0.000000000000000000, 1.000000000000000000, -0.000000000000000000 ) ) ;
#782 = ORIENTED_EDGE ( 'NONE', *, *, #2471, .F. ) ;
#783 = CARTESIAN_POINT ( 'NONE',  ( -16.05039600214481155, -124.1868480519726319, -26.37589818040652290 ) ) ;
#784 = DIRECTION ( 'NONE',  ( -0.000000000000000000, -1.000000000000000000, -0.000000000000000000 ) ) ;
#785 = ORIENTED_EDGE ( 'NONE', *, *, #3441, .T. ) ;
#786 = ORIENTED_EDGE ( 'NONE', *, *, #3140, .T. ) ;
#787 = CYLINDRICAL_SURFACE ( 'NONE', #1143, 2.540000000000000480 ) ;
#788 = DIRECTION ( 'NONE',  ( 1.000000000000000000, -0.000000000000000000, -0.000000000000000000 ) ) ;
#789 = AXIS2_PLACEMENT_3D ( 'NONE', #557, #625, #260 ) ;
#790 = EDGE_CURVE ( 'NONE', #2395, #1359, #33, .T. ) ;
#791 = DIRECTION ( 'NONE',  ( -0.000000000000000000, -1.000000000000000000, -0.000000000000000000 ) ) ;
#792 = ORIENTED_EDGE ( 'NONE', *, *, #2263, .T. ) ;
#793 = CARTESIAN_POINT ( 'NONE',  ( -11.02191503445102683, -95.29490592858273601, 42.29871246141819796 ) ) ;
#794 = DIRECTION ( 'NONE',  ( -0.9135454576426005335, -0.000000000000000000, 0.4067366430758010409 ) ) ;
#795 = EDGE_CURVE ( 'NONE', #2059, #1549, #1305, .T. ) ;
#796 = ORIENTED_EDGE ( 'NONE', *, *, #3422, .T. ) ;
#797 = VECTOR ( 'NONE', #844, 1000.000000000000000 ) ;
#798 = DIRECTION ( 'NONE',  ( 0.000000000000000000, -1.000000000000000000, 0.000000000000000000 ) ) ;
#799 = FACE_OUTER_BOUND ( 'NONE', #3219, .T. ) ;
#800 = ORIENTED_EDGE ( 'NONE', *, *, #2586, .T. ) ;
#801 = PLANE ( 'NONE',  #677 ) ;
#802 = EDGE_CURVE ( 'NONE', #3429, #4092, #2601, .T. ) ;
#803 = EDGE_CURVE ( 'NONE', #3455, #973, #1249, .T. ) ;
#804 = ORIENTED_EDGE ( 'NONE', *, *, #3774, .F. ) ;
#805 = DIRECTION ( 'NONE',  ( 0.000000000000000000, 0.000000000000000000, -1.000000000000000000 ) ) ;
#806 = CARTESIAN_POINT ( 'NONE',  ( -25.08647081916206290, -154.3513605428498181, -6.858330662837497371 ) ) ;
#807 = EDGE_LOOP ( 'NONE', ( #3173, #182 ) ) ;
#808 = AXIS2_PLACEMENT_3D ( 'NONE', #2054, #794, #1991 ) ;
#809 = EDGE_CURVE ( 'NONE', #1262, #1768, #911, .T. ) ;
#810 = AXIS2_PLACEMENT_3D ( 'NONE', #410, #94, #3908 ) ;
#811 = VERTEX_POINT ( 'NONE', #2285 ) ;
#812 = CARTESIAN_POINT ( 'NONE',  ( -11.05039600214481688, -99.66552636854451919, 42.14840201298826372 ) ) ;
#813 = DIRECTION ( 'NONE',  ( -0.000000000000000000, 1.000000000000000000, -0.000000000000000000 ) ) ;
#814 = ORIENTED_EDGE ( 'NONE', *, *, #498, .F. ) ;
#815 = CARTESIAN_POINT ( 'NONE',  ( -11.05039600214481332, -97.24345894318669536, 17.57598993040849678 ) ) ;
#816 = CARTESIAN_POINT ( 'NONE',  ( -16.05039600214481155, -97.24345894318669536, 36.62598993040849393 ) ) ;
#817 = EDGE_CURVE ( 'NONE', #2071, #366, #3864, .T. ) ;
#818 = VERTEX_POINT ( 'NONE', #2261 ) ;
#819 = CIRCLE ( 'NONE', #1009, 3.700000000000112976 ) ;
#820 = CARTESIAN_POINT ( 'NONE',  ( -11.05039600214481155, -154.3513605428498181, -6.858330662837495595 ) ) ;
#821 = CARTESIAN_POINT ( 'NONE',  ( -69.08799999999999386, -133.3499999999999943, -6.349999999999984546 ) ) ;
#822 = CARTESIAN_POINT ( 'NONE',  ( 0.000000000000000000, -113.0299999999999017, 0.000000000000000000 ) ) ;
#823 = ORIENTED_EDGE ( 'NONE', *, *, #621, .F. ) ;
#824 = CARTESIAN_POINT ( 'NONE',  ( -10.95961960632159204, -153.8996406284587124, 42.58298123060252749 ) ) ;
#825 = CARTESIAN_POINT ( 'NONE',  ( -33.38807912158540603, -113.0299999999999017, -52.83449583066303745 ) ) ;
#826 = VERTEX_POINT ( 'NONE', #3553 ) ;
#827 = VERTEX_POINT ( 'NONE', #3498 ) ;
#828 = CIRCLE ( 'NONE', #3746, 6.349999999999996092 ) ;
#829 = VECTOR ( 'NONE', #2116, 1000.000000000000000 ) ;
#830 = ORIENTED_EDGE ( 'NONE', *, *, #663, .F. ) ;
#831 = FACE_OUTER_BOUND ( 'NONE', #1115, .T. ) ;
#832 = CARTESIAN_POINT ( 'NONE',  ( -25.08647081916207711, -154.3513605428498181, -6.858330662837497371 ) ) ;
#833 = VECTOR ( 'NONE', #1391, 1000.000000000000000 ) ;
#835 = VECTOR ( 'NONE', #2334, 1000.000000000000000 ) ;
#834 = FACE_OUTER_BOUND ( 'NONE', #3701, .T. ) ;
#836 = DIRECTION ( 'NONE',  ( 1.000000000000000000, 0.000000000000000000, 1.241749088029210621E-16 ) ) ;
#837 = VERTEX_POINT ( 'NONE', #3264 ) ;
#838 = CONICAL_SURFACE ( 'NONE', #502, 3.500000000000010214, 0.5235987755983022574 ) ;
#839 = DIRECTION ( 'NONE',  ( -0.000000000000000000, -1.000000000000000000, -0.000000000000000000 ) ) ;
#840 = CARTESIAN_POINT ( 'NONE',  ( -26.61408714213629167, -113.0299999999999017, -53.55235401931967942 ) ) ;
#841 = LINE ( 'NONE', #3054, #1216 ) ;
#842 = EDGE_LOOP ( 'NONE', ( #1377, #673, #2356, #3116 ) ) ;
#843 = DIRECTION ( 'NONE',  ( 1.000000000000000000, 0.000000000000000000, 1.241749088029210621E-16 ) ) ;
#844 = DIRECTION ( 'NONE',  ( 1.084912616036924389E-16, 0.000000000000000000, -1.000000000000000000 ) ) ;
#845 = ORIENTED_EDGE ( 'NONE', *, *, #445, .F. ) ;
#846 = EDGE_CURVE ( 'NONE', #818, #2454, #697, .T. ) ;
#847 = ORIENTED_EDGE ( 'NONE', *, *, #2789, .F. ) ;
#848 = DIRECTION ( 'NONE',  ( 1.241749088029210621E-16, 0.000000000000000000, -1.000000000000000000 ) ) ;
#849 = DIRECTION ( 'NONE',  ( -0.8660254037844353769, 0.000000000000000000, 0.5000000000000054401 ) ) ;
#850 = DIRECTION ( 'NONE',  ( 0.000000000000000000, 0.000000000000000000, -1.000000000000000000 ) ) ;
#851 = CARTESIAN_POINT ( 'NONE',  ( -11.05039600214481688, -254.0000000000000000, 41.90999999999999659 ) ) ;
#852 = LINE ( 'NONE', #2094, #1071 ) ;
#853 = VECTOR ( 'NONE', #890, 1000.000000000000000 ) ;
#854 = VERTEX_POINT ( 'NONE', #1955 ) ;
#855 = ADVANCED_FACE ( 'NONE', ( #1267 ), #1981, .F. ) ;
#856 = FACE_OUTER_BOUND ( 'NONE', #2853, .T. ) ;
#857 = DIRECTION ( 'NONE',  ( -0.000000000000000000, -1.000000000000000000, -0.000000000000000000 ) ) ;
#858 = DIRECTION ( 'NONE',  ( 0.6691306063588569053, 0.000000000000000000, 0.7431448254773954654 ) ) ;
#859 = AXIS2_PLACEMENT_3D ( 'NONE', #1573, #961, #2574 ) ;
#860 = ORIENTED_EDGE ( 'NONE', *, *, #462, .F. ) ;
#861 = LINE ( 'NONE', #3490, #958 ) ;
#862 = CARTESIAN_POINT ( 'NONE',  ( -16.05039600214481155, -154.3934589431867153, 19.77598993040860975 ) ) ;
#863 = ORIENTED_EDGE ( 'NONE', *, *, #1685, .F. ) ;
#864 = DIRECTION ( 'NONE',  ( 0.000000000000000000, 0.000000000000000000, -1.000000000000000000 ) ) ;
#865 = ORIENTED_EDGE ( 'NONE', *, *, #992, .F. ) ;
#866 = EDGE_CURVE ( 'NONE', #98, #1846, #3803, .T. ) ;
#867 = EDGE_LOOP ( 'NONE', ( #2183, #228, #1324, #2850, #333, #1728, #1010, #3639, #993, #3519, #3682, #4125 ) ) ;
#868 = CARTESIAN_POINT ( 'NONE',  ( -34.81924231411541371, -113.0299999999999017, 51.54587070405882088 ) ) ;
#869 = FACE_OUTER_BOUND ( 'NONE', #4060, .T. ) ;
#870 = AXIS2_PLACEMENT_3D ( 'NONE', #3656, #3695, #2747 ) ;
#871 = CIRCLE ( 'NONE', #267, 6.349999999999996092 ) ;
#872 = CYLINDRICAL_SURFACE ( 'NONE', #3873, 1.500000000000001332 ) ;
#873 = AXIS2_PLACEMENT_3D ( 'NONE', #3717, #242, #2865 ) ;
#874 = DIRECTION ( 'NONE',  ( -0.000000000000000000, -1.000000000000000000, -0.000000000000000000 ) ) ;
#875 = DIRECTION ( 'NONE',  ( -1.000000000000000000, 0.000000000000000000, -1.084912616036924266E-16 ) ) ;
#876 = ORIENTED_EDGE ( 'NONE', *, *, #1148, .T. ) ;
#877 = ADVANCED_FACE ( 'NONE', ( #1659 ), #2312, .T. ) ;
#878 = AXIS2_PLACEMENT_3D ( 'NONE', #1844, #2777, #1214 ) ;
#879 = CARTESIAN_POINT ( 'NONE',  ( -38.58241694564569713, -113.0299999999999017, -58.22730976640039557 ) ) ;
#880 = FACE_OUTER_BOUND ( 'NONE', #2869, .T. ) ;
#881 = PLANE ( 'NONE',  #4083 ) ;
#882 = VERTEX_POINT ( 'NONE', #2394 ) ;
#883 = LINE ( 'NONE', #2157, #4024 ) ;
#884 = CARTESIAN_POINT ( 'NONE',  ( -26.61408714213629167, -87.62999999999999545, 53.55235401931967942 ) ) ;
#885 = ORIENTED_EDGE ( 'NONE', *, *, #2516, .T. ) ;
#886 = DIRECTION ( 'NONE',  ( 1.000000000000000000, 0.000000000000000000, 1.241749088029210621E-16 ) ) ;
#887 = ADVANCED_FACE ( 'NONE', ( #2710 ), #3597, .T. ) ;
#888 = ORIENTED_EDGE ( 'NONE', *, *, #1277, .T. ) ;
#889 = CARTESIAN_POINT ( 'NONE',  ( -16.05039600214481155, -154.3934589431867153, 17.57598993040848612 ) ) ;
#890 = DIRECTION ( 'NONE',  ( -7.070535267834152481E-17, -1.000000000000000000, 0.000000000000000000 ) ) ;
#891 = VECTOR ( 'NONE', #2061, 1000.000000000000000 ) ;
#892 = ADVANCED_FACE ( 'NONE', ( #3615 ), #2373, .T. ) ;
#893 = DIRECTION ( 'NONE',  ( 0.000000000000000000, 0.000000000000000000, -1.000000000000000000 ) ) ;
#894 = EDGE_CURVE ( 'NONE', #2551, #2667, #1113, .T. ) ;
#895 = CARTESIAN_POINT ( 'NONE',  ( -15.05039600214480977, -111.9799664010997873, -18.39800107316462530 ) ) ;
#896 = CARTESIAN_POINT ( 'NONE',  ( -7.068456416997668690, -87.62999999999998124, -59.68999999999998352 ) ) ;
#897 = ORIENTED_EDGE ( 'NONE', *, *, #1629, .T. ) ;
#898 = AXIS2_PLACEMENT_3D ( 'NONE', #3001, #1331, #3914 ) ;
#899 = LINE ( 'NONE', #1213, #2491 ) ;
#900 = CARTESIAN_POINT ( 'NONE',  ( -16.05039600214481155, -97.24345894318669536, 36.62598993040849393 ) ) ;
#901 = CARTESIAN_POINT ( 'NONE',  ( -7.050396002144915464, -111.9799664010997873, -34.89800107316461464 ) ) ;
#902 = CIRCLE ( 'NONE', #2169, 3.700000000000112976 ) ;
#903 = EDGE_CURVE ( 'NONE', #2381, #2040, #710, .T. ) ;
#904 = ORIENTED_EDGE ( 'NONE', *, *, #312, .F. ) ;
#905 = DIRECTION ( 'NONE',  ( 0.000000000000000000, 0.000000000000000000, -1.000000000000000000 ) ) ;
#906 = DIRECTION ( 'NONE',  ( 0.000000000000000000, 0.000000000000000000, 1.000000000000000000 ) ) ;
#907 = VERTEX_POINT ( 'NONE', #1764 ) ;
#908 = LINE ( 'NONE', #3758, #2767 ) ;
#909 = DIRECTION ( 'NONE',  ( 5.980805065379274809E-16, -0.000000000000000000, -1.000000000000000000 ) ) ;
#910 = DIRECTION ( 'NONE',  ( -1.000000000000000000, 0.000000000000000000, 0.000000000000000000 ) ) ;
#911 = CIRCLE ( 'NONE', #181, 6.349999999999996092 ) ;
#912 = CARTESIAN_POINT ( 'NONE',  ( -52.32544042660832417, 25.77737000652124877, 33.93596231161124166 ) ) ;
#913 = EDGE_CURVE ( 'NONE', #55, #1401, #2416, .T. ) ;
#914 = DIRECTION ( 'NONE',  ( -0.000000000000000000, 1.000000000000000000, -0.000000000000000000 ) ) ;
#915 = DIRECTION ( 'NONE',  ( -0.000000000000000000, -1.000000000000000000, -0.000000000000000000 ) ) ;
#916 = ORIENTED_EDGE ( 'NONE', *, *, #2049, .F. ) ;
#917 = DIRECTION ( 'NONE',  ( -1.000000000000000000, -0.000000000000000000, -1.241749088029210621E-16 ) ) ;
#918 = EDGE_CURVE ( 'NONE', #2469, #1438, #3349, .T. ) ;
#919 = LINE ( 'NONE', #2896, #2810 ) ;
#920 = CONICAL_SURFACE ( 'NONE', #1257, 3.700000000000015721, 0.5235987755983055880 ) ;
#921 = CARTESIAN_POINT ( 'NONE',  ( -8.547677260666784349, -87.63000000000000966, -18.80152851880733067 ) ) ;
#922 = VERTEX_POINT ( 'NONE', #2647 ) ;
#923 = CARTESIAN_POINT ( 'NONE',  ( -15.05039600214480977, -91.97996640109978728, -18.39800107316462530 ) ) ;
#924 = DIRECTION ( 'NONE',  ( 0.000000000000000000, 0.000000000000000000, -1.000000000000000000 ) ) ;
#925 = VERTEX_POINT ( 'NONE', #742 ) ;
#926 = ADVANCED_FACE ( 'NONE', ( #113 ), #2350, .T. ) ;
#927 = LINE ( 'NONE', #1432, #3760 ) ;
#928 = VERTEX_POINT ( 'NONE', #2043 ) ;
#929 = DIRECTION ( 'NONE',  ( 0.000000000000000000, 0.000000000000000000, -1.000000000000000000 ) ) ;
#930 = LINE ( 'NONE', #3080, #853 ) ;
#931 = EDGE_CURVE ( 'NONE', #176, #1657, #431, .T. ) ;
#932 = CARTESIAN_POINT ( 'NONE',  ( -7.050396002144810659, -153.3968480519725688, -35.40703493043132966 ) ) ;
#933 = LINE ( 'NONE', #971, #3965 ) ;
#934 = DIRECTION ( 'NONE',  ( -1.000000000000000000, -0.000000000000000000, -1.241749088029210621E-16 ) ) ;
#935 = CIRCLE ( 'NONE', #3267, 2.200000000000118305 ) ;
#936 = ORIENTED_EDGE ( 'NONE', *, *, #795, .T. ) ;
#937 = AXIS2_PLACEMENT_3D ( 'NONE', #2734, #2089, #3640 ) ;
#938 = CARTESIAN_POINT ( 'NONE',  ( -69.08799999999999386, 12.69999999999999929, 10.28935158306876296 ) ) ;
#939 = EDGE_CURVE ( 'NONE', #4081, #2640, #1721, .T. ) ;
#940 = CARTESIAN_POINT ( 'NONE',  ( -61.60466781104819489, -133.3499999999999943, 6.350000000000008527 ) ) ;
#941 = AXIS2_PLACEMENT_3D ( 'NONE', #109, #2946, #2639 ) ;
#942 = ORIENTED_EDGE ( 'NONE', *, *, #3254, .T. ) ;
#943 = CARTESIAN_POINT ( 'NONE',  ( -7.050396002144915464, -91.97996640109978728, -41.89800107316463595 ) ) ;
#944 = CARTESIAN_POINT ( 'NONE',  ( -36.88943265673338345, -169.4319999999999879, -59.75167966706973743 ) ) ;
#945 = EDGE_LOOP ( 'NONE', ( #1217, #3295 ) ) ;
#946 = CARTESIAN_POINT ( 'NONE',  ( 0.000000000000000000, -113.0299999999999017, 0.000000000000000000 ) ) ;
#947 = AXIS2_PLACEMENT_3D ( 'NONE', #1518, #263, #4101 ) ;
#948 = ORIENTED_EDGE ( 'NONE', *, *, #3035, .F. ) ;
#949 = DIRECTION ( 'NONE',  ( 0.7431448254773953543, 0.000000000000000000, -0.6691306063588570163 ) ) ;
#950 = CARTESIAN_POINT ( 'NONE',  ( -16.05039600214481155, -97.24345894318669536, 19.77598993040862041 ) ) ;
#951 = ORIENTED_EDGE ( 'NONE', *, *, #447, .F. ) ;
#952 = CARTESIAN_POINT ( 'NONE',  ( -69.08799999999999386, -133.3499999999999943, 6.350000000000011191 ) ) ;
#953 = AXIS2_PLACEMENT_3D ( 'NONE', #3987, #1396, #2366 ) ;
#954 = DIRECTION ( 'NONE',  ( 0.000000000000000000, 0.000000000000000000, 1.000000000000000000 ) ) ;
#955 = ORIENTED_EDGE ( 'NONE', *, *, #573, .F. ) ;
#956 = AXIS2_PLACEMENT_3D ( 'NONE', #3892, #1012, #417 ) ;
#957 = CARTESIAN_POINT ( 'NONE',  ( -10.91667298230115435, -88.22958650189136165, -42.75058563458765803 ) ) ;
#958 = VECTOR ( 'NONE', #214, 1000.000000000000000 ) ;
#959 = CARTESIAN_POINT ( 'NONE',  ( -25.08647081916205579, 25.77737000652124877, 53.55235401931967942 ) ) ;
#960 = EDGE_LOOP ( 'NONE', ( #574, #3888, #3931, #273, #470 ) ) ;
#961 = DIRECTION ( 'NONE',  ( 1.000000000000000000, 0.000000000000000000, 0.000000000000000000 ) ) ;
#962 = EDGE_LOOP ( 'NONE', ( #2406, #1506, #1982, #1141, #2688 ) ) ;
#963 = CIRCLE ( 'NONE', #3101, 62.36666781104819535 ) ;
#964 = FACE_OUTER_BOUND ( 'NONE', #985, .T. ) ;
#965 = ORIENTED_EDGE ( 'NONE', *, *, #3151, .F. ) ;
#966 = DIRECTION ( 'NONE',  ( 1.000000000000000000, -0.000000000000000000, 1.241749088029210621E-16 ) ) ;
#967 = CARTESIAN_POINT ( 'NONE',  ( 3.091543583002315465, -169.4319999999999879, 59.68999999999999062 ) ) ;
#968 = ORIENTED_EDGE ( 'NONE', *, *, #294, .F. ) ;
#969 = ADVANCED_FACE ( 'NONE', ( #2328 ), #3015, .F. ) ;
#970 = ORIENTED_EDGE ( 'NONE', *, *, #3534, .T. ) ;
#971 = CARTESIAN_POINT ( 'NONE',  ( -69.85099999999999909, -154.3513605428498181, -6.858330662837502700 ) ) ;
#972 = CARTESIAN_POINT ( 'NONE',  ( -11.05039600214480799, -107.3523315399045259, -41.90999999999999659 ) ) ;
#973 = VERTEX_POINT ( 'NONE', #178 ) ;
#974 = CARTESIAN_POINT ( 'NONE',  ( -10.40413999185264871, -90.40126973103538432, -43.60368572828177491 ) ) ;
#975 = CARTESIAN_POINT ( 'NONE',  ( -58.92997225528787197, 12.69999999999999929, 37.50041159762118070 ) ) ;
#976 = ORIENTED_EDGE ( 'NONE', *, *, #1334, .T. ) ;
#977 = AXIS2_PLACEMENT_3D ( 'NONE', #1932, #2884, #1596 ) ;
#978 = PLANE ( 'NONE',  #2833 ) ;
#979 = DIRECTION ( 'NONE',  ( 0.000000000000000000, -1.000000000000000000, 0.000000000000000000 ) ) ;
#980 = VERTEX_POINT ( 'NONE', #1119 ) ;
#981 = DIRECTION ( 'NONE',  ( -1.000000000000000000, -0.000000000000000000, -1.084912616036924389E-16 ) ) ;
#982 = EDGE_LOOP ( 'NONE', ( #2873, #3661 ) ) ;
#983 = CARTESIAN_POINT ( 'NONE',  ( -36.50259908516117946, -133.3499999999999943, -50.03016945941305949 ) ) ;
#984 = LINE ( 'NONE', #950, #2785 ) ;
#985 = EDGE_LOOP ( 'NONE', ( #444, #2046, #1849, #2197, #1406 ) ) ;
#986 = ADVANCED_FACE ( 'NONE', ( #154 ), #1722, .F. ) ;
#987 = CIRCLE ( 'NONE', #1390, 1.500000000000001332 ) ;
#988 = VERTEX_POINT ( 'NONE', #1403 ) ;
#989 = DIRECTION ( 'NONE',  ( 5.980805065379274809E-16, -0.000000000000000000, -1.000000000000000000 ) ) ;
#990 = FACE_BOUND ( 'NONE', #1278, .T. ) ;
#991 = DIRECTION ( 'NONE',  ( 0.000000000000000000, 0.000000000000000000, 1.000000000000000000 ) ) ;
#992 = EDGE_CURVE ( 'NONE', #2481, #536, #2687, .T. ) ;
#993 = ORIENTED_EDGE ( 'NONE', *, *, #2263, .F. ) ;
#994 = CARTESIAN_POINT ( 'NONE',  ( -10.26017045602887023, -91.97996640109978728, -43.75116521815254345 ) ) ;
#995 = CIRCLE ( 'NONE', #1672, 6.349999999999996092 ) ;
#996 = EDGE_CURVE ( 'NONE', #1640, #12, #1425, .T. ) ;
#997 = ORIENTED_EDGE ( 'NONE', *, *, #302, .F. ) ;
#998 = VECTOR ( 'NONE', #517, 1000.000000000000000 ) ;
#999 = ORIENTED_EDGE ( 'NONE', *, *, #2325, .F. ) ;
#1000 = DIRECTION ( 'NONE',  ( 0.4067366430758009854, 0.000000000000000000, 0.9135454576426004225 ) ) ;
#1001 = VERTEX_POINT ( 'NONE', #1140 ) ;
#1002 = LINE ( 'NONE', #2280, #3950 ) ;
#1003 = ADVANCED_FACE ( 'NONE', ( #3678, #2104 ), #3372, .F. ) ;
#1004 = VECTOR ( 'NONE', #857, 1000.000000000000000 ) ;
#1005 = ORIENTED_EDGE ( 'NONE', *, *, #4082, .T. ) ;
#1006 = CYLINDRICAL_SURFACE ( 'NONE', #1338, 1.500000000000001332 ) ;
#1007 = DIRECTION ( 'NONE',  ( 1.000000000000000000, -0.000000000000000000, -0.000000000000000000 ) ) ;
#1008 = ORIENTED_EDGE ( 'NONE', *, *, #3642, .F. ) ;
#1009 = AXIS2_PLACEMENT_3D ( 'NONE', #1477, #2521, #3481 ) ;
#1010 = ORIENTED_EDGE ( 'NONE', *, *, #2906, .T. ) ;
#1011 = FACE_OUTER_BOUND ( 'NONE', #2239, .T. ) ;
#1012 = DIRECTION ( 'NONE',  ( -0.000000000000000000, 1.000000000000000000, 0.000000000000000000 ) ) ;
#1013 = CARTESIAN_POINT ( 'NONE',  ( 3.091543583002315465, -169.4319999999999879, 54.60999999999998522 ) ) ;
#1014 = ORIENTED_EDGE ( 'NONE', *, *, #1952, .T. ) ;
#1015 = EDGE_CURVE ( 'NONE', #2052, #1706, #261, .T. ) ;
#1016 = CARTESIAN_POINT ( 'NONE',  ( 8.171543583002316424, -254.0000000000000000, 49.53000000000000114 ) ) ;
#1017 = CARTESIAN_POINT ( 'NONE',  ( -7.050396002144810659, -154.3934589431867153, 17.57598993040848612 ) ) ;
#1018 = EDGE_CURVE ( 'NONE', #3834, #2553, #4068, .T. ) ;
#1019 = ORIENTED_EDGE ( 'NONE', *, *, #3047, .F. ) ;
#1020 = VECTOR ( 'NONE', #1314, 1000.000000000000000 ) ;
#1021 = AXIS2_PLACEMENT_3D ( 'NONE', #3709, #3750, #4026 ) ;
#1022 = CONICAL_SURFACE ( 'NONE', #1434, 3.700000000000120082, 0.5235987755983053660 ) ;
#1023 = DIRECTION ( 'NONE',  ( -0.6691306063588569053, -0.000000000000000000, 0.7431448254773954654 ) ) ;
#1024 = DIRECTION ( 'NONE',  ( 0.000000000000000000, 0.000000000000000000, -1.000000000000000000 ) ) ;
#1025 = ORIENTED_EDGE ( 'NONE', *, *, #3140, .F. ) ;
#1026 = CARTESIAN_POINT ( 'NONE',  ( -7.050396002144805330, -111.9799664010997873, -39.89800107316462885 ) ) ;
#1027 = EDGE_CURVE ( 'NONE', #3911, #3077, #1180, .T. ) ;
#1028 = ORIENTED_EDGE ( 'NONE', *, *, #1808, .T. ) ;
#1029 = CIRCLE ( 'NONE', #1428, 3.500000000000010214 ) ;
#1030 = CARTESIAN_POINT ( 'NONE',  ( -63.11502857761197305, 0.000000000000000000, 28.10062119682094206 ) ) ;
#1031 = DIRECTION ( 'NONE',  ( -1.000000000000000000, -0.000000000000000000, -1.241749088029210621E-16 ) ) ;
#1032 = ORIENTED_EDGE ( 'NONE', *, *, #1685, .T. ) ;
#1033 = AXIS2_PLACEMENT_3D ( 'NONE', #1780, #3052, #2153 ) ;
#1034 = CIRCLE ( 'NONE', #3889, 1.500000000000001332 ) ;
#1035 = EDGE_CURVE ( 'NONE', #536, #1061, #518, .T. ) ;
#1036 = ORIENTED_EDGE ( 'NONE', *, *, #2644, .T. ) ;
#1037 = CYLINDRICAL_SURFACE ( 'NONE', #137, 62.36666781104819535 ) ;
#1038 = CARTESIAN_POINT ( 'NONE',  ( -16.05039600214481155, -154.3934589431867153, 38.82598993040861757 ) ) ;
#1039 = CARTESIAN_POINT ( 'NONE',  ( 0.000000000000000000, 0.000000000000000000, 0.000000000000000000 ) ) ;
#1040 = CARTESIAN_POINT ( 'NONE',  ( 3.091543583002316797, -87.62999999999998124, 44.45000000000000284 ) ) ;
#1041 = VERTEX_POINT ( 'NONE', #215 ) ;
#1042 = EDGE_CURVE ( 'NONE', #1065, #2780, #2451, .T. ) ;
#1043 = DIRECTION ( 'NONE',  ( -0.7431448254773953543, 0.000000000000000000, 0.6691306063588570163 ) ) ;
#1044 = DIRECTION ( 'NONE',  ( -1.000000000000000000, -0.000000000000000000, -1.241749088029210621E-16 ) ) ;
#1045 = ORIENTED_EDGE ( 'NONE', *, *, #2196, .T. ) ;
#1046 = DIRECTION ( 'NONE',  ( 0.000000000000000000, 0.000000000000000000, -1.000000000000000000 ) ) ;
#1047 = CARTESIAN_POINT ( 'NONE',  ( -7.050396002144808882, -91.97996640109978728, -16.89800107316462174 ) ) ;
#1048 = ORIENTED_EDGE ( 'NONE', *, *, #3460, .F. ) ;
#1049 = DIRECTION ( 'NONE',  ( 1.000000000000000000, 0.000000000000000000, 1.241749088029210621E-16 ) ) ;
#1050 = VERTEX_POINT ( 'NONE', #4011 ) ;
#1051 = ADVANCED_FACE ( 'NONE', ( #1869 ), #553, .F. ) ;
#1052 = FACE_OUTER_BOUND ( 'NONE', #2449, .T. ) ;
#1053 = DIRECTION ( 'NONE',  ( -0.4067366430758009854, 0.000000000000000000, 0.9135454576426004225 ) ) ;
#1054 = ORIENTED_EDGE ( 'NONE', *, *, #1798, .F. ) ;
#1055 = AXIS2_PLACEMENT_3D ( 'NONE', #1248, #1895, #306 ) ;
#1056 = EDGE_CURVE ( 'NONE', #3962, #1714, #2330, .T. ) ;
#1057 = ORIENTED_EDGE ( 'NONE', *, *, #1475, .F. ) ;
#1058 = CARTESIAN_POINT ( 'NONE',  ( -8.636569705240317418, -87.63000000000002387, -37.61511718603952659 ) ) ;
#1059 = PLANE ( 'NONE',  #3982 ) ;
#1060 = CARTESIAN_POINT ( 'NONE',  ( -36.27845641699767754, -169.4319999999999879, 59.68999999999999062 ) ) ;
#1061 = VERTEX_POINT ( 'NONE', #3097 ) ;
#1062 = CIRCLE ( 'NONE', #1525, 5.080000000000000959 ) ;
#1063 = CARTESIAN_POINT ( 'NONE',  ( -11.04228345822156676, -94.83009524121494849, 42.12993439262498896 ) ) ;
#1064 = PLANE ( 'NONE',  #3335 ) ;
#1065 = VERTEX_POINT ( 'NONE', #2199 ) ;
#1066 = ADVANCED_FACE ( 'NONE', ( #2802 ), #3715, .F. ) ;
#1067 = LINE ( 'NONE', #3302, #168 ) ;
#1068 = CARTESIAN_POINT ( 'NONE',  ( -10.96335939646958302, -154.8872416667922778, 42.56979794370125347 ) ) ;
#1069 = CARTESIAN_POINT ( 'NONE',  ( -7.050396002144760033, -124.1868480519726319, -24.17589818040650229 ) ) ;
#1070 = AXIS2_PLACEMENT_3D ( 'NONE', #3497, #3739, #4074 ) ;
#1071 = VECTOR ( 'NONE', #1457, 1000.000000000000114 ) ;
#1072 = VECTOR ( 'NONE', #345, 1000.000000000000000 ) ;
#1073 = ORIENTED_EDGE ( 'NONE', *, *, #866, .F. ) ;
#1074 = CARTESIAN_POINT ( 'NONE',  ( -45.94053836872409846, -133.3499999999999943, -41.53221075865558021 ) ) ;
#1075 = DIRECTION ( 'NONE',  ( 0.000000000000000000, 0.000000000000000000, -1.000000000000000000 ) ) ;
#1076 = ORIENTED_EDGE ( 'NONE', *, *, #1584, .F. ) ;
#1077 = MECHANICAL_DESIGN_GEOMETRIC_PRESENTATION_REPRESENTATION (  '', ( #1212 ), #3407 ) ;
#1078 = ORIENTED_EDGE ( 'NONE', *, *, #1555, .T. ) ;
#1079 = CARTESIAN_POINT ( 'NONE',  ( -8.936512850000527308, -87.63000000000000966, -39.90040262744478383 ) ) ;
#1080 = DIRECTION ( 'NONE',  ( -0.000000000000000000, -1.000000000000000000, -0.000000000000000000 ) ) ;
#1081 = CARTESIAN_POINT ( 'NONE',  ( -11.05039600214481510, -154.3934589431867153, 23.58539100716712511 ) ) ;
#1082 = ORIENTED_EDGE ( 'NONE', *, *, #2378, .F. ) ;
#1083 = EDGE_CURVE ( 'NONE', #3016, #2365, #2668, .T. ) ;
#1084 = FACE_OUTER_BOUND ( 'NONE', #2515, .T. ) ;
#1085 = CARTESIAN_POINT ( 'NONE',  ( -54.86399999999999721, -133.3499999999999943, 1.033556650101150257E-14 ) ) ;
#1086 = VERTEX_POINT ( 'NONE', #3696 ) ;
#1087 = DIRECTION ( 'NONE',  ( -0.7431448254773953543, 0.000000000000000000, -0.6691306063588570163 ) ) ;
#1088 = DIRECTION ( 'NONE',  ( 0.000000000000000000, 0.000000000000000000, 1.000000000000000000 ) ) ;
#1089 = CIRCLE ( 'NONE', #23, 2.200000000000121858 ) ;
#1090 = DIRECTION ( 'NONE',  ( 0.000000000000000000, 0.000000000000000000, -1.000000000000000000 ) ) ;
#1091 = EDGE_CURVE ( 'NONE', #1449, #4114, #3920, .T. ) ;
#1092 = AXIS2_PLACEMENT_3D ( 'NONE', #59, #3913, #1234 ) ;
#1093 = EDGE_LOOP ( 'NONE', ( #1853, #1032, #3809, #3262 ) ) ;
#1094 = DIRECTION ( 'NONE',  ( 0.000000000000000000, 0.000000000000000000, -1.000000000000000000 ) ) ;
#1095 = DIRECTION ( 'NONE',  ( 1.000000000000000000, 0.000000000000000000, 1.241749088029210621E-16 ) ) ;
#1096 = ORIENTED_EDGE ( 'NONE', *, *, #3979, .F. ) ;
#1097 = AXIS2_PLACEMENT_3D ( 'NONE', #3796, #1242, #3117 ) ;
#1098 = VECTOR ( 'NONE', #2029, 1000.000000000000114 ) ;
#1099 = VERTEX_POINT ( 'NONE', #3734 ) ;
#1100 = EDGE_CURVE ( 'NONE', #2974, #2481, #2822, .T. ) ;
#1101 = CARTESIAN_POINT ( 'NONE',  ( -48.44446842318028956, -169.4319999999999879, 39.27766201098432930 ) ) ;
#1102 = CARTESIAN_POINT ( 'NONE',  ( -11.03005196247607955, -87.62999999999998124, -42.23083304313473718 ) ) ;
#1103 = AXIS2_PLACEMENT_3D ( 'NONE', #2427, #4005, #3727 ) ;
#1104 = DIRECTION ( 'NONE',  ( 0.6691306063588569053, 0.000000000000000000, 0.7431448254773954654 ) ) ;
#1105 = AXIS2_PLACEMENT_3D ( 'NONE', #2380, #3643, #2070 ) ;
#1106 = ORIENTED_EDGE ( 'NONE', *, *, #2194, .F. ) ;
#1107 = CYLINDRICAL_SURFACE ( 'NONE', #564, 6.349999999999996092 ) ;
#1108 = EDGE_CURVE ( 'NONE', #2537, #1846, #464, .T. ) ;
#1109 = DIRECTION ( 'NONE',  ( 1.000000000000000000, 0.000000000000000000, 0.000000000000000000 ) ) ;
#1110 = EDGE_CURVE ( 'NONE', #2845, #3737, #2130, .T. ) ;
#1111 = ORIENTED_EDGE ( 'NONE', *, *, #2237, .F. ) ;
#1112 = PLANE ( 'NONE',  #3759 ) ;
#1113 = CIRCLE ( 'NONE', #1643, 62.36666781104819535 ) ;
#1114 = EDGE_CURVE ( 'NONE', #450, #516, #2468, .T. ) ;
#1115 = EDGE_LOOP ( 'NONE', ( #3193, #1319, #594, #1740 ) ) ;
#1116 = CYLINDRICAL_SURFACE ( 'NONE', #953, 5.080000000000008065 ) ;
#1117 = ORIENTED_EDGE ( 'NONE', *, *, #3398, .T. ) ;
#1118 = CARTESIAN_POINT ( 'NONE',  ( -52.32544042660832417, -113.0299999999999017, -33.93596231161124166 ) ) ;
#1119 = CARTESIAN_POINT ( 'NONE',  ( -52.32544042660832417, -169.4319999999999879, 33.93596231161124166 ) ) ;
#1120 = ORIENTED_EDGE ( 'NONE', *, *, #1946, .F. ) ;
#1121 = ORIENTED_EDGE ( 'NONE', *, *, #1035, .F. ) ;
#1122 = CARTESIAN_POINT ( 'NONE',  ( -8.510396002144808847, -254.0000000000000000, -41.90999999999999659 ) ) ;
#1123 = DIRECTION ( 'NONE',  ( 0.000000000000000000, 1.000000000000000000, 0.000000000000000000 ) ) ;
#1124 = VECTOR ( 'NONE', #4037, 1000.000000000000000 ) ;
#1125 = ADVANCED_FACE ( 'NONE', ( #2490 ), #2402, .T. ) ;
#1126 = DIRECTION ( 'NONE',  ( -1.000000000000000000, -0.000000000000000000, 1.665334536937734811E-16 ) ) ;
#1127 = ORIENTED_EDGE ( 'NONE', *, *, #3339, .F. ) ;
#1128 = EDGE_CURVE ( 'NONE', #3278, #3164, #2180, .T. ) ;
#1129 = DIRECTION ( 'NONE',  ( -1.000000000000000000, 0.000000000000000000, 0.000000000000000000 ) ) ;
#1130 = CARTESIAN_POINT ( 'NONE',  ( -8.510396002144819505, -169.4319999999999879, 41.90999999999999659 ) ) ;
#1131 = EDGE_LOOP ( 'NONE', ( #2577, #3919, #1655, #2392, #3305, #1949, #2571, #888, #1414, #1806, #289, #711, #3910, #111, #2824, #1211, #2426, #1450, #3735, #3679, #1458, #521, #2807, #4071 ) ) ;
#1132 = CIRCLE ( 'NONE', #3128, 2.200000000000021494 ) ;
#1133 = LINE ( 'NONE', #1460, #829 ) ;
#1134 = EDGE_CURVE ( 'NONE', #2469, #2254, #2925, .T. ) ;
#1135 = CARTESIAN_POINT ( 'NONE',  ( -60.23188847012047376, 25.77737000652124877, -16.17778925491995068 ) ) ;
#1136 = LINE ( 'NONE', #3321, #2820 ) ;
#1137 = EDGE_LOOP ( 'NONE', ( #1841, #1831, #39, #268 ) ) ;
#1138 = VECTOR ( 'NONE', #2284, 1000.000000000000000 ) ;
#1139 = DIRECTION ( 'NONE',  ( 1.084912616036924266E-16, 0.000000000000000000, -1.000000000000000000 ) ) ;
#1140 = CARTESIAN_POINT ( 'NONE',  ( -7.050396002144810659, -97.24345894318669536, 40.32598993040860336 ) ) ;
#1141 = ORIENTED_EDGE ( 'NONE', *, *, #349, .F. ) ;
#1142 = VECTOR ( 'NONE', #2213, 1000.000000000000000 ) ;
#1143 = AXIS2_PLACEMENT_3D ( 'NONE', #1122, #3044, #3079 ) ;
#1144 = EDGE_LOOP ( 'NONE', ( #3798, #360, #2115, #1120 ) ) ;
#1145 = CARTESIAN_POINT ( 'NONE',  ( -11.05039600214480977, -91.97996640109978728, -12.58859999640614369 ) ) ;
#1146 = DIRECTION ( 'NONE',  ( 0.000000000000000000, -0.000000000000000000, 1.000000000000000000 ) ) ;
#1147 = AXIS2_PLACEMENT_3D ( 'NONE', #1192, #211, #1546 ) ;
#1148 = EDGE_CURVE ( 'NONE', #503, #922, #367, .T. ) ;
#1149 = DIRECTION ( 'NONE',  ( 1.000000000000000000, -0.000000000000000000, -0.000000000000000000 ) ) ;
#1150 = LINE ( 'NONE', #2754, #2141 ) ;
#1151 = ORIENTED_EDGE ( 'NONE', *, *, #1784, .F. ) ;
#1152 = AXIS2_PLACEMENT_3D ( 'NONE', #3147, #4019, #560 ) ;
#1153 = CARTESIAN_POINT ( 'NONE',  ( -34.81924231411541371, -113.0299999999999017, -51.54587070405882088 ) ) ;
#1154 = EDGE_CURVE ( 'NONE', #3354, #2799, #2616, .T. ) ;
#1155 = DIRECTION ( 'NONE',  ( 0.000000000000000000, -1.000000000000000000, 0.000000000000000000 ) ) ;
#1156 = CARTESIAN_POINT ( 'NONE',  ( -61.60466781104819489, -169.4319999999999879, 9.719370233921409863 ) ) ;
#1157 = ORIENTED_EDGE ( 'NONE', *, *, #3413, .T. ) ;
#1158 = VECTOR ( 'NONE', #3573, 1000.000000000000227 ) ;
#1159 = DIRECTION ( 'NONE',  ( 0.000000000000000000, 0.000000000000000000, -1.000000000000000000 ) ) ;
#1160 = DIRECTION ( 'NONE',  ( 0.000000000000000000, 1.000000000000000000, 0.000000000000000000 ) ) ;
#1161 = EDGE_LOOP ( 'NONE', ( #955, #1668, #397, #3006 ) ) ;
#1162 = EDGE_CURVE ( 'NONE', #600, #2172, #2996, .T. ) ;
#1163 = VECTOR ( 'NONE', #1080, 1000.000000000000000 ) ;
#1164 = ORIENTED_EDGE ( 'NONE', *, *, #3808, .F. ) ;
#1165 = CARTESIAN_POINT ( 'NONE',  ( -8.644014404209281466, -159.7331740654040004, 44.44999999999999574 ) ) ;
#1166 = LINE ( 'NONE', #3703, #3648 ) ;
#1167 = AXIS2_PLACEMENT_3D ( 'NONE', #3938, #3874, #3586 ) ;
#1168 = EDGE_CURVE ( 'NONE', #2071, #55, #1132, .T. ) ;
#1169 = CYLINDRICAL_SURFACE ( 'NONE', #1548, 6.349999999999996092 ) ;
#1171 = VECTOR ( 'NONE', #1209, 1000.000000000000114 ) ;
#1170 = FACE_BOUND ( 'NONE', #732, .T. ) ;
#1172 = LINE ( 'NONE', #2170, #233 ) ;
#1173 = VERTEX_POINT ( 'NONE', #2255 ) ;
#1174 = ADVANCED_FACE ( 'NONE', ( #1926 ), #3837, .T. ) ;
#1175 = DIRECTION ( 'NONE',  ( -0.9135454576426005335, -0.000000000000000000, 0.4067366430758011520 ) ) ;
#1176 = DIRECTION ( 'NONE',  ( 1.000000000000000000, 0.000000000000000000, 0.000000000000000000 ) ) ;
#1177 = DIRECTION ( 'NONE',  ( -0.8660254037844355990, 0.000000000000000000, 0.5000000000000052180 ) ) ;
#1178 = ORIENTED_EDGE ( 'NONE', *, *, #434, .F. ) ;
#1179 = CARTESIAN_POINT ( 'NONE',  ( -52.32544042660832417, -169.4319999999999879, -33.93596231161124166 ) ) ;
#1180 = LINE ( 'NONE', #1805, #2460 ) ;
#1181 = ORIENTED_EDGE ( 'NONE', *, *, #1766, .T. ) ;
#1182 = EDGE_CURVE ( 'NONE', #2381, #1285, #356, .T. ) ;
#1183 = VERTEX_POINT ( 'NONE', #670 ) ;
#1184 = FACE_OUTER_BOUND ( 'NONE', #3318, .T. ) ;
#1185 = DIRECTION ( 'NONE',  ( -1.000000000000000000, -0.000000000000000000, 1.665334536937734811E-16 ) ) ;
#1186 = EDGE_CURVE ( 'NONE', #1244, #3388, #1633, .T. ) ;
#1187 = LINE ( 'NONE', #912, #1686 ) ;
#1188 = CARTESIAN_POINT ( 'NONE',  ( -7.050396002144810659, -97.24345894318669536, 21.27598993040861686 ) ) ;
#1189 = DIRECTION ( 'NONE',  ( 0.4067366430758011520, 0.000000000000000000, -0.9135454576426004225 ) ) ;
#1190 = EDGE_LOOP ( 'NONE', ( #3029, #2879 ) ) ;
#1191 = CARTESIAN_POINT ( 'NONE',  ( -16.05039600214481155, -153.3968480519725688, -35.40703493043132966 ) ) ;
#1192 = CARTESIAN_POINT ( 'NONE',  ( 0.000000000000000000, 12.69999999999999929, 0.000000000000000000 ) ) ;
#1193 = CARTESIAN_POINT ( 'NONE',  ( -9.638124428792803400, -87.63000000000000966, -15.92860089886550412 ) ) ;
#1194 = ADVANCED_FACE ( 'NONE', ( #2847 ), #1318, .F. ) ;
#1195 = VECTOR ( 'NONE', #1000, 1000.000000000000114 ) ;
#1196 = EDGE_LOOP ( 'NONE', ( #3340, #3247, #3400, #597 ) ) ;
#1197 = CARTESIAN_POINT ( 'NONE',  ( -7.050396002144810659, -97.24345894318669536, 17.57598993040849678 ) ) ;
#1198 = DIRECTION ( 'NONE',  ( -1.000000000000000000, -0.000000000000000000, -1.241749088029210621E-16 ) ) ;
#1199 = VERTEX_POINT ( 'NONE', #618 ) ;
#1200 = DIRECTION ( 'NONE',  ( 2.478176394252574238E-16, 0.000000000000000000, -1.000000000000000000 ) ) ;
#1201 = B_SPLINE_CURVE_WITH_KNOTS ( 'NONE', 3,
 ( #2296, #3276, #85, #3627, #793, #1063, #2964, #1990 ),
 .UNSPECIFIED., .F., .F.,
 ( 4, 2, 2, 4 ),
 ( 0.002959286556114370907, 0.004437217893526246293, 0.005176183562232183552, 0.005915149230938121679 ),
 .UNSPECIFIED. ) ;
#1202 = ORIENTED_EDGE ( 'NONE', *, *, #2107, .F. ) ;
#1203 = LINE ( 'NONE', #2474, #4061 ) ;
#1204 = DIRECTION ( 'NONE',  ( 0.000000000000000000, 0.000000000000000000, 1.000000000000000000 ) ) ;
#1205 = AXIS2_PLACEMENT_3D ( 'NONE', #3782, #3103, #929 ) ;
#1206 = EDGE_CURVE ( 'NONE', #3551, #1438, #987, .T. ) ;
#1207 = DIRECTION ( 'NONE',  ( 1.000000000000000000, -0.000000000000000000, 1.241749088029210621E-16 ) ) ;
#1208 = CARTESIAN_POINT ( 'NONE',  ( -11.05039600214481688, -97.24345894318669536, 36.62598993040849393 ) ) ;
#1209 = DIRECTION ( 'NONE',  ( -0.4067366430758009854, 0.000000000000000000, -0.9135454576426004225 ) ) ;
#1210 = EDGE_CURVE ( 'NONE', #2732, #1065, #1261, .T. ) ;
#1211 = ORIENTED_EDGE ( 'NONE', *, *, #601, .F. ) ;
#1212 = STYLED_ITEM ( 'NONE', ( #3633 ), #1415 ) ;
#1213 = CARTESIAN_POINT ( 'NONE',  ( -4.666286167692961229, -147.4659028457231500, 44.45000000000000284 ) ) ;
#1214 = DIRECTION ( 'NONE',  ( 0.000000000000000000, 0.000000000000000000, 1.000000000000000000 ) ) ;
#1215 = DIRECTION ( 'NONE',  ( -1.000000000000000000, 0.000000000000000000, 5.980805065379277767E-16 ) ) ;
#1216 = VECTOR ( 'NONE', #1865, 1000.000000000000000 ) ;
#1217 = ORIENTED_EDGE ( 'NONE', *, *, #2294, .F. ) ;
#1218 = CARTESIAN_POINT ( 'NONE',  ( -36.27845641699767754, -113.0299999999999017, 59.68999999999999062 ) ) ;
#1219 = DIRECTION ( 'NONE',  ( -1.000000000000000000, -0.000000000000000000, -0.000000000000000000 ) ) ;
#1220 = ORIENTED_EDGE ( 'NONE', *, *, #38, .F. ) ;
#1221 = DIRECTION ( 'NONE',  ( 0.4067366430758009854, 0.000000000000000000, 0.9135454576426004225 ) ) ;
#1222 = ORIENTED_EDGE ( 'NONE', *, *, #3719, .F. ) ;
#1223 = EDGE_CURVE ( 'NONE', #1183, #2780, #2878, .T. ) ;
#1224 = LINE ( 'NONE', #3762, #2931 ) ;
#1225 = DIRECTION ( 'NONE',  ( -0.7431448254773953543, 0.000000000000000000, 0.6691306063588570163 ) ) ;
#1226 = VECTOR ( 'NONE', #2972, 1000.000000000000000 ) ;
#1227 = EDGE_CURVE ( 'NONE', #1321, #343, #2238, .T. ) ;
#1228 = CARTESIAN_POINT ( 'NONE',  ( -25.08647081916206290, -115.8913243749326369, 6.858330662837489378 ) ) ;
#1229 = LINE ( 'NONE', #2500, #3900 ) ;
#1230 = DIRECTION ( 'NONE',  ( 1.000000000000000000, -0.000000000000000000, -0.000000000000000000 ) ) ;
#1231 = ORIENTED_EDGE ( 'NONE', *, *, #2498, .T. ) ;
#1232 = CIRCLE ( 'NONE', #898, 6.349999999999996092 ) ;
#1233 = EDGE_CURVE ( 'NONE', #1867, #3834, #1062, .T. ) ;
#1234 = DIRECTION ( 'NONE',  ( 1.241749088029210621E-16, 0.000000000000000000, -1.000000000000000000 ) ) ;
#1235 = CARTESIAN_POINT ( 'NONE',  ( -16.05039600214481155, -124.1868480519726319, -21.97589818040648524 ) ) ;
#1236 = AXIS2_PLACEMENT_3D ( 'NONE', #2132, #3404, #210 ) ;
#1237 = CARTESIAN_POINT ( 'NONE',  ( -8.938292517111026569, -87.63000000000000966, -16.89120577030572079 ) ) ;
#1238 = CIRCLE ( 'NONE', #2112, 6.349999999999996092 ) ;
#1239 = CIRCLE ( 'NONE', #2827, 6.009401076758638993 ) ;
#1240 = ADVANCED_FACE ( 'NONE', ( #1589, #3816, #1973, #3508 ), #25, .T. ) ;
#1241 = ORIENTED_EDGE ( 'NONE', *, *, #3845, .F. ) ;
#1242 = DIRECTION ( 'NONE',  ( 1.000000000000000000, 0.000000000000000000, 0.000000000000000000 ) ) ;
#1243 = DIRECTION ( 'NONE',  ( -1.084912616036924389E-16, 0.000000000000000000, 1.000000000000000000 ) ) ;
#1244 = VERTEX_POINT ( 'NONE', #3546 ) ;
#1245 = DIRECTION ( 'NONE',  ( 0.000000000000000000, 0.000000000000000000, -1.000000000000000000 ) ) ;
#1246 = EDGE_LOOP ( 'NONE', ( #2939, #1745, #1974, #2310 ) ) ;
#1247 = DIRECTION ( 'NONE',  ( 1.000000000000000000, 0.000000000000000000, 5.980805065379273823E-16 ) ) ;
#1248 = CARTESIAN_POINT ( 'NONE',  ( -69.08799999999999386, -133.3499999999999943, 1.270433834635173640E-14 ) ) ;
#1249 = CIRCLE ( 'NONE', #3048, 6.009401076758638993 ) ;
#1250 = EDGE_CURVE ( 'NONE', #2694, #2454, #3191, .T. ) ;
#1251 = DIRECTION ( 'NONE',  ( 1.000000000000000000, -0.000000000000000000, -0.000000000000000000 ) ) ;
#1252 = DIRECTION ( 'NONE',  ( -0.8660254037844352659, 6.123233995736835061E-17, -0.5000000000000057732 ) ) ;
#1253 = CARTESIAN_POINT ( 'NONE',  ( -7.050396002144808882, -111.9799664010997873, -18.39800107316462530 ) ) ;
#1254 = EDGE_LOOP ( 'NONE', ( #4033, #2003, #3676, #3288 ) ) ;
#1255 = DIRECTION ( 'NONE',  ( 0.000000000000000000, -1.000000000000000000, 0.000000000000000000 ) ) ;
#1256 = CARTESIAN_POINT ( 'NONE',  ( -7.050396002144808882, -111.9799664010997873, -19.89800107316462530 ) ) ;
#1257 = AXIS2_PLACEMENT_3D ( 'NONE', #1876, #910, #1204 ) ;
#1258 = DIRECTION ( 'NONE',  ( 0.000000000000000000, -0.000000000000000000, 1.000000000000000000 ) ) ;
#1259 = ORIENTED_EDGE ( 'NONE', *, *, #2814, .F. ) ;
#1260 = CARTESIAN_POINT ( 'NONE',  ( 3.091543583002316797, -87.62999999999998124, -44.45000000000000284 ) ) ;
#1261 = LINE ( 'NONE', #1890, #2858 ) ;
#1262 = VERTEX_POINT ( 'NONE', #488 ) ;
#1263 = DIRECTION ( 'NONE',  ( -0.7431448254773953543, 0.000000000000000000, -0.6691306063588570163 ) ) ;
#1264 = AXIS2_PLACEMENT_3D ( 'NONE', #3431, #1490, #924 ) ;
#1265 = EDGE_LOOP ( 'NONE', ( #2513, #3347 ) ) ;
#1266 = CARTESIAN_POINT ( 'NONE',  ( -7.068456416997668690, -254.0000000000000000, -59.68999999999998352 ) ) ;
#1267 = FACE_OUTER_BOUND ( 'NONE', #1917, .T. ) ;
#1268 = ORIENTED_EDGE ( 'NONE', *, *, #2828, .T. ) ;
#1269 = LINE ( 'NONE', #16, #1977 ) ;
#1270 = CIRCLE ( 'NONE', #133, 2.200000000000121858 ) ;
#1271 = CYLINDRICAL_SURFACE ( 'NONE', #771, 1.500000000000001332 ) ;
#1272 = ORIENTED_EDGE ( 'NONE', *, *, #498, .T. ) ;
#1273 = AXIS2_PLACEMENT_3D ( 'NONE', #1266, #624, #1832 ) ;
#1274 = CARTESIAN_POINT ( 'NONE',  ( -61.60466781104819489, -169.4319999999999879, -9.719370233921409863 ) ) ;
#1275 = DIRECTION ( 'NONE',  ( 0.000000000000000000, 0.000000000000000000, 1.000000000000000000 ) ) ;
#1276 = PRESENTATION_LAYER_ASSIGNMENT (  '', '', ( #1212 ) ) ;
#1277 = EDGE_CURVE ( 'NONE', #3556, #3638, #2079, .T. ) ;
#1278 = EDGE_LOOP ( 'NONE', ( #2155, #1999 ) ) ;
#1279 = DIRECTION ( 'NONE',  ( 1.000000000000000000, 0.000000000000000000, 1.241749088029210621E-16 ) ) ;
#1280 = ORIENTED_EDGE ( 'NONE', *, *, #1871, .F. ) ;
#1281 = DIRECTION ( 'NONE',  ( 0.000000000000000000, 0.000000000000000000, 1.000000000000000000 ) ) ;
#1282 = VERTEX_POINT ( 'NONE', #3342 ) ;
#1283 = DIRECTION ( 'NONE',  ( 1.000000000000000000, 0.000000000000000000, 1.241749088029210621E-16 ) ) ;
#1284 = DIRECTION ( 'NONE',  ( 1.000000000000000000, -0.000000000000000000, 1.241749088029210621E-16 ) ) ;
#1285 = VERTEX_POINT ( 'NONE', #1996 ) ;
#1286 = ORIENTED_EDGE ( 'NONE', *, *, #1837, .T. ) ;
#1287 = DIRECTION ( 'NONE',  ( 1.000000000000000000, -0.000000000000000000, -0.000000000000000000 ) ) ;
#1288 = AXIS2_PLACEMENT_3D ( 'NONE', #2251, #2859, #315 ) ;
#1289 = CARTESIAN_POINT ( 'NONE',  ( -53.87537371859571778, -113.0299999999999017, 44.45746963876419500 ) ) ;
#1290 = ORIENTED_EDGE ( 'NONE', *, *, #566, .F. ) ;
#1291 = AXIS2_PLACEMENT_3D ( 'NONE', #2999, #136, #2048 ) ;
#1292 = CYLINDRICAL_SURFACE ( 'NONE', #3792, 17.77999999999999758 ) ;
#1293 = VECTOR ( 'NONE', #1889, 1000.000000000000000 ) ;
#1294 = CARTESIAN_POINT ( 'NONE',  ( -61.60466781104819489, -113.0299999999999017, -9.719370233921409863 ) ) ;
#1295 = ORIENTED_EDGE ( 'NONE', *, *, #1206, .F. ) ;
#1296 = EDGE_CURVE ( 'NONE', #717, #1050, #4020, .T. ) ;
#1297 = EDGE_LOOP ( 'NONE', ( #412, #1404, #1164, #3234 ) ) ;
#1298 = CARTESIAN_POINT ( 'NONE',  ( 0.000000000000000000, -169.4319999999999879, 0.000000000000000000 ) ) ;
#1299 = ORIENTED_EDGE ( 'NONE', *, *, #2498, .F. ) ;
#1300 = CIRCLE ( 'NONE', #299, 69.84999999999996589 ) ;
#1301 = CARTESIAN_POINT ( 'NONE',  ( -38.58241694564556212, -169.4319999999999879, 58.22730976640050216 ) ) ;
#1302 = VERTEX_POINT ( 'NONE', #1417 ) ;
#1303 = ADVANCED_FACE ( 'NONE', ( #799 ), #2683, .T. ) ;
#1304 = DIRECTION ( 'NONE',  ( 0.000000000000000000, 0.000000000000000000, -1.000000000000000000 ) ) ;
#1305 = LINE ( 'NONE', #3823, #2844 ) ;
#1306 = EDGE_LOOP ( 'NONE', ( #948, #1295 ) ) ;
#1307 = ORIENTED_EDGE ( 'NONE', *, *, #3851, .T. ) ;
#1308 = EDGE_CURVE ( 'NONE', #3856, #155, #3320, .T. ) ;
#1309 = LINE ( 'NONE', #2671, #3807 ) ;
#1310 = CARTESIAN_POINT ( 'NONE',  ( -7.050396002144899477, -91.97996640109978728, -18.39800107316462530 ) ) ;
#1311 = DIRECTION ( 'NONE',  ( 1.000000000000000000, 0.000000000000000000, 1.241749088029210621E-16 ) ) ;
#1312 = ORIENTED_EDGE ( 'NONE', *, *, #365, .F. ) ;
#1313 = DIRECTION ( 'NONE',  ( 1.000000000000000000, -0.000000000000000000, -0.000000000000000000 ) ) ;
#1314 = DIRECTION ( 'NONE',  ( 0.000000000000000000, 1.000000000000000000, 0.000000000000000000 ) ) ;
#1315 = ORIENTED_EDGE ( 'NONE', *, *, #3836, .F. ) ;
#1316 = AXIS2_PLACEMENT_3D ( 'NONE', #3480, #3459, #221 ) ;
#1317 = EDGE_LOOP ( 'NONE', ( #1552, #4116, #3658, #46 ) ) ;
#1318 = PLANE ( 'NONE',  #2258 ) ;
#1319 = ORIENTED_EDGE ( 'NONE', *, *, #1732, .T. ) ;
#1320 = CARTESIAN_POINT ( 'NONE',  ( -11.05039600214480977, -111.9799664010997873, -12.58859999640614369 ) ) ;
#1321 = VERTEX_POINT ( 'NONE', #89 ) ;
#1322 = LINE ( 'NONE', #2327, #2008 ) ;
#1323 = DIRECTION ( 'NONE',  ( 3.512375991854053104E-15, 0.000000000000000000, 1.000000000000000000 ) ) ;
#1324 = ORIENTED_EDGE ( 'NONE', *, *, #3590, .T. ) ;
#1325 = ADVANCED_FACE ( 'NONE', ( #3611 ), #3010, .T. ) ;
#1326 = VECTOR ( 'NONE', #3475, 1000.000000000000000 ) ;
#1327 = VERTEX_POINT ( 'NONE', #2988 ) ;
#1328 = EDGE_CURVE ( 'NONE', #2667, #1577, #3652, .T. ) ;
#1329 = CARTESIAN_POINT ( 'NONE',  ( -8.522815636338883394, -87.63000000000000966, -38.19793039590870620 ) ) ;
#1330 = DIRECTION ( 'NONE',  ( 0.000000000000000000, 0.000000000000000000, 1.000000000000000000 ) ) ;
#1331 = DIRECTION ( 'NONE',  ( 0.9135454576426005335, 0.000000000000000000, -0.4067366430758010409 ) ) ;
#1332 = ORIENTED_EDGE ( 'NONE', *, *, #2934, .F. ) ;
#1333 = DIRECTION ( 'NONE',  ( -0.000000000000000000, -1.000000000000000000, -0.000000000000000000 ) ) ;
#1334 = EDGE_CURVE ( 'NONE', #2414, #925, #2870, .T. ) ;
#1335 = DIRECTION ( 'NONE',  ( 0.000000000000000000, 0.000000000000000000, -1.000000000000000000 ) ) ;
#1336 = VECTOR ( 'NONE', #461, 1000.000000000000227 ) ;
#1337 = ORIENTED_EDGE ( 'NONE', *, *, #573, .T. ) ;
#1338 = AXIS2_PLACEMENT_3D ( 'NONE', #1703, #741, #3220 ) ;
#1339 = CYLINDRICAL_SURFACE ( 'NONE', #1972, 6.349999999999998757 ) ;
#1340 = CARTESIAN_POINT ( 'NONE',  ( -10.93909584980918126, -95.83381405548298915, -42.66411314351127970 ) ) ;
#1341 = ORIENTED_EDGE ( 'NONE', *, *, #3258, .F. ) ;
#1342 = DIRECTION ( 'NONE',  ( -0.6691306063588569053, -0.000000000000000000, 0.7431448254773954654 ) ) ;
#1343 = ORIENTED_EDGE ( 'NONE', *, *, #4035, .F. ) ;
#1344 = DIRECTION ( 'NONE',  ( 0.000000000000000000, 0.000000000000000000, -1.000000000000000000 ) ) ;
#1345 = LINE ( 'NONE', #656, #721 ) ;
#1346 = ORIENTED_EDGE ( 'NONE', *, *, #1766, .F. ) ;
#1347 = ADVANCED_FACE ( 'NONE', ( #735 ), #402, .F. ) ;
#1348 = ORIENTED_EDGE ( 'NONE', *, *, #3329, .T. ) ;
#1349 = CARTESIAN_POINT ( 'NONE',  ( -9.152985778115695581, -87.63000000000002387, -40.23569435956632390 ) ) ;
#1350 = DIRECTION ( 'NONE',  ( -1.000000000000000000, 0.000000000000000000, 0.000000000000000000 ) ) ;
#1351 = CARTESIAN_POINT ( 'NONE',  ( -25.08647081916207000, -87.62999999999999545, 63.44021100343570652 ) ) ;
#1352 = ORIENTED_EDGE ( 'NONE', *, *, #2713, .F. ) ;
#1353 = DIRECTION ( 'NONE',  ( 0.000000000000000000, 0.000000000000000000, -1.000000000000000000 ) ) ;
#1354 = LINE ( 'NONE', #2657, #1336 ) ;
#1355 = ORIENTED_EDGE ( 'NONE', *, *, #34, .T. ) ;
#1356 = ADVANCED_FACE ( 'NONE', ( #3571 ), #1677, .F. ) ;
#1357 = PLANE ( 'NONE',  #368 ) ;
#1358 = CARTESIAN_POINT ( 'NONE',  ( -10.95961960632159382, -154.6406541042447884, 42.58298123060252038 ) ) ;
#1359 = VERTEX_POINT ( 'NONE', #1047 ) ;
#1360 = DIRECTION ( 'NONE',  ( 0.000000000000000000, 0.000000000000000000, -1.000000000000000000 ) ) ;
#1361 = ORIENTED_EDGE ( 'NONE', *, *, #1455, .F. ) ;
#1362 = CIRCLE ( 'NONE', #1500, 6.009401076758583038 ) ;
#1363 = CARTESIAN_POINT ( 'NONE',  ( -11.05039600214480799, -116.6076012622950770, -41.90999999999999659 ) ) ;
#1364 = CARTESIAN_POINT ( 'NONE',  ( -15.05039600214480622, -91.97996640109978728, -39.89800107316462885 ) ) ;
#1365 = ORIENTED_EDGE ( 'NONE', *, *, #1544, .T. ) ;
#1366 = VECTOR ( 'NONE', #2470, 1000.000000000000000 ) ;
#1367 = ORIENTED_EDGE ( 'NONE', *, *, #2325, .T. ) ;
#1368 = CARTESIAN_POINT ( 'NONE',  ( -26.61408714213629167, -169.4319999999999879, -53.55235401931967942 ) ) ;
#1369 = CARTESIAN_POINT ( 'NONE',  ( -38.58241694564570423, -113.0299999999999017, 58.22730976640040979 ) ) ;
#1370 = LINE ( 'NONE', #1060, #835 ) ;
#1371 = ORIENTED_EDGE ( 'NONE', *, *, #3748, .F. ) ;
#1372 = DIRECTION ( 'NONE',  ( 0.000000000000000000, 1.000000000000000000, 0.000000000000000000 ) ) ;
#1373 = CARTESIAN_POINT ( 'NONE',  ( -11.05039600214480799, -153.3968480519725688, -29.39763385367280435 ) ) ;
#1374 = VERTEX_POINT ( 'NONE', #1735 ) ;
#1375 = CARTESIAN_POINT ( 'NONE',  ( -7.050396002144834640, -97.24345894318669536, 32.92598993040837740 ) ) ;
#1376 = CARTESIAN_POINT ( 'NONE',  ( -7.050396002144810659, -153.3968480519725688, -37.60703493043135381 ) ) ;
#1377 = ORIENTED_EDGE ( 'NONE', *, *, #3401, .F. ) ;
#1378 = CARTESIAN_POINT ( 'NONE',  ( -7.050396002144810659, -97.24345894318669536, 34.42598993040837030 ) ) ;
#1379 = ORIENTED_EDGE ( 'NONE', *, *, #3113, .T. ) ;
#1380 = CARTESIAN_POINT ( 'NONE',  ( -10.80883524294170073, -115.2919072957082705, -43.01979952297137544 ) ) ;
#1381 = AXIS2_PLACEMENT_3D ( 'NONE', #764, #3909, #2021 ) ;
#1382 = CARTESIAN_POINT ( 'NONE',  ( -50.12075798810362670, -133.3499999999999943, 22.31519918571074967 ) ) ;
#1383 = ORIENTED_EDGE ( 'NONE', *, *, #1328, .T. ) ;
#1384 = AXIS2_PLACEMENT_3D ( 'NONE', #2788, #4053, #2125 ) ;
#1385 = ORIENTED_EDGE ( 'NONE', *, *, #1227, .T. ) ;
#1386 = CARTESIAN_POINT ( 'NONE',  ( -53.87537371859572488, -113.0299999999999017, -44.45746963876420921 ) ) ;
#1387 = CARTESIAN_POINT ( 'NONE',  ( -31.99221194549087244, -133.3499999999999943, -45.02087705537055484 ) ) ;
#1388 = DIRECTION ( 'NONE',  ( 0.000000000000000000, 0.000000000000000000, 1.000000000000000000 ) ) ;
#1389 = ORIENTED_EDGE ( 'NONE', *, *, #2624, .T. ) ;
#1390 = AXIS2_PLACEMENT_3D ( 'NONE', #3491, #1279, #2278 ) ;
#1391 = DIRECTION ( 'NONE',  ( -0.000000000000000000, 1.000000000000000000, -0.000000000000000000 ) ) ;
#1392 = DIRECTION ( 'NONE',  ( 0.6691306063588569053, 0.000000000000000000, -0.7431448254773954654 ) ) ;
#1393 = ORIENTED_EDGE ( 'NONE', *, *, #3770, .F. ) ;
#1394 = DIRECTION ( 'NONE',  ( 0.000000000000000000, 0.000000000000000000, 1.000000000000000000 ) ) ;
#1395 = CARTESIAN_POINT ( 'NONE',  ( 8.171543583002316424, -254.0000000000000000, 54.60999999999998522 ) ) ;
#1396 = DIRECTION ( 'NONE',  ( -0.000000000000000000, 1.000000000000000000, -0.000000000000000000 ) ) ;
#1397 = CIRCLE ( 'NONE', #2268, 6.009401076758527971 ) ;
#1398 = CIRCLE ( 'NONE', #2740, 6.009401076758638993 ) ;
#1399 = ADVANCED_FACE ( 'NONE', ( #3009 ), #3592, .T. ) ;
#1400 = CIRCLE ( 'NONE', #2472, 6.349999999999998757 ) ;
#1401 = VERTEX_POINT ( 'NONE', #1376 ) ;
#1402 = CARTESIAN_POINT ( 'NONE',  ( -25.08647081916205579, 25.77737000652124877, -53.55235401931967942 ) ) ;
#1403 = CARTESIAN_POINT ( 'NONE',  ( -7.050396002144804442, -91.97996640109978728, -41.89800107316463595 ) ) ;
#1404 = ORIENTED_EDGE ( 'NONE', *, *, #2592, .F. ) ;
#1405 = AXIS2_PLACEMENT_3D ( 'NONE', #3303, #2971, #425 ) ;
#1406 = ORIENTED_EDGE ( 'NONE', *, *, #716, .F. ) ;
#1407 = CYLINDRICAL_SURFACE ( 'NONE', #3934, 6.349999999999996092 ) ;
#1408 = FACE_OUTER_BOUND ( 'NONE', #2223, .T. ) ;
#1409 = CARTESIAN_POINT ( 'NONE',  ( -7.050396002144915464, -111.9799664010997873, -41.89800107316463595 ) ) ;
#1410 = CIRCLE ( 'NONE', #1960, 17.77999999999999758 ) ;
#1411 = ORIENTED_EDGE ( 'NONE', *, *, #3541, .F. ) ;
#1412 = LINE ( 'NONE', #3899, #1625 ) ;
#1413 = DIRECTION ( 'NONE',  ( -1.000000000000000000, -0.000000000000000000, 1.665334536937734811E-16 ) ) ;
#1414 = ORIENTED_EDGE ( 'NONE', *, *, #1856, .T. ) ;
#1415 = MANIFOLD_SOLID_BREP ( 'Stock-Sled base-1', #631 ) ;
#1416 = DIRECTION ( 'NONE',  ( 0.000000000000000000, 0.000000000000000000, 1.000000000000000000 ) ) ;
#1417 = CARTESIAN_POINT ( 'NONE',  ( -8.644014404209290348, -147.4659028457231500, 59.69000000000004036 ) ) ;
#1418 = AXIS2_PLACEMENT_3D ( 'NONE', #4064, #3448, #550 ) ;
#1419 = CARTESIAN_POINT ( 'NONE',  ( 0.000000000000000000, -113.0299999999999017, 0.000000000000000000 ) ) ;
#1420 = CIRCLE ( 'NONE', #2696, 69.84999999999999432 ) ;
#1421 = EDGE_CURVE ( 'NONE', #196, #2909, #2796, .T. ) ;
#1422 = VECTOR ( 'NONE', #1452, 1000.000000000000000 ) ;
#1423 = ORIENTED_EDGE ( 'NONE', *, *, #3877, .T. ) ;
#1424 = DIRECTION ( 'NONE',  ( -0.000000000000000000, -1.000000000000000000, -0.000000000000000000 ) ) ;
#1425 = LINE ( 'NONE', #493, #65 ) ;
#1426 = ORIENTED_EDGE ( 'NONE', *, *, #1584, .T. ) ;
#1427 = EDGE_CURVE ( 'NONE', #1359, #2915, #1814, .T. ) ;
#1428 = AXIS2_PLACEMENT_3D ( 'NONE', #2813, #1311, #1882 ) ;
#1429 = EDGE_LOOP ( 'NONE', ( #3212, #860, #2731, #348, #2707 ) ) ;
#1430 = FACE_BOUND ( 'NONE', #1873, .T. ) ;
#1431 = FACE_OUTER_BOUND ( 'NONE', #2248, .T. ) ;
#1432 = CARTESIAN_POINT ( 'NONE',  ( -63.11502857761197305, -113.0299999999999017, -28.10062119682093495 ) ) ;
#1433 = VERTEX_POINT ( 'NONE', #3691 ) ;
#1434 = AXIS2_PLACEMENT_3D ( 'NONE', #3049, #1129, #3084 ) ;
#1435 = ADVANCED_FACE ( 'NONE', ( #2409 ), #271, .T. ) ;
#1436 = DIRECTION ( 'NONE',  ( -1.000000000000000000, 0.000000000000000000, -1.744436394675441384E-15 ) ) ;
#1437 = DIRECTION ( 'NONE',  ( -0.6691306063588569053, 0.000000000000000000, -0.7431448254773954654 ) ) ;
#1438 = VERTEX_POINT ( 'NONE', #2447 ) ;
#1439 = EDGE_CURVE ( 'NONE', #1183, #2732, #3710, .T. ) ;
#1440 = CARTESIAN_POINT ( 'NONE',  ( 0.000000000000000000, 12.69999999999999929, 0.000000000000000000 ) ) ;
#1441 = AXIS2_PLACEMENT_3D ( 'NONE', #2666, #3326, #3287 ) ;
#1442 = CARTESIAN_POINT ( 'NONE',  ( -61.60466781104819489, -169.4319999999999879, -10.54099999999999326 ) ) ;
#1443 = EDGE_LOOP ( 'NONE', ( #823, #968, #3375, #1914 ) ) ;
#1444 = CARTESIAN_POINT ( 'NONE',  ( 0.000000000000000000, -169.4319999999999879, 0.000000000000000000 ) ) ;
#1445 = ORIENTED_EDGE ( 'NONE', *, *, #1667, .T. ) ;
#1446 = DIRECTION ( 'NONE',  ( 0.000000000000000000, 1.000000000000000000, 0.000000000000000000 ) ) ;
#1447 = DIRECTION ( 'NONE',  ( 1.000000000000000000, -0.000000000000000000, 1.241749088029210621E-16 ) ) ;
#1448 = ORIENTED_EDGE ( 'NONE', *, *, #1564, .T. ) ;
#1449 = VERTEX_POINT ( 'NONE', #821 ) ;
#1450 = ORIENTED_EDGE ( 'NONE', *, *, #2176, .F. ) ;
#1451 = CARTESIAN_POINT ( 'NONE',  ( -7.050396002144857732, -153.3968480519725688, -35.40703493043132966 ) ) ;
#1452 = DIRECTION ( 'NONE',  ( -0.000000000000000000, 1.000000000000000000, -0.000000000000000000 ) ) ;
#1453 = AXIS2_PLACEMENT_3D ( 'NONE', #243, #1558, #2831 ) ;
#1454 = EDGE_CURVE ( 'NONE', #2920, #3911, #615, .T. ) ;
#1455 = EDGE_CURVE ( 'NONE', #2254, #2469, #413, .T. ) ;
#1456 = CARTESIAN_POINT ( 'NONE',  ( -7.050396002144804442, -111.9799664010997873, -41.89800107316463595 ) ) ;
#1457 = DIRECTION ( 'NONE',  ( -0.4067366430758009854, 0.000000000000000000, 0.9135454576426004225 ) ) ;
#1458 = ORIENTED_EDGE ( 'NONE', *, *, #2840, .T. ) ;
#1459 = EDGE_CURVE ( 'NONE', #3737, #837, #589, .T. ) ;
#1460 = CARTESIAN_POINT ( 'NONE',  ( -61.60466781104819489, -113.0299999999999017, -10.54100000000000037 ) ) ;
#1461 = DIRECTION ( 'NONE',  ( 1.000000000000000000, -0.000000000000000000, -0.000000000000000000 ) ) ;
#1462 = ORIENTED_EDGE ( 'NONE', *, *, #262, .F. ) ;
#1463 = FACE_OUTER_BOUND ( 'NONE', #3665, .T. ) ;
#1464 = VERTEX_POINT ( 'NONE', #840 ) ;
#1465 = AXIS2_PLACEMENT_3D ( 'NONE', #3348, #1424, #492 ) ;
#1466 = CARTESIAN_POINT ( 'NONE',  ( -11.05039600214481688, -151.5312676697384404, 41.90999999999999659 ) ) ;
#1467 = DIRECTION ( 'NONE',  ( -1.000000000000000000, 0.000000000000000000, 6.829619984160667907E-16 ) ) ;
#1468 = EDGE_LOOP ( 'NONE', ( #1593, #1874, #4095, #2236 ) ) ;
#1469 = EDGE_CURVE ( 'NONE', #1611, #3584, #3731, .T. ) ;
#1470 = CIRCLE ( 'NONE', #72, 3.700000000000015721 ) ;
#1471 = CIRCLE ( 'NONE', #2744, 1.500000000000001332 ) ;
#1472 = EDGE_LOOP ( 'NONE', ( #179, #2320, #3991, #3067 ) ) ;
#1473 = FACE_OUTER_BOUND ( 'NONE', #537, .T. ) ;
#1474 = DIRECTION ( 'NONE',  ( 0.000000000000000000, 0.000000000000000000, -1.000000000000000000 ) ) ;
#1475 = EDGE_CURVE ( 'NONE', #1173, #1374, #1820, .T. ) ;
#1476 = COLOUR_RGB ( '',0.7921568627450980005, 0.8196078431372548767, 0.9333333333333333481 ) ;
#1477 = CARTESIAN_POINT ( 'NONE',  ( -7.050396002144810659, -97.24345894318669536, 36.62598993040849393 ) ) ;
#1478 = FACE_BOUND ( 'NONE', #2746, .T. ) ;
#1479 = DIRECTION ( 'NONE',  ( -0.9135454576426005335, -0.000000000000000000, -0.4067366430758010409 ) ) ;
#1480 = ORIENTED_EDGE ( 'NONE', *, *, #2695, .F. ) ;
#1481 = VECTOR ( 'NONE', #2889, 1000.000000000000114 ) ;
#1482 = LINE ( 'NONE', #512, #301 ) ;
#1483 = DIRECTION ( 'NONE',  ( 1.000000000000000000, 0.000000000000000000, 1.241749088029210621E-16 ) ) ;
#1484 = FACE_OUTER_BOUND ( 'NONE', #414, .T. ) ;
#1485 = ADVANCED_FACE ( 'NONE', ( #231 ), #1679, .T. ) ;
#1486 = ADVANCED_FACE ( 'NONE', ( #880 ), #2759, .T. ) ;
#1487 = ORIENTED_EDGE ( 'NONE', *, *, #817, .F. ) ;
#1488 = CIRCLE ( 'NONE', #2358, 1.500000000000001332 ) ;
#1489 = DIRECTION ( 'NONE',  ( 0.000000000000000000, 0.000000000000000000, 1.000000000000000000 ) ) ;
#1490 = DIRECTION ( 'NONE',  ( 1.000000000000000000, 0.000000000000000000, 0.000000000000000000 ) ) ;
#1491 = ORIENTED_EDGE ( 'NONE', *, *, #1134, .F. ) ;
#1492 = CIRCLE ( 'NONE', #224, 5.809401076758479832 ) ;
#1493 = ORIENTED_EDGE ( 'NONE', *, *, #894, .F. ) ;
#1494 = FACE_BOUND ( 'NONE', #3588, .T. ) ;
#1495 = CARTESIAN_POINT ( 'NONE',  ( 4.665904304751412537E-16, -87.62999999999998124, 46.98999999999999488 ) ) ;
#1496 = CIRCLE ( 'NONE', #1834, 2.200000000000118305 ) ;
#1497 = FACE_OUTER_BOUND ( 'NONE', #1443, .T. ) ;
#1498 = EDGE_CURVE ( 'NONE', #1577, #837, #2017, .T. ) ;
#1500 = AXIS2_PLACEMENT_3D ( 'NONE', #1582, #934, #1620 ) ;
#1499 = PLANE ( 'NONE',  #234 ) ;
#1501 = DIRECTION ( 'NONE',  ( -1.000000000000000000, -0.000000000000000000, -1.084912616036924389E-16 ) ) ;
#1502 = ORIENTED_EDGE ( 'NONE', *, *, #3820, .F. ) ;
#1503 = FACE_OUTER_BOUND ( 'NONE', #2933, .T. ) ;
#1504 = CARTESIAN_POINT ( 'NONE',  ( 8.171543583002316424, -87.62999999999998124, 54.60999999999998522 ) ) ;
#1505 = FACE_OUTER_BOUND ( 'NONE', #652, .T. ) ;
#1506 = ORIENTED_EDGE ( 'NONE', *, *, #3499, .F. ) ;
#1507 = DIRECTION ( 'NONE',  ( 0.000000000000000000, 0.000000000000000000, -1.000000000000000000 ) ) ;
#1508 = CARTESIAN_POINT ( 'NONE',  ( -25.08647081916206290, -115.8913243749326369, 6.858330662837489378 ) ) ;
#1509 = ORIENTED_EDGE ( 'NONE', *, *, #790, .T. ) ;
#1510 = CARTESIAN_POINT ( 'NONE',  ( -15.05039600214480622, -91.97996640109978728, -36.89800107316462885 ) ) ;
#1511 = EDGE_CURVE ( 'NONE', #419, #1936, #2484, .T. ) ;
#1512 = ORIENTED_EDGE ( 'NONE', *, *, #2486, .F. ) ;
#1513 = ORIENTED_EDGE ( 'NONE', *, *, #2107, .T. ) ;
#1514 = EDGE_CURVE ( 'NONE', #1173, #3994, #1944, .T. ) ;
#1515 = LINE ( 'NONE', #4052, #3795 ) ;
#1516 = CARTESIAN_POINT ( 'NONE',  ( -7.068456416997668690, -169.4319999999999879, -59.68999999999998352 ) ) ;
#1517 = VECTOR ( 'NONE', #1284, 1000.000000000000000 ) ;
#1518 = CARTESIAN_POINT ( 'NONE',  ( -16.05039600214481155, -154.3934589431867153, 36.62598993040850104 ) ) ;
#1519 = CARTESIAN_POINT ( 'NONE',  ( -48.44446842318028956, -113.0299999999999017, 39.27766201098432930 ) ) ;
#1520 = DIRECTION ( 'NONE',  ( -1.000000000000000000, 0.000000000000000000, -1.744436394675441384E-15 ) ) ;
#1521 = VERTEX_POINT ( 'NONE', #3053 ) ;
#1522 = FACE_OUTER_BOUND ( 'NONE', #2556, .T. ) ;
#1523 = CARTESIAN_POINT ( 'NONE',  ( -8.704999539670495778, -87.63000000000000966, -19.37656551368736757 ) ) ;
#1524 = ADVANCED_FACE ( 'NONE', ( #4006 ), #2428, .F. ) ;
#1525 = AXIS2_PLACEMENT_3D ( 'NONE', #297, #3178, #2595 ) ;
#1526 = ORIENTED_EDGE ( 'NONE', *, *, #3258, .T. ) ;
#1527 = DIRECTION ( 'NONE',  ( -0.000000000000000000, 1.000000000000000000, 0.000000000000000000 ) ) ;
#1528 = CARTESIAN_POINT ( 'NONE',  ( -15.05039600214480977, -111.9799664010997873, -18.39800107316462530 ) ) ;
#1529 = VERTEX_POINT ( 'NONE', #1256 ) ;
#1530 = B_SPLINE_CURVE_WITH_KNOTS ( 'NONE', 3,
 ( #703, #1985, #1958, #2912, #372, #724, #2935, #1707, #1058, #58, #1329, #3891, #3291, #2606, #3868, #1079, #1349, #2026, #2288, #2626, #1617, #3557 ),
 .UNSPECIFIED., .F., .F.,
 ( 4, 2, 2, 2, 2, 2, 2, 2, 2, 2, 4 ),
 ( 0.000000000000000000, 0.001181467093344444868, 0.002362934186688889736, 0.003544401280033335037, 0.004135134826705557688, 0.004725868373377779472, 0.005316601920050002990, 0.005907335466722224773, 0.007088802560066688289, 0.008270269653411151806, 0.009451736746755616189 ),
 .UNSPECIFIED. ) ;
#1531 = CARTESIAN_POINT ( 'NONE',  ( -15.05039600214480977, -111.9799664010997873, -18.39800107316462530 ) ) ;
#1532 = ADVANCED_FACE ( 'NONE', ( #664 ), #2543, .T. ) ;
#1533 = ORIENTED_EDGE ( 'NONE', *, *, #387, .F. ) ;
#1534 = DIRECTION ( 'NONE',  ( 0.000000000000000000, 1.000000000000000000, 0.000000000000000000 ) ) ;
#1535 = CYLINDRICAL_SURFACE ( 'NONE', #3252, 6.349999999999996092 ) ;
#1536 = AXIS2_PLACEMENT_3D ( 'NONE', #2360, #3316, #3298 ) ;
#1537 = VECTOR ( 'NONE', #1094, 1000.000000000000000 ) ;
#1538 = EDGE_CURVE ( 'NONE', #2910, #654, #2147, .T. ) ;
#1539 = EDGE_CURVE ( 'NONE', #3150, #1743, #919, .T. ) ;
#1540 = DIRECTION ( 'NONE',  ( 0.7431448254773953543, 0.000000000000000000, 0.6691306063588570163 ) ) ;
#1541 = DIRECTION ( 'NONE',  ( 1.000000000000000000, 0.000000000000000000, 0.000000000000000000 ) ) ;
#1542 = DIRECTION ( 'NONE',  ( 0.000000000000000000, -1.000000000000000000, 0.000000000000000000 ) ) ;
#1543 = ORIENTED_EDGE ( 'NONE', *, *, #777, .T. ) ;
#1544 = EDGE_CURVE ( 'NONE', #1714, #3962, #935, .T. ) ;
#1545 = DIRECTION ( 'NONE',  ( -0.8660254037844352659, 0.000000000000000000, 0.5000000000000057732 ) ) ;
#1546 = DIRECTION ( 'NONE',  ( 0.000000000000000000, 0.000000000000000000, -1.000000000000000000 ) ) ;
#1547 = CARTESIAN_POINT ( 'NONE',  ( -11.05039600214480799, -111.9799664010997873, -24.20740214992310513 ) ) ;
#1548 = AXIS2_PLACEMENT_3D ( 'NONE', #2771, #3125, #1540 ) ;
#1549 = VERTEX_POINT ( 'NONE', #4108 ) ;
#1550 = CARTESIAN_POINT ( 'NONE',  ( -7.050396002144834640, -97.24345894318669536, 36.62598993040849393 ) ) ;
#1551 = DIRECTION ( 'NONE',  ( 0.000000000000000000, 0.000000000000000000, -1.000000000000000000 ) ) ;
#1552 = ORIENTED_EDGE ( 'NONE', *, *, #1514, .F. ) ;
#1553 = FACE_BOUND ( 'NONE', #2978, .T. ) ;
#1554 = VERTEX_POINT ( 'NONE', #3789 ) ;
#1555 = EDGE_CURVE ( 'NONE', #3343, #3150, #3542, .T. ) ;
#1556 = EDGE_LOOP ( 'NONE', ( #24, #1509, #1736, #1111 ) ) ;
#1557 = DIRECTION ( 'NONE',  ( 0.000000000000000000, 0.000000000000000000, -1.000000000000000000 ) ) ;
#1558 = DIRECTION ( 'NONE',  ( -0.000000000000000000, 1.000000000000000000, -0.000000000000000000 ) ) ;
#1559 = AXIS2_PLACEMENT_3D ( 'NONE', #568, #229, #4042 ) ;
#1560 = CARTESIAN_POINT ( 'NONE',  ( -16.05039600214481155, -97.24345894318669536, 34.42598993040837030 ) ) ;
#1561 = PLANE ( 'NONE',  #511 ) ;
#1562 = CARTESIAN_POINT ( 'NONE',  ( -7.050396002144810659, -154.3934589431867153, 38.82598993040861757 ) ) ;
#1563 = VERTEX_POINT ( 'NONE', #2528 ) ;
#1564 = EDGE_CURVE ( 'NONE', #3056, #1554, #1904, .T. ) ;
#1565 = VECTOR ( 'NONE', #1520, 1000.000000000000000 ) ;
#1566 = DIRECTION ( 'NONE',  ( 2.478176394252574238E-16, 0.000000000000000000, -1.000000000000000000 ) ) ;
#1567 = PLANE ( 'NONE',  #1877 ) ;
#1568 = CARTESIAN_POINT ( 'NONE',  ( -11.05039600214481688, -254.0000000000000000, 41.90999999999999659 ) ) ;
#1569 = AXIS2_PLACEMENT_3D ( 'NONE', #2221, #1342, #1263 ) ;
#1570 = VECTOR ( 'NONE', #2854, 1000.000000000000114 ) ;
#1571 = ORIENTED_EDGE ( 'NONE', *, *, #2413, .F. ) ;
#1572 = CARTESIAN_POINT ( 'NONE',  ( -60.23188847012047376, -113.0299999999999017, -16.17778925491995068 ) ) ;
#1573 = CARTESIAN_POINT ( 'NONE',  ( -7.050396002144810659, -124.1868480519726319, -24.17589818040650229 ) ) ;
#1574 = ORIENTED_EDGE ( 'NONE', *, *, #1455, .T. ) ;
#1575 = FACE_OUTER_BOUND ( 'NONE', #982, .T. ) ;
#1576 = B_SPLINE_CURVE_WITH_KNOTS ( 'NONE', 3,
 ( #972, #1860, #4103, #3127, #3187, #2190, #2855, #3806, #17, #287, #2565, #1901, #3171, #629 ),
 .UNSPECIFIED., .F., .F.,
 ( 4, 2, 2, 2, 2, 2, 4 ),
 ( 1.561251128379126385E-17, 0.0006491709983964362917, 0.001298341996792856971, 0.002596683993585653227, 0.003895025990378450133, 0.004544196988774846201, 0.005193367987171242268 ),
 .UNSPECIFIED. ) ;
#1577 = VERTEX_POINT ( 'NONE', #1274 ) ;
#1578 = CARTESIAN_POINT ( 'NONE',  ( -67.30008489993601017, -113.0299999999999017, 18.70083079602084197 ) ) ;
#1579 = LINE ( 'NONE', #3395, #1124 ) ;
#1580 = EDGE_LOOP ( 'NONE', ( #119, #326, #2389, #904 ) ) ;
#1581 = DIRECTION ( 'NONE',  ( -0.000000000000000000, 1.000000000000000000, -0.000000000000000000 ) ) ;
#1582 = CARTESIAN_POINT ( 'NONE',  ( -11.05039600214480799, -124.1868480519726319, -24.17589818040650229 ) ) ;
#1583 = ORIENTED_EDGE ( 'NONE', *, *, #1913, .F. ) ;
#1584 = EDGE_CURVE ( 'NONE', #1920, #2582, #632, .T. ) ;
#1585 = DIRECTION ( 'NONE',  ( 0.000000000000000000, 0.000000000000000000, -1.000000000000000000 ) ) ;
#1586 = CONICAL_SURFACE ( 'NONE', #2659, 3.500000000000010214, 0.5235987755983022574 ) ;
#1587 = CARTESIAN_POINT ( 'NONE',  ( -26.61408714213629167, -113.0299999999999017, 53.55235401931967942 ) ) ;
#1588 = ORIENTED_EDGE ( 'NONE', *, *, #4122, .T. ) ;
#1589 = FACE_OUTER_BOUND ( 'NONE', #1131, .T. ) ;
#1590 = ORIENTED_EDGE ( 'NONE', *, *, #846, .F. ) ;
#1591 = LINE ( 'NONE', #1609, #495 ) ;
#1592 = VECTOR ( 'NONE', #637, 1000.000000000000000 ) ;
#1593 = ORIENTED_EDGE ( 'NONE', *, *, #1538, .F. ) ;
#1594 = EDGE_CURVE ( 'NONE', #3778, #1827, #1470, .T. ) ;
#1595 = CARTESIAN_POINT ( 'NONE',  ( 3.091543583002316797, -169.4319999999999879, 44.45000000000000284 ) ) ;
#1596 = DIRECTION ( 'NONE',  ( 0.000000000000000000, 0.000000000000000000, 1.000000000000000000 ) ) ;
#1597 = ORIENTED_EDGE ( 'NONE', *, *, #2840, .F. ) ;
#1598 = DIRECTION ( 'NONE',  ( -0.8660254037844369313, 0.000000000000000000, 0.5000000000000028866 ) ) ;
#1599 = CARTESIAN_POINT ( 'NONE',  ( -69.08799999999999386, -113.0299999999999017, 10.28935158306859599 ) ) ;
#1600 = CIRCLE ( 'NONE', #2407, 69.84999999999996589 ) ;
#1601 = ORIENTED_EDGE ( 'NONE', *, *, #866, .T. ) ;
#1602 = ADVANCED_FACE ( 'NONE', ( #3233 ), #2548, .T. ) ;
#1603 = CIRCLE ( 'NONE', #1809, 6.349999999999996092 ) ;
#1604 = CARTESIAN_POINT ( 'NONE',  ( -25.08647081916205579, -169.4319999999999879, -53.55235401931967942 ) ) ;
#1605 = CARTESIAN_POINT ( 'NONE',  ( -58.92997225528787197, -169.4319999999999879, 37.50041159762118070 ) ) ;
#1606 = ORIENTED_EDGE ( 'NONE', *, *, #2789, .T. ) ;
#1607 = CARTESIAN_POINT ( 'NONE',  ( -60.56607540302642434, -113.0299999999999017, 15.42719311425494411 ) ) ;
#1608 = VERTEX_POINT ( 'NONE', #2874 ) ;
#1609 = CARTESIAN_POINT ( 'NONE',  ( -25.08647081916205934, -254.0000000000000000, 59.68999999999999062 ) ) ;
#1610 = EDGE_CURVE ( 'NONE', #344, #3330, #4086, .T. ) ;
#1611 = VERTEX_POINT ( 'NONE', #1235 ) ;
#1612 = CARTESIAN_POINT ( 'NONE',  ( 0.000000000000000000, -435.6100000000001273, -50.79999999999999716 ) ) ;
#1613 = CARTESIAN_POINT ( 'NONE',  ( -11.05039600214481688, -154.3934589431867153, 36.62598993040850104 ) ) ;
#1614 = ORIENTED_EDGE ( 'NONE', *, *, #1661, .T. ) ;
#1615 = PRODUCT ( 'Sled Base - Top', 'Sled Base - Top', '', ( #726 ) ) ;
#1616 = ORIENTED_EDGE ( 'NONE', *, *, #122, .F. ) ;
#1617 = CARTESIAN_POINT ( 'NONE',  ( -10.73373598239172821, -87.63000000000000966, -41.97205521308639931 ) ) ;
#1618 = DIRECTION ( 'NONE',  ( -1.000000000000000000, 0.000000000000000000, 0.000000000000000000 ) ) ;
#1619 = AXIS2_PLACEMENT_3D ( 'NONE', #2549, #3790, #22 ) ;
#1620 = DIRECTION ( 'NONE',  ( 0.000000000000000000, 0.000000000000000000, 1.000000000000000000 ) ) ;
#1621 = ORIENTED_EDGE ( 'NONE', *, *, #4072, .T. ) ;
#1622 = ADVANCED_FACE ( 'NONE', ( #21 ), #1292, .F. ) ;
#1623 = VECTOR ( 'NONE', #2526, 1000.000000000000000 ) ;
#1624 = DIRECTION ( 'NONE',  ( -1.000000000000000000, 0.000000000000000000, 0.000000000000000000 ) ) ;
#1625 = VECTOR ( 'NONE', #1372, 1000.000000000000000 ) ;
#1626 = CARTESIAN_POINT ( 'NONE',  ( -52.32544042660832417, -113.0299999999999017, 33.93596231161124166 ) ) ;
#1627 = EDGE_LOOP ( 'NONE', ( #577, #2862 ) ) ;
#1628 = AXIS2_PLACEMENT_3D ( 'NONE', #2524, #2246, #1919 ) ;
#1629 = EDGE_CURVE ( 'NONE', #308, #1521, #871, .T. ) ;
#1630 = CARTESIAN_POINT ( 'NONE',  ( 3.091543583002315465, -87.62999999999998124, 59.68999999999998352 ) ) ;
#1631 = CIRCLE ( 'NONE', #687, 5.809401076758479832 ) ;
#1632 = EDGE_CURVE ( 'NONE', #440, #503, #496, .T. ) ;
#1633 = LINE ( 'NONE', #49, #3063 ) ;
#1634 = ORIENTED_EDGE ( 'NONE', *, *, #3427, .F. ) ;
#1635 = DIRECTION ( 'NONE',  ( 0.000000000000000000, 0.000000000000000000, -1.000000000000000000 ) ) ;
#1636 = AXIS2_PLACEMENT_3D ( 'NONE', #3205, #1618, #2890 ) ;
#1637 = ORIENTED_EDGE ( 'NONE', *, *, #1168, .T. ) ;
#1638 = DIRECTION ( 'NONE',  ( -0.6691306063588569053, 0.000000000000000000, 0.7431448254773954654 ) ) ;
#1639 = DIRECTION ( 'NONE',  ( 0.000000000000000000, 0.000000000000000000, -1.000000000000000000 ) ) ;
#1640 = VERTEX_POINT ( 'NONE', #612 ) ;
#1641 = ADVANCED_FACE ( 'NONE', ( #292 ), #1567, .F. ) ;
#1642 = ORIENTED_EDGE ( 'NONE', *, *, #458, .T. ) ;
#1643 = AXIS2_PLACEMENT_3D ( 'NONE', #3307, #1704, #1075 ) ;
#1644 = CARTESIAN_POINT ( 'NONE',  ( -7.050396002144805330, -91.97996640109978728, -38.39800107316462885 ) ) ;
#1645 = DIRECTION ( 'NONE',  ( 0.000000000000000000, 0.000000000000000000, -1.000000000000000000 ) ) ;
#1646 = DIRECTION ( 'NONE',  ( -0.000000000000000000, 1.000000000000000000, 0.000000000000000000 ) ) ;
#1647 = ORIENTED_EDGE ( 'NONE', *, *, #2386, .T. ) ;
#1648 = DIRECTION ( 'NONE',  ( 0.000000000000000000, 0.000000000000000000, -1.000000000000000000 ) ) ;
#1649 = DIRECTION ( 'NONE',  ( 0.000000000000000000, 0.000000000000000000, -1.000000000000000000 ) ) ;
#1650 = ORIENTED_EDGE ( 'NONE', *, *, #1784, .T. ) ;
#1651 = CIRCLE ( 'NONE', #320, 1.500000000000001332 ) ;
#1652 = DIRECTION ( 'NONE',  ( -0.4067366430758011520, 0.000000000000000000, 0.9135454576426004225 ) ) ;
#1653 = EDGE_CURVE ( 'NONE', #3556, #3444, #2383, .T. ) ;
#1654 = CARTESIAN_POINT ( 'NONE',  ( -10.42270182117998090, -93.69903349498838452, -43.58426061138073493 ) ) ;
#1655 = ORIENTED_EDGE ( 'NONE', *, *, #2899, .T. ) ;
#1656 = DIRECTION ( 'NONE',  ( 1.000000000000000000, 0.000000000000000000, 0.000000000000000000 ) ) ;
#1657 = VERTEX_POINT ( 'NONE', #3255 ) ;
#1658 = FACE_BOUND ( 'NONE', #1684, .T. ) ;
#1659 = FACE_OUTER_BOUND ( 'NONE', #3928, .T. ) ;
#1660 = VERTEX_POINT ( 'NONE', #1373 ) ;
#1661 = EDGE_CURVE ( 'NONE', #3846, #2799, #2604, .T. ) ;
#1662 = EDGE_LOOP ( 'NONE', ( #644, #114 ) ) ;
#1663 = DIRECTION ( 'NONE',  ( 0.000000000000000000, 0.000000000000000000, -1.000000000000000000 ) ) ;
#1664 = PLANE ( 'NONE',  #1830 ) ;
#1665 = PRODUCT_RELATED_PRODUCT_CATEGORY ( 'part', '', ( #1615 ) ) ;
#1666 = CARTESIAN_POINT ( 'NONE',  ( -7.050396002144810659, -124.1868480519726319, -27.87589818040653000 ) ) ;
#1667 = EDGE_CURVE ( 'NONE', #854, #2063, #3930, .T. ) ;
#1668 = ORIENTED_EDGE ( 'NONE', *, *, #3774, .T. ) ;
#1669 = AXIS2_PLACEMENT_3D ( 'NONE', #2517, #13, #949 ) ;
#1670 = CYLINDRICAL_SURFACE ( 'NONE', #1167, 3.810000000000000941 ) ;
#1671 = DIRECTION ( 'NONE',  ( 0.000000000000000000, -1.000000000000000000, 0.000000000000000000 ) ) ;
#1672 = AXIS2_PLACEMENT_3D ( 'NONE', #2319, #1392, #731 ) ;
#1673 = EDGE_CURVE ( 'NONE', #2016, #882, #1398, .T. ) ;
#1674 = ORIENTED_EDGE ( 'NONE', *, *, #1810, .T. ) ;
#1675 = VECTOR ( 'NONE', #3143, 1000.000000000000000 ) ;
#1676 = CARTESIAN_POINT ( 'NONE',  ( -7.050396002144834640, -97.24345894318669536, 40.32598993040860336 ) ) ;
#1677 = CYLINDRICAL_SURFACE ( 'NONE', #941, 2.200000000000121858 ) ;
#1678 = ORIENTED_EDGE ( 'NONE', *, *, #2828, .F. ) ;
#1679 = CONICAL_SURFACE ( 'NONE', #878, 3.500000000000010214, 0.5235987755983048109 ) ;
#1680 = DIRECTION ( 'NONE',  ( 0.000000000000000000, 1.000000000000000000, 0.000000000000000000 ) ) ;
#1681 = ORIENTED_EDGE ( 'NONE', *, *, #2405, .F. ) ;
#1682 = CARTESIAN_POINT ( 'NONE',  ( -7.050396002144807994, -111.9799664010997873, -21.89800107316463595 ) ) ;
#1683 = CARTESIAN_POINT ( 'NONE',  ( -56.27866444836440252, 0.000000000000000000, -25.05687578326559617 ) ) ;
#1684 = EDGE_LOOP ( 'NONE', ( #3200, #4032 ) ) ;
#1685 = EDGE_CURVE ( 'NONE', #3778, #400, #1354, .T. ) ;
#1686 = VECTOR ( 'NONE', #3461, 1000.000000000000000 ) ;
#1687 = ORIENTED_EDGE ( 'NONE', *, *, #1162, .T. ) ;
#1688 = DIRECTION ( 'NONE',  ( 1.000000000000000000, 0.000000000000000000, 1.241749088029210621E-16 ) ) ;
#1689 = LINE ( 'NONE', #3558, #357 ) ;
#1690 = DIRECTION ( 'NONE',  ( 0.000000000000000000, -1.000000000000000000, -0.000000000000000000 ) ) ;
#1691 = ORIENTED_EDGE ( 'NONE', *, *, #1673, .T. ) ;
#1692 = AXIS2_PLACEMENT_3D ( 'NONE', #822, #2703, #3967 ) ;
#1693 = CARTESIAN_POINT ( 'NONE',  ( 0.000000000000000000, 25.77737000652124877, 0.000000000000000000 ) ) ;
#1694 = CARTESIAN_POINT ( 'NONE',  ( -8.644014404209281466, -147.4659028457231500, 44.44999999999999574 ) ) ;
#1695 = ORIENTED_EDGE ( 'NONE', *, *, #996, .T. ) ;
#1696 = VECTOR ( 'NONE', #478, 1000.000000000000000 ) ;
#1697 = CIRCLE ( 'NONE', #29, 2.200000000000121858 ) ;
#1698 = CARTESIAN_POINT ( 'NONE',  ( 3.091543583002316797, -254.0000000000000000, 44.45000000000000284 ) ) ;
#1699 = CARTESIAN_POINT ( 'NONE',  ( -16.05039600214481155, -153.3968480519725688, -35.40703493043132966 ) ) ;
#1700 = DIRECTION ( 'NONE',  ( -1.000000000000000000, 0.000000000000000000, 0.000000000000000000 ) ) ;
#1701 = ORIENTED_EDGE ( 'NONE', *, *, #2806, .F. ) ;
#1702 = AXIS2_PLACEMENT_3D ( 'NONE', #1130, #4040, #3050 ) ;
#1703 = CARTESIAN_POINT ( 'NONE',  ( -15.05039600214480622, -111.9799664010997873, -38.39800107316462885 ) ) ;
#1704 = DIRECTION ( 'NONE',  ( 0.000000000000000000, -1.000000000000000000, 0.000000000000000000 ) ) ;
#1705 = ORIENTED_EDGE ( 'NONE', *, *, #1056, .F. ) ;
#1706 = VERTEX_POINT ( 'NONE', #2919 ) ;
#1707 = CARTESIAN_POINT ( 'NONE',  ( -8.701406658362625279, -87.62999999999998124, -37.42859132119202314 ) ) ;
#1708 = CARTESIAN_POINT ( 'NONE',  ( -36.27845641699765622, -254.0000000000000000, -59.69000000000000483 ) ) ;
#1709 = CARTESIAN_POINT ( 'NONE',  ( 0.000000000000000000, -113.0299999999999017, 0.000000000000000000 ) ) ;
#1710 = VERTEX_POINT ( 'NONE', #2634 ) ;
#1711 = LINE ( 'NONE', #120, #833 ) ;
#1712 = DIRECTION ( 'NONE',  ( 0.000000000000000000, 0.000000000000000000, -1.000000000000000000 ) ) ;
#1713 = ADVANCED_FACE ( 'NONE', ( #64 ), #2074, .T. ) ;
#1714 = VERTEX_POINT ( 'NONE', #3918 ) ;
#1715 = DIRECTION ( 'NONE',  ( -0.000000000000000000, 1.000000000000000000, -0.000000000000000000 ) ) ;
#1716 = CARTESIAN_POINT ( 'NONE',  ( -10.97712590602831106, -155.3791814849611228, 42.51630546896480922 ) ) ;
#1717 = EDGE_LOOP ( 'NONE', ( #5, #3327, #2650, #4069 ) ) ;
#1718 = CARTESIAN_POINT ( 'NONE',  ( -9.903995230345680412, -87.62999999999998124, -15.63619172809693403 ) ) ;
#1719 = ORIENTED_EDGE ( 'NONE', *, *, #3787, .F. ) ;
#1720 = CARTESIAN_POINT ( 'NONE',  ( -11.05039600214480799, -169.4319999999999879, -41.90999999999999659 ) ) ;
#1721 = CIRCLE ( 'NONE', #1381, 3.700000000000112976 ) ;
#1722 = PLANE ( 'NONE',  #4077 ) ;
#1723 = EDGE_LOOP ( 'NONE', ( #1181, #2888 ) ) ;
#1724 = ORIENTED_EDGE ( 'NONE', *, *, #918, .T. ) ;
#1725 = DIRECTION ( 'NONE',  ( 0.4067366430758013740, 0.000000000000000000, -0.9135454576426003115 ) ) ;
#1726 = DIRECTION ( 'NONE',  ( -0.6691306063588569053, -0.000000000000000000, -0.7431448254773953543 ) ) ;
#1727 = LINE ( 'NONE', #60, #2367 ) ;
#1728 = ORIENTED_EDGE ( 'NONE', *, *, #3787, .T. ) ;
#1729 = AXIS2_PLACEMENT_3D ( 'NONE', #576, #3410, #237 ) ;
#1730 = CARTESIAN_POINT ( 'NONE',  ( -7.050396002144810659, -153.3968480519725688, -39.10703493043134671 ) ) ;
#1731 = FACE_OUTER_BOUND ( 'NONE', #3943, .T. ) ;
#1732 = EDGE_CURVE ( 'NONE', #1768, #1262, #995, .T. ) ;
#1733 = ORIENTED_EDGE ( 'NONE', *, *, #4008, .T. ) ;
#1734 = DIRECTION ( 'NONE',  ( -5.980805065379274809E-16, 0.000000000000000000, 1.000000000000000000 ) ) ;
#1735 = CARTESIAN_POINT ( 'NONE',  ( -7.050396002144810659, -97.24345894318669536, 38.82598993040861046 ) ) ;
#1736 = ORIENTED_EDGE ( 'NONE', *, *, #1427, .T. ) ;
#1737 = CARTESIAN_POINT ( 'NONE',  ( -69.08799999999999386, -169.4319999999999879, 10.28935158306876296 ) ) ;
#1738 = VECTOR ( 'NONE', #1534, 1000.000000000000000 ) ;
#1739 = ADVANCED_FACE ( 'NONE', ( #1731, #2033 ), #1064, .T. ) ;
#1740 = ORIENTED_EDGE ( 'NONE', *, *, #144, .T. ) ;
#1741 = CARTESIAN_POINT ( 'NONE',  ( -11.05039600214480799, -116.6076012622950770, -41.90999999999999659 ) ) ;
#1742 = DIRECTION ( 'NONE',  ( 0.000000000000000000, -0.000000000000000000, 1.000000000000000000 ) ) ;
#1743 = VERTEX_POINT ( 'NONE', #1694 ) ;
#1744 = ADVANCED_FACE ( 'NONE', ( #3608, #755 ), #443, .T. ) ;
#1745 = ORIENTED_EDGE ( 'NONE', *, *, #1544, .F. ) ;
#1746 = LINE ( 'NONE', #3021, #2207 ) ;
#1747 = LINE ( 'NONE', #3292, #2916 ) ;
#1748 = CARTESIAN_POINT ( 'NONE',  ( -16.05039600214481155, -154.3934589431867153, 15.37598993040836426 ) ) ;
#1749 = ORIENTED_EDGE ( 'NONE', *, *, #3741, .F. ) ;
#1750 = EDGE_CURVE ( 'NONE', #811, #2537, #2698, .T. ) ;
#1751 = LINE ( 'NONE', #3667, #701 ) ;
#1752 = CARTESIAN_POINT ( 'NONE',  ( -20.08647081916206290, -99.04046254401986005, -2.199999999999997069 ) ) ;
#1753 = ORIENTED_EDGE ( 'NONE', *, *, #2057, .F. ) ;
#1754 = PLANE ( 'NONE',  #3159 ) ;
#1755 = CARTESIAN_POINT ( 'NONE',  ( -11.02097774120512419, -156.3507779243954872, 42.31134973520083520 ) ) ;
#1756 = ORIENTED_EDGE ( 'NONE', *, *, #2581, .F. ) ;
#1757 = VECTOR ( 'NONE', #3811, 1000.000000000000000 ) ;
#1758 = DIRECTION ( 'NONE',  ( 1.000000000000000000, -0.000000000000000000, -0.000000000000000000 ) ) ;
#1759 = CONICAL_SURFACE ( 'NONE', #4084, 3.500000000000010214, 0.5235987755983022574 ) ;
#1760 = VECTOR ( 'NONE', #2812, 1000.000000000000000 ) ;
#1761 = ADVANCED_FACE ( 'NONE', ( #2677 ), #3939, .F. ) ;
#1762 = VERTEX_POINT ( 'NONE', #3567 ) ;
#1763 = CARTESIAN_POINT ( 'NONE',  ( -11.00956566435640660, -152.6812385234507872, 42.36697179386787582 ) ) ;
#1764 = CARTESIAN_POINT ( 'NONE',  ( -7.050396002144808882, -111.9799664010997873, -16.89800107316462174 ) ) ;
#1765 = ORIENTED_EDGE ( 'NONE', *, *, #3301, .F. ) ;
#1766 = EDGE_CURVE ( 'NONE', #2365, #3016, #2340, .T. ) ;
#1767 = AXIS2_PLACEMENT_3D ( 'NONE', #1709, #2981, #2316 ) ;
#1768 = VERTEX_POINT ( 'NONE', #3961 ) ;
#1769 = CARTESIAN_POINT ( 'NONE',  ( -10.95961960632160093, -97.49065410424483957, 42.58298123060252749 ) ) ;
#1770 = CARTESIAN_POINT ( 'NONE',  ( -7.050396002144805330, -91.97996640109978728, -38.39800107316462885 ) ) ;
#1771 = AXIS2_PLACEMENT_3D ( 'NONE', #1995, #3257, #778 ) ;
#1772 = AXIS2_PLACEMENT_3D ( 'NONE', #2182, #1126, #300 ) ;
#1773 = ORIENTED_EDGE ( 'NONE', *, *, #3378, .F. ) ;
#1774 = CIRCLE ( 'NONE', #3172, 6.009401076758527971 ) ;
#1775 = EDGE_CURVE ( 'NONE', #3388, #12, #3999, .T. ) ;
#1776 = LINE ( 'NONE', #187, #2432 ) ;
#1777 = LINE ( 'NONE', #2774, #1807 ) ;
#1778 = ORIENTED_EDGE ( 'NONE', *, *, #362, .F. ) ;
#1779 = EDGE_CURVE ( 'NONE', #15, #196, #2540, .T. ) ;
#1780 = CARTESIAN_POINT ( 'NONE',  ( -11.05039600214480977, -111.9799664010997873, -18.39800107316462530 ) ) ;
#1781 = VECTOR ( 'NONE', #2928, 1000.000000000000000 ) ;
#1782 = DIRECTION ( 'NONE',  ( 1.000000000000000000, 0.000000000000000000, 1.241749088029210621E-16 ) ) ;
#1783 = FACE_OUTER_BOUND ( 'NONE', #682, .T. ) ;
#1784 = EDGE_CURVE ( 'NONE', #3584, #1611, #3666, .T. ) ;
#1785 = ORIENTED_EDGE ( 'NONE', *, *, #2276, .T. ) ;
#1786 = CARTESIAN_POINT ( 'NONE',  ( -15.05039600214480977, -91.97996640109978728, -19.89800107316462530 ) ) ;
#1787 = DIRECTION ( 'NONE',  ( 0.000000000000000000, 0.000000000000000000, 1.000000000000000000 ) ) ;
#1788 = EDGE_LOOP ( 'NONE', ( #830, #2494 ) ) ;
#1789 = ORIENTED_EDGE ( 'NONE', *, *, #3712, .T. ) ;
#1790 = CARTESIAN_POINT ( 'NONE',  ( -4.666286167692970999, -147.4659028457231500, 59.69000000000004746 ) ) ;
#1791 = DIRECTION ( 'NONE',  ( 0.000000000000000000, 0.000000000000000000, -1.000000000000000000 ) ) ;
#1792 = AXIS2_PLACEMENT_3D ( 'NONE', #2110, #437, #2441 ) ;
#1793 = FACE_OUTER_BOUND ( 'NONE', #173, .T. ) ;
#1794 = EDGE_CURVE ( 'NONE', #3078, #3195, #1777, .T. ) ;
#1795 = DIRECTION ( 'NONE',  ( 0.000000000000000000, 0.000000000000000000, -1.000000000000000000 ) ) ;
#1796 = AXIS2_PLACEMENT_3D ( 'NONE', #1848, #3118, #1551 ) ;
#1797 = ORIENTED_EDGE ( 'NONE', *, *, #903, .F. ) ;
#1798 = EDGE_CURVE ( 'NONE', #419, #384, #1600, .T. ) ;
#1799 = CARTESIAN_POINT ( 'NONE',  ( 3.091543583002317241, -87.62999999999998124, -44.45000000000000284 ) ) ;
#1800 = DIRECTION ( 'NONE',  ( 0.000000000000000000, 0.000000000000000000, -1.000000000000000000 ) ) ;
#1801 = DIRECTION ( 'NONE',  ( 1.000000000000000000, 0.000000000000000000, 1.241749088029210621E-16 ) ) ;
#1802 = EDGE_LOOP ( 'NONE', ( #1785, #3915 ) ) ;
#1803 = CONICAL_SURFACE ( 'NONE', #3, 3.500000000000010214, 0.5235987755983048109 ) ;
#1804 = CARTESIAN_POINT ( 'NONE',  ( -7.050396002144807994, -91.97996640109978728, -21.89800107316463595 ) ) ;
#1805 = CARTESIAN_POINT ( 'NONE',  ( -7.050396002144844410, -97.24345894318669536, 21.27598993040861686 ) ) ;
#1806 = ORIENTED_EDGE ( 'NONE', *, *, #3301, .T. ) ;
#1807 = VECTOR ( 'NONE', #2424, 1000.000000000000000 ) ;
#1808 = EDGE_CURVE ( 'NONE', #3579, #3737, #852, .T. ) ;
#1809 = AXIS2_PLACEMENT_3D ( 'NONE', #3376, #477, #2109 ) ;
#1810 = EDGE_CURVE ( 'NONE', #2492, #1608, #608, .T. ) ;
#1811 = EDGE_LOOP ( 'NONE', ( #785, #1621, #1674, #3635 ) ) ;
#1812 = CARTESIAN_POINT ( 'NONE',  ( -8.510396002144819505, -147.4659028457231500, 44.44999999999999574 ) ) ;
#1813 = CARTESIAN_POINT ( 'NONE',  ( -7.050396002144805330, -111.9799664010997873, -38.39800107316462885 ) ) ;
#1814 = CIRCLE ( 'NONE', #3937, 1.500000000000001332 ) ;
#1815 = CYLINDRICAL_SURFACE ( 'NONE', #622, 1.500000000000001332 ) ;
#1816 = CARTESIAN_POINT ( 'NONE',  ( -34.81924231411538528, 25.77737000652124877, 51.54587070405884930 ) ) ;
#1817 = DIRECTION ( 'NONE',  ( 2.478176394252574238E-16, 0.000000000000000000, -1.000000000000000000 ) ) ;
#1818 = ORIENTED_EDGE ( 'NONE', *, *, #175, .F. ) ;
#1819 = LINE ( 'NONE', #820, #508 ) ;
#1820 = LINE ( 'NONE', #2117, #481 ) ;
#1821 = CARTESIAN_POINT ( 'NONE',  ( -10.46331845299464369, -87.62999999999999545, -21.72300781880328913 ) ) ;
#1822 = EDGE_CURVE ( 'NONE', #3476, #694, #4, .T. ) ;
#1823 = ORIENTED_EDGE ( 'NONE', *, *, #8, .T. ) ;
#1824 = AXIS2_PLACEMENT_3D ( 'NONE', #3751, #3692, #3406 ) ;
#1825 = CYLINDRICAL_SURFACE ( 'NONE', #3599, 1.500000000000001332 ) ;
#1826 = DIRECTION ( 'NONE',  ( 1.000000000000000000, 0.000000000000000000, 1.241749088029210621E-16 ) ) ;
#1827 = VERTEX_POINT ( 'NONE', #2404 ) ;
#1828 = DIRECTION ( 'NONE',  ( 1.000000000000000000, 0.000000000000000000, -2.375519994490664161E-16 ) ) ;
#1829 = ORIENTED_EDGE ( 'NONE', *, *, #2229, .F. ) ;
#1830 = AXIS2_PLACEMENT_3D ( 'NONE', #2959, #3445, #3581 ) ;
#1831 = ORIENTED_EDGE ( 'NONE', *, *, #2573, .F. ) ;
#1832 = DIRECTION ( 'NONE',  ( 1.000000000000000000, 0.000000000000000000, -6.829619984160667907E-16 ) ) ;
#1833 = CARTESIAN_POINT ( 'NONE',  ( -8.510396002144819505, -87.62999999999998124, 44.44999999999999574 ) ) ;
#1834 = AXIS2_PLACEMENT_3D ( 'NONE', #2137, #552, #1507 ) ;
#1835 = AXIS2_PLACEMENT_3D ( 'NONE', #3559, #1988, #1388 ) ;
#1836 = CYLINDRICAL_SURFACE ( 'NONE', #947, 2.200000000000118305 ) ;
#1837 = EDGE_CURVE ( 'NONE', #155, #191, #2738, .T. ) ;
#1839 = VECTOR ( 'NONE', #2291, 1000.000000000000114 ) ;
#1838 = FACE_BOUND ( 'NONE', #650, .T. ) ;
#1840 = CARTESIAN_POINT ( 'NONE',  ( -25.08647081916206290, -99.04046254401986005, -2.721662868355107876E-15 ) ) ;
#1841 = ORIENTED_EDGE ( 'NONE', *, *, #1511, .T. ) ;
#1842 = FACE_OUTER_BOUND ( 'NONE', #2829, .T. ) ;
#1843 = EDGE_CURVE ( 'NONE', #1870, #922, #1150, .T. ) ;
#1844 = CARTESIAN_POINT ( 'NONE',  ( -7.050396002144915464, -111.9799664010997873, -38.39800107316462885 ) ) ;
#1845 = LINE ( 'NONE', #4044, #290 ) ;
#1846 = VERTEX_POINT ( 'NONE', #3443 ) ;
#1847 = DIRECTION ( 'NONE',  ( 1.000000000000000000, -0.000000000000000000, -0.000000000000000000 ) ) ;
#1848 = CARTESIAN_POINT ( 'NONE',  ( -7.050396002144810659, -154.3934589431867153, 17.57598993040848612 ) ) ;
#1849 = ORIENTED_EDGE ( 'NONE', *, *, #803, .F. ) ;
#1850 = ADVANCED_FACE ( 'NONE', ( #2114 ), #2721, .T. ) ;
#1851 = CARTESIAN_POINT ( 'NONE',  ( -7.050396002144805330, -111.9799664010997873, -38.39800107316462885 ) ) ;
#1852 = EDGE_CURVE ( 'NONE', #1768, #1762, #1172, .T. ) ;
#1853 = ORIENTED_EDGE ( 'NONE', *, *, #1594, .F. ) ;
#1854 = LINE ( 'NONE', #259, #1738 ) ;
#1855 = DIRECTION ( 'NONE',  ( -0.000000000000000000, 1.000000000000000000, -0.000000000000000000 ) ) ;
#1856 = EDGE_CURVE ( 'NONE', #3638, #2602, #639, .T. ) ;
#1857 = AXIS2_PLACEMENT_3D ( 'NONE', #3045, #2027, #1474 ) ;
#1858 = CYLINDRICAL_SURFACE ( 'NONE', #1152, 17.77999999999999758 ) ;
#1859 = CARTESIAN_POINT ( 'NONE',  ( -46.22889533212070745, 0.000000000000000000, 51.34238970258229529 ) ) ;
#1860 = CARTESIAN_POINT ( 'NONE',  ( -11.05039600214480622, -107.4862536642060746, -42.08646437371251636 ) ) ;
#1861 = ORIENTED_EDGE ( 'NONE', *, *, #2586, .F. ) ;
#1862 = DIRECTION ( 'NONE',  ( 0.000000000000000000, 0.000000000000000000, -1.000000000000000000 ) ) ;
#1863 = DIRECTION ( 'NONE',  ( 0.000000000000000000, 0.000000000000000000, -1.000000000000000000 ) ) ;
#1864 = EDGE_CURVE ( 'NONE', #2414, #1940, #167, .T. ) ;
#1865 = DIRECTION ( 'NONE',  ( 1.000000000000000000, -0.000000000000000000, 1.241749088029210868E-16 ) ) ;
#1866 = VECTOR ( 'NONE', #1160, 1000.000000000000000 ) ;
#1867 = VERTEX_POINT ( 'NONE', #3686 ) ;
#1868 = DIRECTION ( 'NONE',  ( 1.000000000000000000, 0.000000000000000000, -2.375519994490664161E-16 ) ) ;
#1869 = FACE_OUTER_BOUND ( 'NONE', #1956, .T. ) ;
#1870 = VERTEX_POINT ( 'NONE', #3668 ) ;
#1871 = EDGE_CURVE ( 'NONE', #3207, #3330, #3066, .T. ) ;
#1872 = DIRECTION ( 'NONE',  ( 1.241749088029210621E-16, 0.000000000000000000, -1.000000000000000000 ) ) ;
#1873 = EDGE_LOOP ( 'NONE', ( #1121, #865, #1997, #847 ) ) ;
#1874 = ORIENTED_EDGE ( 'NONE', *, *, #3827, .T. ) ;
#1875 = LINE ( 'NONE', #556, #3473 ) ;
#1876 = CARTESIAN_POINT ( 'NONE',  ( -7.050396002144857732, -153.3968480519725688, -35.40703493043132966 ) ) ;
#1877 = AXIS2_PLACEMENT_3D ( 'NONE', #105, #1671, #2010 ) ;
#1878 = ADVANCED_FACE ( 'NONE', ( #3028 ), #2459, .T. ) ;
#1879 = AXIS2_PLACEMENT_3D ( 'NONE', #3512, #2975, #2260 ) ;
#1880 = CARTESIAN_POINT ( 'NONE',  ( -4.666286167692961229, -147.4659028457231500, 44.45000000000000284 ) ) ;
#1881 = FACE_BOUND ( 'NONE', #1190, .T. ) ;
#1882 = DIRECTION ( 'NONE',  ( 2.478176394252574238E-16, 0.000000000000000000, -1.000000000000000000 ) ) ;
#1883 = EDGE_LOOP ( 'NONE', ( #796, #3074 ) ) ;
#1884 = DIRECTION ( 'NONE',  ( 1.000000000000000000, 0.000000000000000000, 0.000000000000000000 ) ) ;
#1885 = DIRECTION ( 'NONE',  ( -0.6691306063588569053, -0.000000000000000000, -0.7431448254773954654 ) ) ;
#1886 = DIRECTION ( 'NONE',  ( -0.8660254037844369313, 6.123233995736801781E-17, -0.5000000000000028866 ) ) ;
#1887 = ADVANCED_FACE ( 'NONE', ( #189, #3707 ), #3361, .F. ) ;
#1888 = DIRECTION ( 'NONE',  ( -0.000000000000000000, 1.000000000000000000, -0.000000000000000000 ) ) ;
#1889 = DIRECTION ( 'NONE',  ( 1.000000000000000000, 0.000000000000000000, -5.980805065379277767E-16 ) ) ;
#1890 = CARTESIAN_POINT ( 'NONE',  ( -25.08647081916205579, -169.4319999999999879, 53.55235401931967942 ) ) ;
#1891 = EDGE_LOOP ( 'NONE', ( #2566, #2636, #2348, #103 ) ) ;
#1892 = FACE_OUTER_BOUND ( 'NONE', #3457, .T. ) ;
#1893 = ORIENTED_EDGE ( 'NONE', *, *, #802, .T. ) ;
#1894 = DIRECTION ( 'NONE',  ( 0.000000000000000000, 0.000000000000000000, 1.000000000000000000 ) ) ;
#1895 = DIRECTION ( 'NONE',  ( -1.000000000000000000, -0.000000000000000000, -0.000000000000000000 ) ) ;
#1896 = EDGE_CURVE ( 'NONE', #1940, #678, #31, .T. ) ;
#1897 = CIRCLE ( 'NONE', #1559, 3.810000000000000941 ) ;
#1898 = AXIS2_PLACEMENT_3D ( 'NONE', #708, #1149, #3397 ) ;
#1899 = CARTESIAN_POINT ( 'NONE',  ( -7.050396002144808882, -91.97996640109978728, -19.89800107316462530 ) ) ;
#1900 = DIRECTION ( 'NONE',  ( 1.000000000000000000, 0.000000000000000000, 1.241749088029210621E-16 ) ) ;
#1901 = CARTESIAN_POINT ( 'NONE',  ( -10.26909659898459815, -111.5423147910806989, -43.74279465657649268 ) ) ;
#1902 = EDGE_CURVE ( 'NONE', #3449, #3150, #3109, .T. ) ;
#1903 = EDGE_LOOP ( 'NONE', ( #3826, #4111, #3504, #2503 ) ) ;
#1904 = LINE ( 'NONE', #1604, #2678 ) ;
#1905 = FACE_OUTER_BOUND ( 'NONE', #509, .T. ) ;
#1906 = AXIS2_PLACEMENT_3D ( 'NONE', #1039, #2050, #3000 ) ;
#1907 = EDGE_CURVE ( 'NONE', #3429, #143, #2480, .T. ) ;
#1908 = FACE_OUTER_BOUND ( 'NONE', #1723, .T. ) ;
#1909 = CARTESIAN_POINT ( 'NONE',  ( 4.665904304751412537E-16, -169.4319999999999595, 46.98999999999999488 ) ) ;
#1910 = CARTESIAN_POINT ( 'NONE',  ( -15.05039600214480622, -111.9799664010997873, -36.89800107316462885 ) ) ;
#1911 = EDGE_LOOP ( 'NONE', ( #1117, #3865 ) ) ;
#1912 = CARTESIAN_POINT ( 'NONE',  ( -15.05039600214480622, -91.97996640109978728, -39.89800107316462885 ) ) ;
#1913 = EDGE_CURVE ( 'NONE', #3353, #818, #2567, .T. ) ;
#1914 = ORIENTED_EDGE ( 'NONE', *, *, #761, .F. ) ;
#1915 = DIRECTION ( 'NONE',  ( -1.000000000000000000, -0.000000000000000000, -1.241749088029210621E-16 ) ) ;
#1916 = CARTESIAN_POINT ( 'NONE',  ( -41.22156872694262120, -133.3499999999999943, 45.78119010903433406 ) ) ;
#1917 = EDGE_LOOP ( 'NONE', ( #4104, #1971, #845, #2742 ) ) ;
#1918 = FACE_OUTER_BOUND ( 'NONE', #2944, .T. ) ;
#1919 = DIRECTION ( 'NONE',  ( 0.000000000000000000, 0.000000000000000000, 1.000000000000000000 ) ) ;
#1920 = VERTEX_POINT ( 'NONE', #1599 ) ;
#1921 = EDGE_CURVE ( 'NONE', #1870, #3833, #1576, .T. ) ;
#1922 = CARTESIAN_POINT ( 'NONE',  ( -7.050396002144899477, -111.9799664010997873, -18.39800107316462530 ) ) ;
#1923 = EDGE_CURVE ( 'NONE', #659, #3274, #3300, .T. ) ;
#1924 = CARTESIAN_POINT ( 'NONE',  ( -25.08647081916206290, -154.3513605428498181, 6.858330662837489378 ) ) ;
#1925 = EDGE_LOOP ( 'NONE', ( #1765, #970, #3655, #2181, #3858, #792, #50, #2341 ) ) ;
#1926 = FACE_OUTER_BOUND ( 'NONE', #2599, .T. ) ;
#1927 = ORIENTED_EDGE ( 'NONE', *, *, #3339, .T. ) ;
#1928 = CARTESIAN_POINT ( 'NONE',  ( -7.050396002144810659, -154.3934589431867153, 17.57598993040848612 ) ) ;
#1929 = AXIS2_PLACEMENT_3D ( 'NONE', #3237, #383, #2038 ) ;
#1930 = ORIENTED_EDGE ( 'NONE', *, *, #1439, .T. ) ;
#1931 = CARTESIAN_POINT ( 'NONE',  ( -7.050396002144760033, -124.1868480519726319, -27.87589818040653000 ) ) ;
#1932 = CARTESIAN_POINT ( 'NONE',  ( -7.050396002144760033, -124.1868480519726319, -24.17589818040650229 ) ) ;
#1933 = EDGE_LOOP ( 'NONE', ( #3595, #3110, #3245, #1678 ) ) ;
#1934 = EDGE_CURVE ( 'NONE', #2648, #3343, #4124, .T. ) ;
#1935 = EDGE_CURVE ( 'NONE', #336, #2898, #2704, .T. ) ;
#1936 = VERTEX_POINT ( 'NONE', #1289 ) ;
#1937 = CARTESIAN_POINT ( 'NONE',  ( -69.08799999999999386, -113.0299999999999017, 0.000000000000000000 ) ) ;
#1938 = FACE_OUTER_BOUND ( 'NONE', #3222, .T. ) ;
#1939 = DIRECTION ( 'NONE',  ( 0.000000000000000000, 0.000000000000000000, 1.000000000000000000 ) ) ;
#1940 = VERTEX_POINT ( 'NONE', #607 ) ;
#1941 = CIRCLE ( 'NONE', #2680, 6.009401076758638993 ) ;
#1942 = CARTESIAN_POINT ( 'NONE',  ( -10.28988606425223118, -91.18682391648718522, -43.72414495130571765 ) ) ;
#1943 = CARTESIAN_POINT ( 'NONE',  ( 0.000000000000000000, -435.6100000000001273, -46.98999999999999488 ) ) ;
#1944 = CIRCLE ( 'NONE', #140, 2.200000000000118305 ) ;
#1945 = EDGE_LOOP ( 'NONE', ( #2575, #3601 ) ) ;
#1946 = EDGE_CURVE ( 'NONE', #454, #2259, #1362, .T. ) ;
#1947 = DIRECTION ( 'NONE',  ( 0.000000000000000000, 0.000000000000000000, -1.000000000000000000 ) ) ;
#1948 = CARTESIAN_POINT ( 'NONE',  ( -10.81021813184066538, -95.29724560027639768, -43.01684077662824990 ) ) ;
#1949 = ORIENTED_EDGE ( 'NONE', *, *, #3284, .T. ) ;
#1950 = DIRECTION ( 'NONE',  ( 0.000000000000000000, 0.000000000000000000, -1.000000000000000000 ) ) ;
#1951 = AXIS2_PLACEMENT_3D ( 'NONE', #946, #1680, #3510 ) ;
#1952 = EDGE_CURVE ( 'NONE', #925, #2414, #3034, .T. ) ;
#1953 = ORIENTED_EDGE ( 'NONE', *, *, #34, .F. ) ;
#1954 = PLANE ( 'NONE',  #3998 ) ;
#1955 = CARTESIAN_POINT ( 'NONE',  ( -7.050396002144810659, -124.1868480519726319, -26.37589818040652290 ) ) ;
#1956 = EDGE_LOOP ( 'NONE', ( #2293, #4045, #1025, #2159 ) ) ;
#1957 = ORIENTED_EDGE ( 'NONE', *, *, #3352, .F. ) ;
#1958 = CARTESIAN_POINT ( 'NONE',  ( -10.46220818207608616, -87.62999999999999545, -35.07399263946452095 ) ) ;
#1959 = DIRECTION ( 'NONE',  ( 1.000000000000000000, -0.000000000000000000, -0.000000000000000000 ) ) ;
#1960 = AXIS2_PLACEMENT_3D ( 'NONE', #3011, #2989, #127 ) ;
#1961 = DIRECTION ( 'NONE',  ( -0.000000000000000000, 1.000000000000000000, -0.000000000000000000 ) ) ;
#1962 = CIRCLE ( 'NONE', #570, 6.349999999999996092 ) ;
#1963 = VERTEX_POINT ( 'NONE', #1562 ) ;
#1964 = ADVANCED_FACE ( 'NONE', ( #3829 ), #1271, .F. ) ;
#1965 = AXIS2_PLACEMENT_3D ( 'NONE', #2751, #2090, #117 ) ;
#1966 = DIRECTION ( 'NONE',  ( 1.000000000000000000, 0.000000000000000000, 0.000000000000000000 ) ) ;
#1967 = VERTEX_POINT ( 'NONE', #661 ) ;
#1968 = AXIS2_PLACEMENT_3D ( 'NONE', #328, #1230, #3503 ) ;
#1969 = UNCERTAINTY_MEASURE_WITH_UNIT (LENGTH_MEASURE( 1.000000000000000082E-05 ), #660, 'distance_accuracy_value', 'NONE');
#1970 = EDGE_CURVE ( 'NONE', #2123, #77, #2106, .T. ) ;
#1971 = ORIENTED_EDGE ( 'NONE', *, *, #894, .T. ) ;
#1972 = AXIS2_PLACEMENT_3D ( 'NONE', #382, #88, #1652 ) ;
#1973 = FACE_BOUND ( 'NONE', #807, .T. ) ;
#1974 = ORIENTED_EDGE ( 'NONE', *, *, #2482, .T. ) ;
#1975 = VECTOR ( 'NONE', #1828, 1000.000000000000000 ) ;
#1976 = CARTESIAN_POINT ( 'NONE',  ( -25.08647081916206290, -99.04046254401986005, -2.721662868355107876E-15 ) ) ;
#1977 = VECTOR ( 'NONE', #1287, 1000.000000000000000 ) ;
#1978 = ORIENTED_EDGE ( 'NONE', *, *, #752, .F. ) ;
#1979 = ADVANCED_FACE ( 'NONE', ( #2891 ), #2231, .F. ) ;
#1980 = CARTESIAN_POINT ( 'NONE',  ( 8.171543583002316424, -254.0000000000000000, 54.60999999999998522 ) ) ;
#1981 = CYLINDRICAL_SURFACE ( 'NONE', #1984, 62.36666781104819535 ) ;
#1982 = ORIENTED_EDGE ( 'NONE', *, *, #2681, .T. ) ;
#1983 = ORIENTED_EDGE ( 'NONE', *, *, #1935, .F. ) ;
#1984 = AXIS2_PLACEMENT_3D ( 'NONE', #3221, #389, #1639 ) ;
#1985 = CARTESIAN_POINT ( 'NONE',  ( -10.75245021878191132, -87.62999999999996703, -34.80695223830952756 ) ) ;
#1986 = EDGE_CURVE ( 'NONE', #3630, #216, #963, .T. ) ;
#1987 = LINE ( 'NONE', #2314, #2362 ) ;
#1988 = DIRECTION ( 'NONE',  ( -1.000000000000000000, -0.000000000000000000, -1.241749088029210621E-16 ) ) ;
#1989 = ORIENTED_EDGE ( 'NONE', *, *, #3549, .F. ) ;
#1990 = CARTESIAN_POINT ( 'NONE',  ( -11.05039600214481688, -94.38126766973842052, 41.90999999999999659 ) ) ;
#1991 = DIRECTION ( 'NONE',  ( -0.4067366430758011520, 0.000000000000000000, -0.9135454576426004225 ) ) ;
#1992 = ORIENTED_EDGE ( 'NONE', *, *, #2247, .F. ) ;
#1993 = VECTOR ( 'NONE', #2243, 1000.000000000000000 ) ;
#1994 = EDGE_CURVE ( 'NONE', #3871, #2433, #1029, .T. ) ;
#1995 = CARTESIAN_POINT ( 'NONE',  ( -7.050396002144810659, -153.3968480519725688, -35.40703493043132966 ) ) ;
#1996 = CARTESIAN_POINT ( 'NONE',  ( -53.87537371859583857, -169.4319999999999879, -44.45746963876408131 ) ) ;
#1997 = ORIENTED_EDGE ( 'NONE', *, *, #1100, .F. ) ;
#1998 = CARTESIAN_POINT ( 'NONE',  ( -16.05039600214481155, -154.3934589431867153, 17.57598993040848612 ) ) ;
#1999 = ORIENTED_EDGE ( 'NONE', *, *, #1427, .F. ) ;
#2000 = LINE ( 'NONE', #3886, #2202 ) ;
#2001 = CARTESIAN_POINT ( 'NONE',  ( -15.05039600214480977, -91.97996640109978728, -16.89800107316462174 ) ) ;
#2002 = EDGE_LOOP ( 'NONE', ( #2685, #1491, #1724, #2142 ) ) ;
#2003 = ORIENTED_EDGE ( 'NONE', *, *, #2695, .T. ) ;
#2004 = DIRECTION ( 'NONE',  ( 1.000000000000000000, -0.000000000000000000, -0.000000000000000000 ) ) ;
#2005 = DIRECTION ( 'NONE',  ( 0.000000000000000000, 0.000000000000000000, 1.000000000000000000 ) ) ;
#2006 = FACE_OUTER_BOUND ( 'NONE', #352, .T. ) ;
#2007 = ORIENTED_EDGE ( 'NONE', *, *, #262, .T. ) ;
#2008 = VECTOR ( 'NONE', #966, 1000.000000000000000 ) ;
#2009 = CARTESIAN_POINT ( 'NONE',  ( -7.050396002144844410, -97.24345894318669536, 13.87598993040837669 ) ) ;
#2010 = DIRECTION ( 'NONE',  ( 0.000000000000000000, -0.000000000000000000, -1.000000000000000000 ) ) ;
#2011 = VECTOR ( 'NONE', #121, 1000.000000000000114 ) ;
#2012 = ORIENTED_EDGE ( 'NONE', *, *, #2357, .T. ) ;
#2013 = AXIS2_PLACEMENT_3D ( 'NONE', #2376, #768, #3355 ) ;
#2014 = DIRECTION ( 'NONE',  ( 1.000000000000000000, 0.000000000000000000, 0.000000000000000000 ) ) ;
#2015 = CARTESIAN_POINT ( 'NONE',  ( -11.05039600214482043, -156.8155263685445675, 42.14840201298827083 ) ) ;
#2016 = VERTEX_POINT ( 'NONE', #4080 ) ;
#2017 = CIRCLE ( 'NONE', #11, 62.36666781104819535 ) ;
#2018 = CARTESIAN_POINT ( 'NONE',  ( -8.510396002144819505, -254.0000000000000000, 44.44999999999999574 ) ) ;
#2019 = EDGE_LOOP ( 'NONE', ( #3821, #3242, #3713, #2370 ) ) ;
#2020 = CARTESIAN_POINT ( 'NONE',  ( -41.50992569033923729, -133.3499999999999943, 55.59136905296103492 ) ) ;
#2021 = DIRECTION ( 'NONE',  ( 0.000000000000000000, 0.000000000000000000, -1.000000000000000000 ) ) ;
#2022 = ORIENTED_EDGE ( 'NONE', *, *, #294, .T. ) ;
#2023 = AXIS2_PLACEMENT_3D ( 'NONE', #1644, #1688, #40 ) ;
#2024 = ORIENTED_EDGE ( 'NONE', *, *, #3827, .F. ) ;
#2025 = EDGE_CURVE ( 'NONE', #2780, #3309, #3368, .T. ) ;
#2026 = CARTESIAN_POINT ( 'NONE',  ( -9.631625269985976345, -87.62999999999999545, -40.85946446180144420 ) ) ;
#2027 = DIRECTION ( 'NONE',  ( 1.000000000000000000, 0.000000000000000000, 1.241749088029210621E-16 ) ) ;
#2028 = SHAPE_DEFINITION_REPRESENTATION ( #2519, #2509 ) ;
#2029 = DIRECTION ( 'NONE',  ( 0.4067366430758009854, 0.000000000000000000, 0.9135454576426004225 ) ) ;
#2030 = EDGE_LOOP ( 'NONE', ( #47, #2765, #623, #3511 ) ) ;
#2031 = VECTOR ( 'NONE', #653, 1000.000000000000000 ) ;
#2032 = CARTESIAN_POINT ( 'NONE',  ( -7.050396002144810659, -154.3934589431867153, 17.57598993040848612 ) ) ;
#2033 = FACE_BOUND ( 'NONE', #3391, .T. ) ;
#2034 = ORIENTED_EDGE ( 'NONE', *, *, #4050, .F. ) ;
#2035 = CIRCLE ( 'NONE', #2495, 5.080000000000000959 ) ;
#2036 = AXIS2_PLACEMENT_3D ( 'NONE', #1693, #1333, #3253 ) ;
#2037 = CARTESIAN_POINT ( 'NONE',  ( -7.050396002144810659, -153.3968480519725688, -35.40703493043132966 ) ) ;
#2038 = DIRECTION ( 'NONE',  ( 0.000000000000000000, 0.000000000000000000, 1.000000000000000000 ) ) ;
#2039 = DIRECTION ( 'NONE',  ( -0.000000000000000000, 1.000000000000000000, -0.000000000000000000 ) ) ;
#2040 = VERTEX_POINT ( 'NONE', #265 ) ;
#2041 = AXIS2_PLACEMENT_3D ( 'NONE', #2914, #1961, #457 ) ;
#2042 = CARTESIAN_POINT ( 'NONE',  ( -11.05039600214496431, -116.4735272139633224, -42.08666455855136235 ) ) ;
#2043 = CARTESIAN_POINT ( 'NONE',  ( -7.050396002144810659, -97.24345894318669536, 32.92598993040837740 ) ) ;
#2044 = ORIENTED_EDGE ( 'NONE', *, *, #1498, .F. ) ;
#2045 = VECTOR ( 'NONE', #1581, 1000.000000000000000 ) ;
#2046 = ORIENTED_EDGE ( 'NONE', *, *, #3151, .T. ) ;
#2047 = LINE ( 'NONE', #2440, #3073 ) ;
#2048 = DIRECTION ( 'NONE',  ( 0.000000000000000000, 0.000000000000000000, -1.000000000000000000 ) ) ;
#2049 = EDGE_CURVE ( 'NONE', #3207, #1936, #1300, .T. ) ;
#2050 = DIRECTION ( 'NONE',  ( 0.000000000000000000, 0.000000000000000000, 1.000000000000000000 ) ) ;
#2051 = CARTESIAN_POINT ( 'NONE',  ( 4.665904304751412537E-16, -87.62999999999998124, -54.60999999999999943 ) ) ;
#2052 = VERTEX_POINT ( 'NONE', #3954 ) ;
#2053 = DIRECTION ( 'NONE',  ( 1.000000000000000000, 0.000000000000000000, 0.000000000000000000 ) ) ;
#2054 = CARTESIAN_POINT ( 'NONE',  ( -63.11502857761197305, -133.3499999999999943, 28.10062119682094561 ) ) ;
#2055 = EDGE_LOOP ( 'NONE', ( #278, #3393, #1028, #57 ) ) ;
#2056 = CARTESIAN_POINT ( 'NONE',  ( 0.000000000000000000, -169.4319999999999879, 0.000000000000000000 ) ) ;
#2057 = EDGE_CURVE ( 'NONE', #2553, #736, #2967, .T. ) ;
#2058 = DIRECTION ( 'NONE',  ( 0.000000000000000000, 0.000000000000000000, -1.000000000000000000 ) ) ;
#2059 = VERTEX_POINT ( 'NONE', #749 ) ;
#2060 = B_SPLINE_CURVE_WITH_KNOTS ( 'NONE', 3,
 ( #3325, #824, #2393, #1763, #177, #2729, #197, #1466 ),
 .UNSPECIFIED., .F., .F.,
 ( 4, 2, 2, 4 ),
 ( 0.002959286556114373509, 0.004437217893526249762, 0.005176183562232188756, 0.005915149230938126883 ),
 .UNSPECIFIED. ) ;
#2061 = DIRECTION ( 'NONE',  ( 0.000000000000000000, 1.000000000000000000, 0.000000000000000000 ) ) ;
#2062 = CIRCLE ( 'NONE', #2126, 1.500000000000001332 ) ;
#2063 = VERTEX_POINT ( 'NONE', #3250 ) ;
#2064 = CARTESIAN_POINT ( 'NONE',  ( -10.93831508618632320, -115.8303573913815541, -42.66665606622337492 ) ) ;
#2065 = DIRECTION ( 'NONE',  ( 0.000000000000000000, 0.000000000000000000, -1.000000000000000000 ) ) ;
#2066 = ORIENTED_EDGE ( 'NONE', *, *, #2724, .T. ) ;
#2067 = VERTEX_POINT ( 'NONE', #1081 ) ;
#2068 = CARTESIAN_POINT ( 'NONE',  ( -58.92997225528794303, -113.0299999999999017, 37.50041159762102438 ) ) ;
#2069 = DIRECTION ( 'NONE',  ( 2.478176394252574238E-16, 0.000000000000000000, -1.000000000000000000 ) ) ;
#2070 = DIRECTION ( 'NONE',  ( 0.000000000000000000, 0.000000000000000000, 1.000000000000000000 ) ) ;
#2071 = VERTEX_POINT ( 'NONE', #770 ) ;
#2072 = VECTOR ( 'NONE', #1243, 1000.000000000000000 ) ;
#2073 = DIRECTION ( 'NONE',  ( 0.000000000000000000, 0.000000000000000000, -1.000000000000000000 ) ) ;
#2074 = CYLINDRICAL_SURFACE ( 'NONE', #3471, 69.84999999999999432 ) ;
#2075 = ADVANCED_FACE ( 'NONE', ( #3605, #2006 ), #118, .F. ) ;
#2076 = ORIENTED_EDGE ( 'NONE', *, *, #722, .T. ) ;
#2077 = AXIS2_PLACEMENT_3D ( 'NONE', #1017, #774, #1335 ) ;
#2078 = CARTESIAN_POINT ( 'NONE',  ( -11.05039600214480977, -87.62999999999998124, -22.24857676777775595 ) ) ;
#2079 = LINE ( 'NONE', #3904, #124 ) ;
#2080 = EDGE_LOOP ( 'NONE', ( #93, #1614, #2352, #4066, #4003, #3956, #3485, #3098, #2926, #3197, #2331, #3256, #2559, #3951, #252, #1647, #3880, #3411, #3530, #3202, #1280, #3574, #2139, #3971, #131, #1389, #107, #2815 ) ) ;
#2081 = DIRECTION ( 'NONE',  ( 0.000000000000000000, 0.000000000000000000, -1.000000000000000000 ) ) ;
#2082 = CIRCLE ( 'NONE', #1205, 2.200000000000121858 ) ;
#2083 = ORIENTED_EDGE ( 'NONE', *, *, #2649, .F. ) ;
#2084 = CARTESIAN_POINT ( 'NONE',  ( -7.050396002144805330, -91.97996640109978728, -36.89800107316462885 ) ) ;
#2085 = DIRECTION ( 'NONE',  ( 0.000000000000000000, -1.000000000000000000, 0.000000000000000000 ) ) ;
#2086 = ORIENTED_EDGE ( 'NONE', *, *, #992, .T. ) ;
#2087 = EDGE_CURVE ( 'NONE', #756, #3649, #166, .T. ) ;
#2088 = ORIENTED_EDGE ( 'NONE', *, *, #1653, .F. ) ;
#2089 = DIRECTION ( 'NONE',  ( 1.000000000000000000, -0.000000000000000000, 1.084912616036924266E-16 ) ) ;
#2090 = DIRECTION ( 'NONE',  ( -1.000000000000000000, -0.000000000000000000, -1.084912616036924389E-16 ) ) ;
#2091 = CIRCLE ( 'NONE', #280, 5.809401076758479832 ) ;
#2092 = ORIENTED_EDGE ( 'NONE', *, *, #1018, .F. ) ;
#2093 = LINE ( 'NONE', #1816, #3566 ) ;
#2094 = CARTESIAN_POINT ( 'NONE',  ( -51.99125349370238069, -113.0299999999999017, -34.68655845227625178 ) ) ;
#2095 = ORIENTED_EDGE ( 'NONE', *, *, #3106, .F. ) ;
#2096 = EDGE_CURVE ( 'NONE', #3871, #3833, #2938, .T. ) ;
#2097 = DIRECTION ( 'NONE',  ( 0.000000000000000000, 0.000000000000000000, -1.000000000000000000 ) ) ;
#2098 = CARTESIAN_POINT ( 'NONE',  ( 0.000000000000000000, -169.4319999999999879, 0.000000000000000000 ) ) ;
#2099 = ORIENTED_EDGE ( 'NONE', *, *, #2184, .F. ) ;
#2100 = VECTOR ( 'NONE', #174, 1000.000000000000227 ) ;
#2101 = CARTESIAN_POINT ( 'NONE',  ( -11.05039600214481155, -154.3513605428498181, 6.858330662837491154 ) ) ;
#2102 = ORIENTED_EDGE ( 'NONE', *, *, #151, .T. ) ;
#2103 = CARTESIAN_POINT ( 'NONE',  ( -8.510396002144819505, -159.7331740654040004, 44.44999999999999574 ) ) ;
#2104 = FACE_OUTER_BOUND ( 'NONE', #2055, .T. ) ;
#2105 = ORIENTED_EDGE ( 'NONE', *, *, #3522, .T. ) ;
#2106 = CIRCLE ( 'NONE', #3757, 3.810000000000000941 ) ;
#2107 = EDGE_CURVE ( 'NONE', #973, #717, #4028, .T. ) ;
#2108 = ORIENTED_EDGE ( 'NONE', *, *, #3651, .F. ) ;
#2109 = DIRECTION ( 'NONE',  ( -0.4067366430758013740, 0.000000000000000000, -0.9135454576426003115 ) ) ;
#2110 = CARTESIAN_POINT ( 'NONE',  ( -7.050396002144808882, -91.97996640109978728, -18.39800107316462530 ) ) ;
#2111 = AXIS2_PLACEMENT_3D ( 'NONE', #2300, #733, #1394 ) ;
#2112 = AXIS2_PLACEMENT_3D ( 'NONE', #3239, #2576, #3839 ) ;
#2113 = DIRECTION ( 'NONE',  ( -0.000000000000000000, -1.000000000000000000, -0.000000000000000000 ) ) ;
#2114 = FACE_OUTER_BOUND ( 'NONE', #3308, .T. ) ;
#2115 = ORIENTED_EDGE ( 'NONE', *, *, #2247, .T. ) ;
#2116 = DIRECTION ( 'NONE',  ( 0.000000000000000000, 0.000000000000000000, 1.000000000000000000 ) ) ;
#2117 = CARTESIAN_POINT ( 'NONE',  ( -16.05039600214481155, -97.24345894318669536, 38.82598993040861046 ) ) ;
#2118 = CARTESIAN_POINT ( 'NONE',  ( -10.75292507666585529, -87.63000000000000966, -21.98946353486843108 ) ) ;
#2119 = ORIENTED_EDGE ( 'NONE', *, *, #1896, .T. ) ;
#2120 = CARTESIAN_POINT ( 'NONE',  ( -11.05039600214481688, -151.5312676697384404, 41.90999999999999659 ) ) ;
#2121 = CARTESIAN_POINT ( 'NONE',  ( 0.000000000000000000, -113.0299999999999017, 0.000000000000000000 ) ) ;
#2122 = EDGE_LOOP ( 'NONE', ( #2419, #2102, #2144, #491 ) ) ;
#2123 = VERTEX_POINT ( 'NONE', #2051 ) ;
#2124 = DIRECTION ( 'NONE',  ( -1.000000000000000000, 0.000000000000000000, -1.241749088029210621E-16 ) ) ;
#2125 = DIRECTION ( 'NONE',  ( -1.000000000000000000, 0.000000000000000000, -0.000000000000000000 ) ) ;
#2126 = AXIS2_PLACEMENT_3D ( 'NONE', #1813, #2163, #3439 ) ;
#2127 = FACE_OUTER_BOUND ( 'NONE', #3299, .T. ) ;
#2128 = FACE_OUTER_BOUND ( 'NONE', #2019, .T. ) ;
#2129 = CARTESIAN_POINT ( 'NONE',  ( -63.11502857761197305, -133.3499999999999943, -28.10062119682093140 ) ) ;
#2130 = CIRCLE ( 'NONE', #729, 62.36666781104819535 ) ;
#2131 = VERTEX_POINT ( 'NONE', #3313 ) ;
#2132 = CARTESIAN_POINT ( 'NONE',  ( 0.000000000000000000, 12.69999999999999929, 0.000000000000000000 ) ) ;
#2133 = DIRECTION ( 'NONE',  ( 1.000000000000000000, 0.000000000000000000, 0.000000000000000000 ) ) ;
#2134 = DIRECTION ( 'NONE',  ( 0.7431448254773953543, 0.000000000000000000, -0.6691306063588570163 ) ) ;
#2135 = ORIENTED_EDGE ( 'NONE', *, *, #2649, .T. ) ;
#2136 = AXIS2_PLACEMENT_3D ( 'NONE', #3371, #3926, #805 ) ;
#2137 = CARTESIAN_POINT ( 'NONE',  ( -7.050396002144810659, -97.24345894318669536, 36.62598993040849393 ) ) ;
#2138 = CARTESIAN_POINT ( 'NONE',  ( -15.05039600214480622, -91.97996640109978728, -38.39800107316462885 ) ) ;
#2139 = ORIENTED_EDGE ( 'NONE', *, *, #1511, .F. ) ;
#2140 = DIRECTION ( 'NONE',  ( 0.000000000000000000, 0.000000000000000000, -1.000000000000000000 ) ) ;
#2141 = VECTOR ( 'NONE', #4059, 1000.000000000000000 ) ;
#2142 = ORIENTED_EDGE ( 'NONE', *, *, #3035, .T. ) ;
#2143 = AXIS2_PLACEMENT_3D ( 'NONE', #3702, #848, #2124 ) ;
#2144 = ORIENTED_EDGE ( 'NONE', *, *, #2369, .F. ) ;
#2145 = CARTESIAN_POINT ( 'NONE',  ( -53.87537371859584567, 12.69999999999999929, -44.45746963876409552 ) ) ;
#2146 = LINE ( 'NONE', #2518, #3456 ) ;
#2147 = CIRCLE ( 'NONE', #3538, 3.810000000000000941 ) ;
#2148 = ADVANCED_FACE ( 'NONE', ( #706 ), #3935, .F. ) ;
#2149 = DIRECTION ( 'NONE',  ( 0.000000000000000000, 0.000000000000000000, -1.000000000000000000 ) ) ;
#2150 = DIRECTION ( 'NONE',  ( -1.241749088029210621E-16, 0.000000000000000000, 1.000000000000000000 ) ) ;
#2151 = DIRECTION ( 'NONE',  ( 1.000000000000000000, 0.000000000000000000, 0.000000000000000000 ) ) ;
#2152 = ORIENTED_EDGE ( 'NONE', *, *, #2504, .T. ) ;
#2153 = DIRECTION ( 'NONE',  ( 0.000000000000000000, 0.000000000000000000, 1.000000000000000000 ) ) ;
#2154 = CARTESIAN_POINT ( 'NONE',  ( -9.153385486172302521, -87.62999999999999545, -16.55926140669449609 ) ) ;
#2155 = ORIENTED_EDGE ( 'NONE', *, *, #542, .F. ) ;
#2156 = AXIS2_PLACEMENT_3D ( 'NONE', #3675, #1049, #1090 ) ;
#2157 = CARTESIAN_POINT ( 'NONE',  ( -69.85099999999999909, -154.3513605428498181, 6.858330662837484049 ) ) ;
#2158 = DIRECTION ( 'NONE',  ( 0.000000000000000000, 0.000000000000000000, -1.000000000000000000 ) ) ;
#2159 = ORIENTED_EDGE ( 'NONE', *, *, #3346, .T. ) ;
#2160 = CARTESIAN_POINT ( 'NONE',  ( -11.05039600214480977, -124.1868480519726319, -18.16649710364792014 ) ) ;
#2161 = ORIENTED_EDGE ( 'NONE', *, *, #3453, .F. ) ;
#2162 = PLANE ( 'NONE',  #873 ) ;
#2163 = DIRECTION ( 'NONE',  ( 1.000000000000000000, 0.000000000000000000, 1.241749088029210621E-16 ) ) ;
#2164 = VECTOR ( 'NONE', #3870, 1000.000000000000000 ) ;
#2165 = EDGE_CURVE ( 'NONE', #3020, #281, #1727, .T. ) ;
#2166 = CIRCLE ( 'NONE', #561, 3.700000000000026379 ) ;
#2167 = FACE_OUTER_BOUND ( 'NONE', #390, .T. ) ;
#2169 = AXIS2_PLACEMENT_3D ( 'NONE', #555, #3779, #1245 ) ;
#2168 = DIRECTION ( 'NONE',  ( -1.000000000000000000, 0.000000000000000000, 0.000000000000000000 ) ) ;
#2170 = CARTESIAN_POINT ( 'NONE',  ( -41.43015122905378433, -133.3499999999999943, 36.52291835461308267 ) ) ;
#2171 = AXIS2_PLACEMENT_3D ( 'NONE', #851, #2403, #2150 ) ;
#2172 = VERTEX_POINT ( 'NONE', #1666 ) ;
#2173 = EDGE_CURVE ( 'NONE', #1244, #1640, #1232, .T. ) ;
#2174 = DIRECTION ( 'NONE',  ( 0.000000000000000000, 0.000000000000000000, 1.000000000000000000 ) ) ;
#2175 = DIRECTION ( 'NONE',  ( -0.000000000000000000, 1.000000000000000000, -0.000000000000000000 ) ) ;
#2176 = EDGE_CURVE ( 'NONE', #344, #2898, #3228, .T. ) ;
#2177 = VECTOR ( 'NONE', #3199, 1000.000000000000114 ) ;
#2178 = ORIENTED_EDGE ( 'NONE', *, *, #462, .T. ) ;
#2179 = CARTESIAN_POINT ( 'NONE',  ( -7.050396002144915464, -91.97996640109978728, -38.39800107316462885 ) ) ;
#2180 = LINE ( 'NONE', #198, #4054 ) ;
#2181 = ORIENTED_EDGE ( 'NONE', *, *, #614, .F. ) ;
#2182 = CARTESIAN_POINT ( 'NONE',  ( -54.86399999999999721, -133.3499999999999943, 1.033556650101150257E-14 ) ) ;
#2183 = ORIENTED_EDGE ( 'NONE', *, *, #593, .T. ) ;
#2184 = EDGE_CURVE ( 'NONE', #3138, #1563, #3560, .T. ) ;
#2185 = FACE_OUTER_BOUND ( 'NONE', #2030, .T. ) ;
#2186 = CARTESIAN_POINT ( 'NONE',  ( -7.050396002144810659, -124.1868480519726319, -20.47589818040647813 ) ) ;
#2187 = CIRCLE ( 'NONE', #1792, 1.500000000000001332 ) ;
#2188 = FACE_OUTER_BOUND ( 'NONE', #2384, .T. ) ;
#2189 = LINE ( 'NONE', #286, #3555 ) ;
#2190 = CARTESIAN_POINT ( 'NONE',  ( -10.81012782545264272, -108.6632435383106952, -43.01744214253312037 ) ) ;
#2191 = ORIENTED_EDGE ( 'NONE', *, *, #1439, .F. ) ;
#2192 = DIRECTION ( 'NONE',  ( -0.000000000000000000, 1.000000000000000000, -0.000000000000000000 ) ) ;
#2193 = CARTESIAN_POINT ( 'NONE',  ( -8.644014404209290348, -159.7331740654040004, 59.69000000000004036 ) ) ;
#2194 = EDGE_CURVE ( 'NONE', #191, #1041, #138, .T. ) ;
#2195 = CARTESIAN_POINT ( 'NONE',  ( -11.05039600214481155, -154.3513605428498181, -6.858330662837495595 ) ) ;
#2196 = EDGE_CURVE ( 'NONE', #419, #2417, #3272, .T. ) ;
#2197 = ORIENTED_EDGE ( 'NONE', *, *, #3590, .F. ) ;
#2198 = LINE ( 'NONE', #943, #3003 ) ;
#2199 = CARTESIAN_POINT ( 'NONE',  ( -26.61408714213629167, -169.4319999999999879, 53.55235401931967942 ) ) ;
#2200 = EDGE_LOOP ( 'NONE', ( #79, #599 ) ) ;
#2201 = DIRECTION ( 'NONE',  ( -0.9135454576426005335, 0.000000000000000000, 0.4067366430758010409 ) ) ;
#2202 = VECTOR ( 'NONE', #2308, 1000.000000000000000 ) ;
#2203 = ORIENTED_EDGE ( 'NONE', *, *, #284, .F. ) ;
#2204 = EDGE_CURVE ( 'NONE', #1086, #659, #3893, .T. ) ;
#2205 = CARTESIAN_POINT ( 'NONE',  ( -11.05039600214481865, -87.62999999999998124, 41.90999999999999659 ) ) ;
#2206 = LINE ( 'NONE', #2475, #526 ) ;
#2207 = VECTOR ( 'NONE', #4036, 1000.000000000000000 ) ;
#2208 = CARTESIAN_POINT ( 'NONE',  ( -7.050396002144810659, -97.24345894318669536, 13.87598993040837669 ) ) ;
#2209 = AXIS2_PLACEMENT_3D ( 'NONE', #4063, #2463, #2817 ) ;
#2210 = LINE ( 'NONE', #2564, #2973 ) ;
#2211 = CARTESIAN_POINT ( 'NONE',  ( -20.08647081916206290, -99.04046254401986005, -2.179206560336645595E-15 ) ) ;
#2212 = ORIENTED_EDGE ( 'NONE', *, *, #3563, .T. ) ;
#2213 = DIRECTION ( 'NONE',  ( -0.000000000000000000, -1.000000000000000000, -0.000000000000000000 ) ) ;
#2214 = DIRECTION ( 'NONE',  ( 0.000000000000000000, 0.000000000000000000, -1.000000000000000000 ) ) ;
#2215 = EDGE_CURVE ( 'NONE', #1920, #3330, #3229, .T. ) ;
#2216 = VECTOR ( 'NONE', #3210, 1000.000000000000000 ) ;
#2217 = ORIENTED_EDGE ( 'NONE', *, *, #3401, .T. ) ;
#2218 = DIRECTION ( 'NONE',  ( -0.8660254037844355990, 6.123233995736830131E-17, -0.5000000000000052180 ) ) ;
#2219 = DIRECTION ( 'NONE',  ( -1.000000000000000000, 0.000000000000000000, 0.000000000000000000 ) ) ;
#2220 = ORIENTED_EDGE ( 'NONE', *, *, #1223, .F. ) ;
#2221 = CARTESIAN_POINT ( 'NONE',  ( -46.22889533212070035, -133.3499999999999943, 51.34238970258229529 ) ) ;
#2222 = VECTOR ( 'NONE', #1177, 1000.000000000000114 ) ;
#2223 = EDGE_LOOP ( 'NONE', ( #2885, #3670, #4121, #3618, #2099, #1096 ) ) ;
#2224 = DIRECTION ( 'NONE',  ( 0.000000000000000000, 0.000000000000000000, -1.000000000000000000 ) ) ;
#2225 = CARTESIAN_POINT ( 'NONE',  ( -48.44446842318032509, 25.77737000652124877, 39.27766201098430798 ) ) ;
#2226 = EDGE_CURVE ( 'NONE', #2974, #2262, #101, .T. ) ;
#2227 = CIRCLE ( 'NONE', #433, 69.84999999999999432 ) ;
#2228 = VERTEX_POINT ( 'NONE', #418 ) ;
#2229 = EDGE_CURVE ( 'NONE', #736, #3533, #1370, .T. ) ;
#2230 = PLANE ( 'NONE',  #2305 ) ;
#2231 = CYLINDRICAL_SURFACE ( 'NONE', #1968, 2.200000000000017941 ) ;
#2232 = EDGE_LOOP ( 'NONE', ( #1312, #2461, #453, #1019, #3978, #2588 ) ) ;
#2233 = VECTOR ( 'NONE', #438, 1000.000000000000000 ) ;
#2234 = CARTESIAN_POINT ( 'NONE',  ( -10.51898950834860358, -89.82898825737596837, -43.46643208865516073 ) ) ;
#2235 = LINE ( 'NONE', #1924, #1020 ) ;
#2236 = ORIENTED_EDGE ( 'NONE', *, *, #2876, .F. ) ;
#2237 = EDGE_CURVE ( 'NONE', #3545, #2915, #2673, .T. ) ;
#2238 = LINE ( 'NONE', #1910, #3328 ) ;
#2239 = EDGE_LOOP ( 'NONE', ( #2178, #707 ) ) ;
#2240 = CARTESIAN_POINT ( 'NONE',  ( -7.050396002144806218, -111.9799664010997873, -34.89800107316461464 ) ) ;
#2241 = VERTEX_POINT ( 'NONE', #239 ) ;
#2242 = LINE ( 'NONE', #1931, #2336 ) ;
#2243 = DIRECTION ( 'NONE',  ( -0.9135454576426005335, -0.000000000000000000, -0.4067366430758008189 ) ) ;
#2244 = ORIENTED_EDGE ( 'NONE', *, *, #2982, .F. ) ;
#2245 = ORIENTED_EDGE ( 'NONE', *, *, #4035, .T. ) ;
#2246 = DIRECTION ( 'NONE',  ( -0.000000000000000000, -1.000000000000000000, -0.000000000000000000 ) ) ;
#2247 = EDGE_CURVE ( 'NONE', #600, #2259, #3333, .T. ) ;
#2248 = EDGE_LOOP ( 'NONE', ( #3561, #1367, #3905, #714, #3214, #2755, #386, #238, #1036, #1601, #3895, #2317, #2951, #3843, #936, #459, #1286 ) ) ;
#2249 = ADVANCED_FACE ( 'NONE', ( #1575 ), #2514, .T. ) ;
#2250 = CARTESIAN_POINT ( 'NONE',  ( -26.61408714213629167, 25.77737000652124877, 35.77235401931968539 ) ) ;
#2251 = CARTESIAN_POINT ( 'NONE',  ( -7.050396002144810659, -153.3968480519725688, -35.40703493043132966 ) ) ;
#2252 = ORIENTED_EDGE ( 'NONE', *, *, #2405, .T. ) ;
#2253 = PRODUCT_DEFINITION_CONTEXT ( 'detailed design', #2772, 'design' ) ;
#2254 = VERTEX_POINT ( 'NONE', #1510 ) ;
#2255 = CARTESIAN_POINT ( 'NONE',  ( -16.05039600214481155, -97.24345894318669536, 38.82598993040861046 ) ) ;
#2256 = ORIENTED_EDGE ( 'NONE', *, *, #734, .F. ) ;
#2257 = DIRECTION ( 'NONE',  ( -0.6691306063588567943, -0.000000000000000000, 0.7431448254773954654 ) ) ;
#2258 = AXIS2_PLACEMENT_3D ( 'NONE', #4113, #317, #2532 ) ;
#2259 = VERTEX_POINT ( 'NONE', #2160 ) ;
#2260 = DIRECTION ( 'NONE',  ( 0.000000000000000000, 0.000000000000000000, 1.000000000000000000 ) ) ;
#2261 = CARTESIAN_POINT ( 'NONE',  ( -7.050396002144809771, -111.9799664010997873, -14.89800107316461464 ) ) ;
#2262 = VERTEX_POINT ( 'NONE', #479 ) ;
#2263 = EDGE_CURVE ( 'NONE', #3185, #659, #908, .T. ) ;
#2264 = APPLICATION_CONTEXT ( 'automotive_design' ) ;
#2265 = ORIENTED_EDGE ( 'NONE', *, *, #3522, .F. ) ;
#2266 = FACE_BOUND ( 'NONE', #1306, .T. ) ;
#2267 = DIRECTION ( 'NONE',  ( 0.000000000000000000, 1.000000000000000000, 0.000000000000000000 ) ) ;
#2268 = AXIS2_PLACEMENT_3D ( 'NONE', #2927, #3822, #718 ) ;
#2269 = DIRECTION ( 'NONE',  ( 0.000000000000000000, 1.000000000000000000, 0.000000000000000000 ) ) ;
#2270 = ORIENTED_EDGE ( 'NONE', *, *, #1091, .T. ) ;
#2271 = EDGE_CURVE ( 'NONE', #2826, #3708, #170, .T. ) ;
#2272 = DIRECTION ( 'NONE',  ( -0.000000000000000000, 1.000000000000000000, -0.000000000000000000 ) ) ;
#2273 = AXIS2_PLACEMENT_3D ( 'NONE', #3131, #2133, #1863 ) ;
#2274 = ORIENTED_EDGE ( 'NONE', *, *, #939, .F. ) ;
#2275 = EDGE_CURVE ( 'NONE', #1282, #143, #927, .T. ) ;
#2276 = EDGE_CURVE ( 'NONE', #818, #3353, #3370, .T. ) ;
#2277 = ORIENTED_EDGE ( 'NONE', *, *, #1564, .F. ) ;
#2278 = DIRECTION ( 'NONE',  ( 0.000000000000000000, 0.000000000000000000, -1.000000000000000000 ) ) ;
#2279 = ORIENTED_EDGE ( 'NONE', *, *, #1864, .T. ) ;
#2280 = CARTESIAN_POINT ( 'NONE',  ( -16.05039600214481155, -154.3934589431867153, 15.37598993040836426 ) ) ;
#2281 = AXIS2_PLACEMENT_3D ( 'NONE', #2457, #244, #893 ) ;
#2282 = EDGE_CURVE ( 'NONE', #2640, #4081, #902, .T. ) ;
#2283 = ORIENTED_EDGE ( 'NONE', *, *, #1896, .F. ) ;
#2284 = DIRECTION ( 'NONE',  ( -0.000000000000000000, 1.000000000000000000, -0.000000000000000000 ) ) ;
#2285 = CARTESIAN_POINT ( 'NONE',  ( -7.050396002144806218, -91.97996640109978728, -34.89800107316461464 ) ) ;
#2286 = EDGE_LOOP ( 'NONE', ( #3046, #2256 ) ) ;
#2287 = EDGE_LOOP ( 'NONE', ( #2012, #3432 ) ) ;
#2288 = CARTESIAN_POINT ( 'NONE',  ( -9.894469747310822072, -87.63000000000000966, -41.14942994000060850 ) ) ;
#2289 = CARTESIAN_POINT ( 'NONE',  ( -4.666286167692962117, -159.7331740654040004, 44.45000000000000284 ) ) ;
#2290 = VECTOR ( 'NONE', #2257, 1000.000000000000114 ) ;
#2291 = DIRECTION ( 'NONE',  ( -0.8660254037844355990, 6.123233995736830131E-17, -0.5000000000000052180 ) ) ;
#2292 = VECTOR ( 'NONE', #2945, 1000.000000000000114 ) ;
#2293 = ORIENTED_EDGE ( 'NONE', *, *, #614, .T. ) ;
#2294 = EDGE_CURVE ( 'NONE', #2439, #343, #3963, .T. ) ;
#2295 = AXIS2_PLACEMENT_3D ( 'NONE', #815, #2479, #165 ) ;
#2296 = CARTESIAN_POINT ( 'NONE',  ( -10.95961960632159737, -97.24345894318669536, 42.58298123060252749 ) ) ;
#2297 = DIRECTION ( 'NONE',  ( -0.000000000000000000, -1.000000000000000000, -0.000000000000000000 ) ) ;
#2298 = ORIENTED_EDGE ( 'NONE', *, *, #3563, .F. ) ;
#2299 = AXIS2_PLACEMENT_3D ( 'NONE', #1253, #3849, #3463 ) ;
#2300 = CARTESIAN_POINT ( 'NONE',  ( -11.05039600214480799, -124.1868480519726319, -24.17589818040650229 ) ) ;
#2301 = DIRECTION ( 'NONE',  ( -0.000000000000000000, 0.000000000000000000, 1.000000000000000000 ) ) ;
#2302 = ORIENTED_EDGE ( 'NONE', *, *, #559, .T. ) ;
#2303 = CIRCLE ( 'NONE', #2708, 2.200000000000121858 ) ;
#2304 = DIRECTION ( 'NONE',  ( -1.000000000000000000, 0.000000000000000000, 0.000000000000000000 ) ) ;
#2305 = AXIS2_PLACEMENT_3D ( 'NONE', #1859, #3482, #606 ) ;
#2306 = EDGE_CURVE ( 'NONE', #2254, #3551, #2784, .T. ) ;
#2307 = ORIENTED_EDGE ( 'NONE', *, *, #3240, .T. ) ;
#2308 = DIRECTION ( 'NONE',  ( 1.241749088029210621E-16, 0.000000000000000000, -1.000000000000000000 ) ) ;
#2309 = CARTESIAN_POINT ( 'NONE',  ( 0.000000000000000000, -169.4319999999999595, 54.60999999999999943 ) ) ;
#2310 = ORIENTED_EDGE ( 'NONE', *, *, #3689, .T. ) ;
#2311 = ORIENTED_EDGE ( 'NONE', *, *, #2173, .T. ) ;
#2312 = CONICAL_SURFACE ( 'NONE', #3241, 3.700000000000120082, 0.5235987755983053660 ) ;
#2313 = CARTESIAN_POINT ( 'NONE',  ( -34.81924231411542081, -169.4319999999999879, 51.54587070405882798 ) ) ;
#2314 = CARTESIAN_POINT ( 'NONE',  ( 8.171543583002319977, -254.0000000000000000, -54.60999999999998522 ) ) ;
#2315 =( NAMED_UNIT ( * ) SI_UNIT ( $, .STERADIAN. ) SOLID_ANGLE_UNIT ( ) );
#2316 = DIRECTION ( 'NONE',  ( 0.000000000000000000, 0.000000000000000000, 1.000000000000000000 ) ) ;
#2317 = ORIENTED_EDGE ( 'NONE', *, *, #3460, .T. ) ;
#2318 = DIRECTION ( 'NONE',  ( -0.6691306063588570163, -0.000000000000000000, -0.7431448254773954654 ) ) ;
#2319 = CARTESIAN_POINT ( 'NONE',  ( -41.22156872694262120, -133.3499999999999943, 45.78119010903433406 ) ) ;
#2320 = ORIENTED_EDGE ( 'NONE', *, *, #1539, .F. ) ;
#2321 = DIRECTION ( 'NONE',  ( -0.8660254037844353769, 6.123233995736832596E-17, -0.5000000000000054401 ) ) ;
#2322 = CARTESIAN_POINT ( 'NONE',  ( -10.98724360659969257, -155.6259021675573990, 42.47564256727931564 ) ) ;
#2323 = VERTEX_POINT ( 'NONE', #1748 ) ;
#2324 = CARTESIAN_POINT ( 'NONE',  ( -7.050396002144899477, -91.97996640109978728, -21.89800107316463595 ) ) ;
#2325 = EDGE_CURVE ( 'NONE', #1041, #15, #161, .T. ) ;
#2326 = EDGE_LOOP ( 'NONE', ( #1753, #579, #499, #3129 ) ) ;
#2327 = CARTESIAN_POINT ( 'NONE',  ( -15.05039600214480977, -111.9799664010997873, -16.89800107316462174 ) ) ;
#2328 = FACE_OUTER_BOUND ( 'NONE', #2839, .T. ) ;
#2329 = ORIENTED_EDGE ( 'NONE', *, *, #2184, .T. ) ;
#2330 = CIRCLE ( 'NONE', #1264, 2.200000000000118305 ) ;
#2331 = ORIENTED_EDGE ( 'NONE', *, *, #3642, .T. ) ;
#2332 = DIRECTION ( 'NONE',  ( 0.000000000000000000, 0.000000000000000000, 1.000000000000000000 ) ) ;
#2333 = DIRECTION ( 'NONE',  ( 0.000000000000000000, 0.000000000000000000, -1.000000000000000000 ) ) ;
#2334 = DIRECTION ( 'NONE',  ( -1.000000000000000000, 0.000000000000000000, 2.375519994490664161E-16 ) ) ;
#2335 = EDGE_LOOP ( 'NONE', ( #1571, #3363 ) ) ;
#2336 = VECTOR ( 'NONE', #3841, 1000.000000000000114 ) ;
#2337 = CARTESIAN_POINT ( 'NONE',  ( -7.050396002144808882, -111.9799664010997873, -18.39800107316462530 ) ) ;
#2338 = ADVANCED_FACE ( 'NONE', ( #1553, #257 ), #4094, .F. ) ;
#2339 = DIRECTION ( 'NONE',  ( 0.000000000000000000, 0.000000000000000000, -1.000000000000000000 ) ) ;
#2340 = CIRCLE ( 'NONE', #2077, 3.700000000000120082 ) ;
#2341 = ORIENTED_EDGE ( 'NONE', *, *, #151, .F. ) ;
#2342 = CONICAL_SURFACE ( 'NONE', #4000, 3.700000000000015721, 0.5235987755983055880 ) ;
#2343 = DIRECTION ( 'NONE',  ( 0.000000000000000000, 0.000000000000000000, 1.000000000000000000 ) ) ;
#2344 = FILL_AREA_STYLE_COLOUR ( '', #1476 ) ;
#2345 = AXIS2_PLACEMENT_3D ( 'NONE', #1922, #1624, #378 ) ;
#2346 = FACE_BOUND ( 'NONE', #2286, .T. ) ;
#2347 = ADVANCED_FACE ( 'NONE', ( #1892 ), #3161, .F. ) ;
#2348 = ORIENTED_EDGE ( 'NONE', *, *, #1042, .F. ) ;
#2349 = CARTESIAN_POINT ( 'NONE',  ( -10.42189422476943506, -113.6948038900677034, -43.58516596411310218 ) ) ;
#2350 = PLANE ( 'NONE',  #3972 ) ;
#2351 = ORIENTED_EDGE ( 'NONE', *, *, #145, .F. ) ;
#2352 = ORIENTED_EDGE ( 'NONE', *, *, #1154, .F. ) ;
#2353 = DIRECTION ( 'NONE',  ( 0.4067366430758009854, 0.000000000000000000, -0.9135454576426004225 ) ) ;
#2354 = DIRECTION ( 'NONE',  ( 1.000000000000000000, 0.000000000000000000, 1.241749088029210621E-16 ) ) ;
#2355 = CARTESIAN_POINT ( 'NONE',  ( -15.05039600214480977, -91.97996640109978728, -19.89800107316462530 ) ) ;
#2356 = ORIENTED_EDGE ( 'NONE', *, *, #362, .T. ) ;
#2357 = EDGE_CURVE ( 'NONE', #77, #2123, #36, .T. ) ;
#2358 = AXIS2_PLACEMENT_3D ( 'NONE', #3487, #3192, #2529 ) ;
#2359 = CARTESIAN_POINT ( 'NONE',  ( -61.60466781104819489, -133.3499999999999943, 1.335756494901693491E-14 ) ) ;
#2360 = CARTESIAN_POINT ( 'NONE',  ( -7.050396002144810659, -124.1868480519726319, -24.17589818040650229 ) ) ;
#2361 = EDGE_LOOP ( 'NONE', ( #782, #1526, #1597, #1272 ) ) ;
#2362 = VECTOR ( 'NONE', #3537, 1000.000000000000000 ) ;
#2363 = PLANE ( 'NONE',  #3036 ) ;
#2364 = SURFACE_SIDE_STYLE ('',( #448 ) ) ;
#2365 = VERTEX_POINT ( 'NONE', #4115 ) ;
#2366 = DIRECTION ( 'NONE',  ( 0.000000000000000000, 0.000000000000000000, 1.000000000000000000 ) ) ;
#2367 = VECTOR ( 'NONE', #2960, 1000.000000000000000 ) ;
#2368 = EDGE_CURVE ( 'NONE', #827, #1870, #3170, .T. ) ;
#2369 = EDGE_CURVE ( 'NONE', #2909, #1086, #3437, .T. ) ;
#2370 = ORIENTED_EDGE ( 'NONE', *, *, #1027, .F. ) ;
#2371 = AXIS2_PLACEMENT_3D ( 'NONE', #2849, #2201, #1221 ) ;
#2372 = DIRECTION ( 'NONE',  ( 2.478176394252574238E-16, 0.000000000000000000, -1.000000000000000000 ) ) ;
#2373 = CYLINDRICAL_SURFACE ( 'NONE', #2904, 69.84999999999999432 ) ;
#2374 = ORIENTED_EDGE ( 'NONE', *, *, #716, .T. ) ;
#2375 = ORIENTED_EDGE ( 'NONE', *, *, #1015, .F. ) ;
#2376 = CARTESIAN_POINT ( 'NONE',  ( -15.05039600214480622, -111.9799664010997873, -38.39800107316462885 ) ) ;
#2377 = CARTESIAN_POINT ( 'NONE',  ( -61.60466781104819489, 25.77737000652124877, -9.719370233921409863 ) ) ;
#2378 = EDGE_CURVE ( 'NONE', #3994, #1173, #572, .T. ) ;
#2379 = ADVANCED_FACE ( 'NONE', ( #3412, #4049 ), #672, .T. ) ;
#2380 = CARTESIAN_POINT ( 'NONE',  ( -11.05039600214480622, -111.9799664010997873, -38.39800107316462885 ) ) ;
#2381 = VERTEX_POINT ( 'NONE', #2554 ) ;
#2382 = CARTESIAN_POINT ( 'NONE',  ( -36.71118158727232839, -133.3499999999999943, -40.77189770499181520 ) ) ;
#2383 = LINE ( 'NONE', #142, #3069 ) ;
#2384 = EDGE_LOOP ( 'NONE', ( #3716, #3840, #2105, #698 ) ) ;
#2385 = B_SPLINE_CURVE_WITH_KNOTS ( 'NONE', 3,
 ( #426, #3304, #449, #1718, #1193, #2154, #1237, #3132, #2779, #3469, #3773, #613, #921, #3072, #1523, #2760, #2507, #212, #2464, #1821, #2118, #232 ),
 .UNSPECIFIED., .F., .F.,
 ( 4, 2, 2, 2, 2, 2, 2, 2, 2, 2, 4 ),
 ( 0.000000000000000000, 0.001184901771079046673, 0.002369803542158089877, 0.003554705313237124624, 0.004147156198776636576, 0.004739607084316148529, 0.005332057969855660481, 0.005924508855395172434, 0.007109410626474194604, 0.008294312397553219376, 0.009479214168632241547 ),
 .UNSPECIFIED. ) ;
#2386 = EDGE_CURVE ( 'NONE', #3020, #143, #2501, .T. ) ;
#2387 = CARTESIAN_POINT ( 'NONE',  ( 0.000000000000000000, -87.62999999999998124, -46.98999999999999488 ) ) ;
#2388 =( LENGTH_UNIT ( ) NAMED_UNIT ( * ) SI_UNIT ( .MILLI., .METRE. ) );
#2389 = ORIENTED_EDGE ( 'NONE', *, *, #3317, .T. ) ;
#2390 = CYLINDRICAL_SURFACE ( 'NONE', #3883, 2.200000000000121858 ) ;
#2391 = CONICAL_SURFACE ( 'NONE', #977, 3.700000000000026379, 0.5235987755983039227 ) ;
#2392 = ORIENTED_EDGE ( 'NONE', *, *, #61, .T. ) ;
#2393 = CARTESIAN_POINT ( 'NONE',  ( -10.97609535061642383, -153.4008157009960769, 42.52985127779580665 ) ) ;
#2394 = CARTESIAN_POINT ( 'NONE',  ( -11.05039600214481510, -97.24345894318669536, 30.61658885364985139 ) ) ;
#2395 = VERTEX_POINT ( 'NONE', #28 ) ;
#2396 = ORIENTED_EDGE ( 'NONE', *, *, #1334, .F. ) ;
#2397 = CARTESIAN_POINT ( 'NONE',  ( -10.95961960632159737, -97.24345894318669536, 42.58298123060252749 ) ) ;
#2398 = FACE_OUTER_BOUND ( 'NONE', #2122, .T. ) ;
#2399 = EDGE_CURVE ( 'NONE', #1762, #3408, #4097, .T. ) ;
#2400 = CARTESIAN_POINT ( 'NONE',  ( -16.05039600214481155, -97.24345894318669536, 36.62598993040849393 ) ) ;
#2401 = ORIENTED_EDGE ( 'NONE', *, *, #2950, .T. ) ;
#2402 = CONICAL_SURFACE ( 'NONE', #658, 3.700000000000112976, 0.5235987755983051439 ) ;
#2403 = DIRECTION ( 'NONE',  ( -1.000000000000000000, 0.000000000000000000, -1.241749088029210621E-16 ) ) ;
#2404 = CARTESIAN_POINT ( 'NONE',  ( -7.050396002144810659, -153.3968480519725688, -31.70703493043131616 ) ) ;
#2405 = EDGE_CURVE ( 'NONE', #2228, #3818, #2303, .T. ) ;
#2406 = ORIENTED_EDGE ( 'NONE', *, *, #2096, .F. ) ;
#2407 = AXIS2_PLACEMENT_3D ( 'NONE', #2792, #525, #207 ) ;
#2408 = DIRECTION ( 'NONE',  ( -1.000000000000000000, 0.000000000000000000, 0.000000000000000000 ) ) ;
#2409 = FACE_OUTER_BOUND ( 'NONE', #321, .T. ) ;
#2410 = ADVANCED_FACE ( 'NONE', ( #2535 ), #51, .F. ) ;
#2411 = LINE ( 'NONE', #2324, #2100 ) ;
#2412 = CIRCLE ( 'NONE', #2466, 6.009401076758638993 ) ;
#2413 = EDGE_CURVE ( 'NONE', #3554, #3373, #1238, .T. ) ;
#2414 = VERTEX_POINT ( 'NONE', #9 ) ;
#2415 = CARTESIAN_POINT ( 'NONE',  ( -7.050396002144805330, -111.9799664010997873, -38.39800107316462885 ) ) ;
#2416 = LINE ( 'NONE', #2976, #4106 ) ;
#2417 = VERTEX_POINT ( 'NONE', #1301 ) ;
#2418 = ADVANCED_FACE ( 'NONE', ( #3261 ), #640, .F. ) ;
#2419 = ORIENTED_EDGE ( 'NONE', *, *, #1233, .F. ) ;
#2420 = LINE ( 'NONE', #1790, #408 ) ;
#2421 = DIRECTION ( 'NONE',  ( 0.000000000000000000, 0.000000000000000000, 1.000000000000000000 ) ) ;
#2422 = AXIS2_PLACEMENT_3D ( 'NONE', #4038, #605, #2752 ) ;
#2423 = DIRECTION ( 'NONE',  ( -1.000000000000000000, -0.000000000000000000, -1.241749088029210621E-16 ) ) ;
#2424 = DIRECTION ( 'NONE',  ( -0.7431448254773954654, -0.000000000000000000, -0.6691306063588569053 ) ) ;
#2425 = ADVANCED_FACE ( 'NONE', ( #964 ), #3358, .T. ) ;
#2426 = ORIENTED_EDGE ( 'NONE', *, *, #1935, .T. ) ;
#2427 = CARTESIAN_POINT ( 'NONE',  ( -7.050396002144844410, -154.3934589431867153, 17.57598993040848612 ) ) ;
#2428 = PLANE ( 'NONE',  #209 ) ;
#2429 = ORIENTED_EDGE ( 'NONE', *, *, #3997, .T. ) ;
#2430 = PLANE ( 'NONE',  #2956 ) ;
#2431 = AXIS2_PLACEMENT_3D ( 'NONE', #171, #2192, #1645 ) ;
#2432 = VECTOR ( 'NONE', #3027, 1000.000000000000000 ) ;
#2433 = VERTEX_POINT ( 'NONE', #2240 ) ;
#2434 = CARTESIAN_POINT ( 'NONE',  ( -11.05039600214481155, -97.24345894318669536, 11.56658885364985778 ) ) ;
#2435 = DIRECTION ( 'NONE',  ( 0.000000000000000000, 0.000000000000000000, -1.000000000000000000 ) ) ;
#2436 = ORIENTED_EDGE ( 'NONE', *, *, #777, .F. ) ;
#2437 = ORIENTED_EDGE ( 'NONE', *, *, #2906, .F. ) ;
#2438 = VECTOR ( 'NONE', #3786, 1000.000000000000000 ) ;
#2439 = VERTEX_POINT ( 'NONE', #1026 ) ;
#2440 = CARTESIAN_POINT ( 'NONE',  ( -7.050396002144834640, -154.3934589431867153, 32.92598993040838451 ) ) ;
#2441 = DIRECTION ( 'NONE',  ( 0.000000000000000000, 0.000000000000000000, -1.000000000000000000 ) ) ;
#2442 = DIRECTION ( 'NONE',  ( -1.000000000000000000, -0.000000000000000000, -1.241749088029210621E-16 ) ) ;
#2443 = DIRECTION ( 'NONE',  ( -2.375519994490664161E-16, 0.000000000000000000, -1.000000000000000000 ) ) ;
#2444 = CARTESIAN_POINT ( 'NONE',  ( -63.11502857761197305, -113.0299999999999017, 28.10062119682093495 ) ) ;
#2445 = ORIENTED_EDGE ( 'NONE', *, *, #1986, .F. ) ;
#2446 = DIRECTION ( 'NONE',  ( 0.000000000000000000, 0.000000000000000000, -1.000000000000000000 ) ) ;
#2447 = CARTESIAN_POINT ( 'NONE',  ( -7.050396002144805330, -91.97996640109978728, -39.89800107316462885 ) ) ;
#2448 = FACE_OUTER_BOUND ( 'NONE', #1317, .T. ) ;
#2449 = EDGE_LOOP ( 'NONE', ( #2024, #2690, #3800, #87 ) ) ;
#2450 = DIRECTION ( 'NONE',  ( 1.000000000000000000, -0.000000000000000000, 1.241749088029210621E-16 ) ) ;
#2451 = LINE ( 'NONE', #884, #1866 ) ;
#2452 = ORIENTED_EDGE ( 'NONE', *, *, #3801, .F. ) ;
#2453 = EDGE_CURVE ( 'NONE', #1262, #3408, #385, .T. ) ;
#2454 = VERTEX_POINT ( 'NONE', #1320 ) ;
#2455 = PLANE ( 'NONE',  #937 ) ;
#2456 = DIRECTION ( 'NONE',  ( 0.000000000000000000, 1.000000000000000000, 0.000000000000000000 ) ) ;
#2457 = CARTESIAN_POINT ( 'NONE',  ( -15.05039600214480977, -91.97996640109978728, -18.39800107316462530 ) ) ;
#2458 = DIRECTION ( 'NONE',  ( -1.000000000000000000, 0.000000000000000000, 0.000000000000000000 ) ) ;
#2459 = PLANE ( 'NONE',  #4093 ) ;
#2460 = VECTOR ( 'NONE', #596, 1000.000000000000114 ) ;
#2461 = ORIENTED_EDGE ( 'NONE', *, *, #3681, .T. ) ;
#2462 = DIRECTION ( 'NONE',  ( 1.000000000000000000, -0.000000000000000000, -0.000000000000000000 ) ) ;
#2463 = DIRECTION ( 'NONE',  ( 1.000000000000000000, 0.000000000000000000, 0.000000000000000000 ) ) ;
#2464 = CARTESIAN_POINT ( 'NONE',  ( -9.909893453714047951, -87.62999999999999545, -21.16601926175579251 ) ) ;
#2465 = ORIENTED_EDGE ( 'NONE', *, *, #66, .F. ) ;
#2466 = AXIS2_PLACEMENT_3D ( 'NONE', #3552, #2646, #3198 ) ;
#2467 = FACE_OUTER_BOUND ( 'NONE', #1429, .T. ) ;
#2468 = LINE ( 'NONE', #862, #604 ) ;
#2469 = VERTEX_POINT ( 'NONE', #1912 ) ;
#2470 = DIRECTION ( 'NONE',  ( 1.000000000000000000, -0.000000000000000000, 1.241749088029210621E-16 ) ) ;
#2471 = EDGE_CURVE ( 'NONE', #1282, #3745, #146, .T. ) ;
#2472 = AXIS2_PLACEMENT_3D ( 'NONE', #2830, #3458, #3165 ) ;
#2473 = ORIENTED_EDGE ( 'NONE', *, *, #4050, .T. ) ;
#2474 = CARTESIAN_POINT ( 'NONE',  ( 3.091543583002315465, -254.0000000000000000, 59.68999999999999062 ) ) ;
#2475 = CARTESIAN_POINT ( 'NONE',  ( -11.05039600214481688, -254.0000000000000000, 41.90999999999999659 ) ) ;
#2476 = AXIS2_PLACEMENT_3D ( 'NONE', #1699, #3259, #2058 ) ;
#2477 = EDGE_CURVE ( 'NONE', #1827, #1660, #3548, .T. ) ;
#2478 = FACE_OUTER_BOUND ( 'NONE', #83, .T. ) ;
#2479 = DIRECTION ( 'NONE',  ( -1.000000000000000000, -0.000000000000000000, -1.241749088029210621E-16 ) ) ;
#2480 = LINE ( 'NONE', #3744, #3628 ) ;
#2481 = VERTEX_POINT ( 'NONE', #3215 ) ;
#2482 = EDGE_CURVE ( 'NONE', #1714, #2241, #3494, .T. ) ;
#2483 = CARTESIAN_POINT ( 'NONE',  ( -25.08647081916205934, -87.62999999999999545, -59.68999999999999062 ) ) ;
#2484 = LINE ( 'NONE', #3405, #339 ) ;
#2485 = CARTESIAN_POINT ( 'NONE',  ( 4.665904304751414509E-16, -435.6100000000001273, 46.98999999999999488 ) ) ;
#2486 = EDGE_CURVE ( 'NONE', #678, #1940, #3813, .T. ) ;
#2487 = ORIENTED_EDGE ( 'NONE', *, *, #1921, .T. ) ;
#2488 = CIRCLE ( 'NONE', #1288, 2.200000000000021494 ) ;
#2489 = CARTESIAN_POINT ( 'NONE',  ( -16.05039600214481155, -97.24345894318669536, 17.57598993040849678 ) ) ;
#2490 = FACE_OUTER_BOUND ( 'NONE', #3517, .T. ) ;
#2491 = VECTOR ( 'NONE', #2723, 1000.000000000000000 ) ;
#2492 = VERTEX_POINT ( 'NONE', #359 ) ;
#2493 = DIRECTION ( 'NONE',  ( 1.000000000000000000, -0.000000000000000000, 1.241749088029210621E-16 ) ) ;
#2494 = ORIENTED_EDGE ( 'NONE', *, *, #1810, .F. ) ;
#2495 = AXIS2_PLACEMENT_3D ( 'NONE', #3996, #3933, #2333 ) ;
#2496 = LINE ( 'NONE', #2787, #334 ) ;
#2497 = CARTESIAN_POINT ( 'NONE',  ( -25.08647081916206290, -99.04046254401986005, 2.199999999999992184 ) ) ;
#2498 = EDGE_CURVE ( 'NONE', #516, #2658, #1089, .T. ) ;
#2499 = FACE_OUTER_BOUND ( 'NONE', #3850, .T. ) ;
#2501 = CIRCLE ( 'NONE', #2894, 69.84999999999996589 ) ;
#2500 = CARTESIAN_POINT ( 'NONE',  ( -20.08647081916206290, -99.04046254401986005, 2.199999999999992628 ) ) ;
#2502 = CARTESIAN_POINT ( 'NONE',  ( 0.000000000000000000, -113.0299999999999017, 0.000000000000000000 ) ) ;
#2503 = ORIENTED_EDGE ( 'NONE', *, *, #913, .F. ) ;
#2504 = EDGE_CURVE ( 'NONE', #1041, #3925, #1591, .T. ) ;
#2505 = LINE ( 'NONE', #2627, #2886 ) ;
#2506 = CARTESIAN_POINT ( 'NONE',  ( -10.74355843331400884, -88.91400325084775602, -43.13871423460459198 ) ) ;
#2507 = CARTESIAN_POINT ( 'NONE',  ( -9.163994521153917105, -87.63000000000000966, -20.25188732678657644 ) ) ;
#2508 = EDGE_CURVE ( 'NONE', #2323, #2658, #1002, .T. ) ;
#2509 = ADVANCED_BREP_SHAPE_REPRESENTATION ( 'Sled Base - Top', ( #1415, #1906 ), #2895 ) ;
#2510 = EDGE_LOOP ( 'NONE', ( #1687, #2717 ) ) ;
#2511 = LINE ( 'NONE', #2781, #3626 ) ;
#2512 = CARTESIAN_POINT ( 'NONE',  ( -4.666286167692970999, -147.4659028457231500, 59.69000000000004746 ) ) ;
#2513 = ORIENTED_EDGE ( 'NONE', *, *, #144, .F. ) ;
#2514 = PLANE ( 'NONE',  #3693 ) ;
#2515 = EDGE_LOOP ( 'NONE', ( #3268, #2605, #2244, #3697 ) ) ;
#2516 = EDGE_CURVE ( 'NONE', #3078, #1065, #1410, .T. ) ;
#2517 = CARTESIAN_POINT ( 'NONE',  ( -46.22889533212071456, -133.3499999999999943, -51.34238970258228818 ) ) ;
#2518 = CARTESIAN_POINT ( 'NONE',  ( -54.86399999999999721, -133.3499999999999943, -6.349999999999986322 ) ) ;
#2519 = PRODUCT_DEFINITION_SHAPE ( 'NONE', 'NONE',  #744 ) ;
#2520 = CIRCLE ( 'NONE', #190, 2.200000000000118305 ) ;
#2521 = DIRECTION ( 'NONE',  ( 1.000000000000000000, 0.000000000000000000, 0.000000000000000000 ) ) ;
#2522 = EDGE_CURVE ( 'NONE', #3102, #18, #1136, .T. ) ;
#2523 = DIRECTION ( 'NONE',  ( 1.000000000000000000, -0.000000000000000000, 1.241749088029210621E-16 ) ) ;
#2524 = CARTESIAN_POINT ( 'NONE',  ( -8.510396002144819505, -87.62999999999998124, 41.90999999999999659 ) ) ;
#2525 = EDGE_LOOP ( 'NONE', ( #1383, #1642, #3794, #2882 ) ) ;
#2526 = DIRECTION ( 'NONE',  ( -1.000000000000000000, -0.000000000000000000, 1.665334536937734811E-16 ) ) ;
#2527 = ADVANCED_FACE ( 'NONE', ( #3923 ), #1116, .T. ) ;
#2528 = CARTESIAN_POINT ( 'NONE',  ( -11.05039600214480977, -87.62999999999998124, -14.54742537855149109 ) ) ;
#2529 = DIRECTION ( 'NONE',  ( 0.000000000000000000, 0.000000000000000000, -1.000000000000000000 ) ) ;
#2530 = ORIENTED_EDGE ( 'NONE', *, *, #2990, .T. ) ;
#2531 = FACE_OUTER_BOUND ( 'NONE', #3155, .T. ) ;
#2532 = DIRECTION ( 'NONE',  ( 0.000000000000000000, -0.000000000000000000, 1.000000000000000000 ) ) ;
#2533 = ORIENTED_EDGE ( 'NONE', *, *, #3323, .F. ) ;
#2534 = ADVANCED_FACE ( 'NONE', ( #3634 ), #2628, .T. ) ;
#2535 = FACE_OUTER_BOUND ( 'NONE', #720, .T. ) ;
#2536 = AXIS2_PLACEMENT_3D ( 'NONE', #2907, #3531, #1344 ) ;
#2537 = VERTEX_POINT ( 'NONE', #489 ) ;
#2538 = PLANE ( 'NONE',  #1273 ) ;
#2539 = DIRECTION ( 'NONE',  ( -1.000000000000000000, 0.000000000000000000, 0.000000000000000000 ) ) ;
#2540 = CIRCLE ( 'NONE', #3134, 5.080000000000008065 ) ;
#2541 = CIRCLE ( 'NONE', #2013, 1.500000000000001332 ) ;
#2542 = ORIENTED_EDGE ( 'NONE', *, *, #1632, .T. ) ;
#2543 = CONICAL_SURFACE ( 'NONE', #2345, 3.500000000000010214, 0.5235987755983022574 ) ;
#2544 = LINE ( 'NONE', #585, #1760 ) ;
#2545 = DIRECTION ( 'NONE',  ( 1.000000000000000000, -0.000000000000000000, 1.241749088029210621E-16 ) ) ;
#2546 = ORIENTED_EDGE ( 'NONE', *, *, #2706, .T. ) ;
#2547 = ADVANCED_FACE ( 'NONE', ( #1783 ), #2390, .F. ) ;
#2548 = PLANE ( 'NONE',  #406 ) ;
#2549 = CARTESIAN_POINT ( 'NONE',  ( 3.091543583002315465, -87.62999999999998124, -54.60999999999998522 ) ) ;
#2550 = AXIS2_PLACEMENT_3D ( 'NONE', #3083, #2004, #3226 ) ;
#2551 = VERTEX_POINT ( 'NONE', #2684 ) ;
#2552 = DIRECTION ( 'NONE',  ( 1.000000000000000000, -0.000000000000000000, 1.241749088029210621E-16 ) ) ;
#2553 = VERTEX_POINT ( 'NONE', #3033 ) ;
#2554 = CARTESIAN_POINT ( 'NONE',  ( -38.58241694564556923, -169.4319999999999879, -58.22730976640050216 ) ) ;
#2555 = AXIS2_PLACEMENT_3D ( 'NONE', #1069, #1700, #3367 ) ;
#2556 = EDGE_LOOP ( 'NONE', ( #1487, #1411, #3688, #3788 ) ) ;
#2557 = CARTESIAN_POINT ( 'NONE',  ( -65.69780626114331312, -133.3499999999999943, 22.29960754079043284 ) ) ;
#2558 = CARTESIAN_POINT ( 'NONE',  ( -26.61408714213629167, -113.0299999999999017, -35.77235401931968539 ) ) ;
#2559 = ORIENTED_EDGE ( 'NONE', *, *, #1128, .T. ) ;
#2560 = CIRCLE ( 'NONE', #4021, 3.500000000000010214 ) ;
#2561 = ADVANCED_FACE ( 'NONE', ( #3345, #2346 ), #801, .T. ) ;
#2562 = VECTOR ( 'NONE', #773, 1000.000000000000114 ) ;
#2563 = ORIENTED_EDGE ( 'NONE', *, *, #809, .T. ) ;
#2564 = CARTESIAN_POINT ( 'NONE',  ( -47.53798030457229373, -133.3499999999999943, -28.11621284174125179 ) ) ;
#2565 = CARTESIAN_POINT ( 'NONE',  ( -10.30306021023350915, -111.1105289894916837, -43.70958858618786991 ) ) ;
#2566 = ORIENTED_EDGE ( 'NONE', *, *, #3877, .F. ) ;
#2567 = CIRCLE ( 'NONE', #2299, 3.500000000000010214 ) ;
#2568 = CONICAL_SURFACE ( 'NONE', #1636, 3.500000000000010214, 0.5235987755983048109 ) ;
#2569 = DIRECTION ( 'NONE',  ( -0.000000000000000000, -1.000000000000000000, -0.000000000000000000 ) ) ;
#2570 = DIRECTION ( 'NONE',  ( 0.000000000000000000, 0.000000000000000000, -1.000000000000000000 ) ) ;
#2571 = ORIENTED_EDGE ( 'NONE', *, *, #3748, .T. ) ;
#2572 = EDGE_LOOP ( 'NONE', ( #662, #4009, #2135, #691 ) ) ;
#2573 = EDGE_CURVE ( 'NONE', #336, #1936, #3612, .T. ) ;
#2574 = DIRECTION ( 'NONE',  ( 0.000000000000000000, 0.000000000000000000, -1.000000000000000000 ) ) ;
#2575 = ORIENTED_EDGE ( 'NONE', *, *, #939, .T. ) ;
#2576 = DIRECTION ( 'NONE',  ( 0.6691306063588569053, 0.000000000000000000, 0.7431448254773954654 ) ) ;
#2577 = ORIENTED_EDGE ( 'NONE', *, *, #903, .T. ) ;
#2578 = FACE_OUTER_BOUND ( 'NONE', #1933, .T. ) ;
#2579 = DIRECTION ( 'NONE',  ( 0.000000000000000000, 0.000000000000000000, -1.000000000000000000 ) ) ;
#2580 = ORIENTED_EDGE ( 'NONE', *, *, #1134, .T. ) ;
#2581 = EDGE_CURVE ( 'NONE', #3476, #1433, #2411, .T. ) ;
#2582 = VERTEX_POINT ( 'NONE', #1737 ) ;
#2583 = CYLINDRICAL_SURFACE ( 'NONE', #753, 3.810000000000000941 ) ;
#2584 = CARTESIAN_POINT ( 'NONE',  ( -69.08799999999999386, 0.000000000000000000, -1.268984917146554436E-16 ) ) ;
#2585 = DIRECTION ( 'NONE',  ( -0.000000000000000000, -1.000000000000000000, -0.000000000000000000 ) ) ;
#2586 = EDGE_CURVE ( 'NONE', #3545, #2395, #222, .T. ) ;
#2587 = EDGE_CURVE ( 'NONE', #3164, #281, #3488, .T. ) ;
#2588 = ORIENTED_EDGE ( 'NONE', *, *, #1750, .F. ) ;
#2589 = VECTOR ( 'NONE', #3783, 1000.000000000000000 ) ;
#2590 = DIRECTION ( 'NONE',  ( -0.000000000000000000, 1.000000000000000000, 0.000000000000000000 ) ) ;
#2591 = DIRECTION ( 'NONE',  ( -0.000000000000000000, -1.000000000000000000, -0.000000000000000000 ) ) ;
#2592 = EDGE_CURVE ( 'NONE', #3579, #1657, #686, .T. ) ;
#2593 = ORIENTED_EDGE ( 'NONE', *, *, #2624, .F. ) ;
#2594 = ORIENTED_EDGE ( 'NONE', *, *, #3541, .T. ) ;
#2595 = DIRECTION ( 'NONE',  ( 0.000000000000000000, 0.000000000000000000, -1.000000000000000000 ) ) ;
#2596 = EDGE_LOOP ( 'NONE', ( #2768, #3032 ) ) ;
#2597 = DIRECTION ( 'NONE',  ( 1.000000000000000000, 0.000000000000000000, 0.000000000000000000 ) ) ;
#2598 = VECTOR ( 'NONE', #2085, 1000.000000000000000 ) ;
#2599 = EDGE_LOOP ( 'NONE', ( #1014, #976 ) ) ;
#2600 = FACE_OUTER_BOUND ( 'NONE', #867, .T. ) ;
#2601 = LINE ( 'NONE', #3513, #2177 ) ;
#2602 = VERTEX_POINT ( 'NONE', #760 ) ;
#2603 = EDGE_CURVE ( 'NONE', #2262, #2733, #2642, .T. ) ;
#2604 = CIRCLE ( 'NONE', #3201, 62.36666781104819535 ) ;
#2605 = ORIENTED_EDGE ( 'NONE', *, *, #381, .T. ) ;
#2606 = CARTESIAN_POINT ( 'NONE',  ( -8.633777521872140426, -87.62999999999999545, -39.17200634160703743 ) ) ;
#2607 = CARTESIAN_POINT ( 'NONE',  ( -7.050396002144805330, -91.97996640109978728, -38.39800107316462885 ) ) ;
#2608 = CONICAL_SURFACE ( 'NONE', #3929, 3.700000000000112976, 0.5235987755983051439 ) ;
#2609 = CARTESIAN_POINT ( 'NONE',  ( -11.05039600214480977, -91.97996640109978728, -18.39800107316462530 ) ) ;
#2610 = ORIENTED_EDGE ( 'NONE', *, *, #393, .T. ) ;
#2611 = FACE_OUTER_BOUND ( 'NONE', #1580, .T. ) ;
#2612 = DIRECTION ( 'NONE',  ( 0.000000000000000000, 1.000000000000000000, 0.000000000000000000 ) ) ;
#2613 = EDGE_CURVE ( 'NONE', #3429, #1285, #156, .T. ) ;
#2614 = ORIENTED_EDGE ( 'NONE', *, *, #1308, .T. ) ;
#2615 = LINE ( 'NONE', #1375, #3359 ) ;
#2616 = LINE ( 'NONE', #1607, #1195 ) ;
#2617 = ORIENTED_EDGE ( 'NONE', *, *, #1994, .F. ) ;
#2618 = DIRECTION ( 'NONE',  ( 1.000000000000000000, -0.000000000000000000, -0.000000000000000000 ) ) ;
#2619 = AXIS2_PLACEMENT_3D ( 'NONE', #932, #3705, #850 ) ;
#2620 = VERTEX_POINT ( 'NONE', #1378 ) ;
#2621 = PLANE ( 'NONE',  #3470 ) ;
#2622 = CARTESIAN_POINT ( 'NONE',  ( -7.050396002144844410, -97.24345894318669536, 17.57598993040849678 ) ) ;
#2623 = ORIENTED_EDGE ( 'NONE', *, *, #2368, .F. ) ;
#2624 = EDGE_CURVE ( 'NONE', #3925, #1183, #2662, .T. ) ;
#2625 = ORIENTED_EDGE ( 'NONE', *, *, #3122, .F. ) ;
#2626 = CARTESIAN_POINT ( 'NONE',  ( -10.44532993455052328, -87.63000000000002387, -41.70590716767994621 ) ) ;
#2627 = CARTESIAN_POINT ( 'NONE',  ( -41.43015122905379144, -133.3499999999999943, -36.52291835461307556 ) ) ;
#2628 = CONICAL_SURFACE ( 'NONE', #2555, 3.700000000000026379, 0.5235987755983039227 ) ;
#2629 = CARTESIAN_POINT ( 'NONE',  ( -38.58241694564557633, 12.69999999999999929, 58.22730976640051637 ) ) ;
#2630 = AXIS2_PLACEMENT_3D ( 'NONE', #3570, #2014, #712 ) ;
#2631 = EDGE_LOOP ( 'NONE', ( #3598, #2728 ) ) ;
#2632 = AXIS2_PLACEMENT_3D ( 'NONE', #2032, #3297, #1648 ) ;
#2633 = DIRECTION ( 'NONE',  ( -0.000000000000000000, 1.000000000000000000, -0.000000000000000000 ) ) ;
#2634 = CARTESIAN_POINT ( 'NONE',  ( -34.81924231411541371, -169.4319999999999879, -51.54587070405882088 ) ) ;
#2635 = EDGE_CURVE ( 'NONE', #3449, #3185, #737, .T. ) ;
#2636 = ORIENTED_EDGE ( 'NONE', *, *, #2025, .F. ) ;
#2637 = VECTOR ( 'NONE', #727, 1000.000000000000000 ) ;
#2638 = CARTESIAN_POINT ( 'NONE',  ( -7.050396002144810659, -97.24345894318669536, 36.62598993040849393 ) ) ;
#2639 = DIRECTION ( 'NONE',  ( 0.000000000000000000, 0.000000000000000000, -1.000000000000000000 ) ) ;
#2640 = VERTEX_POINT ( 'NONE', #3281 ) ;
#2641 = AXIS2_PLACEMENT_3D ( 'NONE', #1851, #277, #3454 ) ;
#2642 = LINE ( 'NONE', #2101, #1226 ) ;
#2643 = VECTOR ( 'NONE', #914, 1000.000000000000000 ) ;
#2644 = EDGE_CURVE ( 'NONE', #1563, #98, #2385, .T. ) ;
#2645 = ORIENTED_EDGE ( 'NONE', *, *, #1994, .T. ) ;
#2646 = DIRECTION ( 'NONE',  ( -1.000000000000000000, -0.000000000000000000, -1.241749088029210621E-16 ) ) ;
#2647 = CARTESIAN_POINT ( 'NONE',  ( -11.05039600214480799, -96.60760126229506284, -41.90999999999999659 ) ) ;
#2648 = VERTEX_POINT ( 'NONE', #3091 ) ;
#2649 = EDGE_CURVE ( 'NONE', #216, #1710, #1845, .T. ) ;
#2650 = ORIENTED_EDGE ( 'NONE', *, *, #1775, .T. ) ;
#2651 = DIRECTION ( 'NONE',  ( -0.000000000000000000, -1.000000000000000000, -0.000000000000000000 ) ) ;
#2652 = CARTESIAN_POINT ( 'NONE',  ( -53.87537371859583146, -169.4319999999999879, 44.45746963876408131 ) ) ;
#2653 = DIRECTION ( 'NONE',  ( 0.000000000000000000, 0.000000000000000000, -1.000000000000000000 ) ) ;
#2654 = ORIENTED_EDGE ( 'NONE', *, *, #795, .F. ) ;
#2655 = ADVANCED_FACE ( 'NONE', ( #1505 ), #881, .F. ) ;
#2656 = CYLINDRICAL_SURFACE ( 'NONE', #2036, 62.36666781104819535 ) ;
#2657 = CARTESIAN_POINT ( 'NONE',  ( -7.050396002144857732, -153.3968480519725688, -39.10703493043134671 ) ) ;
#2658 = VERTEX_POINT ( 'NONE', #3114 ) ;
#2659 = AXIS2_PLACEMENT_3D ( 'NONE', #2692, #3311, #3953 ) ;
#2660 = LINE ( 'NONE', #125, #3218 ) ;
#2661 = CARTESIAN_POINT ( 'NONE',  ( -7.050396002144808882, -91.97996640109978728, -18.39800107316462530 ) ) ;
#2662 = LINE ( 'NONE', #3906, #3617 ) ;
#2663 = ORIENTED_EDGE ( 'NONE', *, *, #2271, .F. ) ;
#2664 = ADVANCED_FACE ( 'NONE', ( #1484 ), #759, .T. ) ;
#2665 = CARTESIAN_POINT ( 'NONE',  ( -11.03251814907772932, -116.3246361346134989, -42.24502429886167221 ) ) ;
#2666 = CARTESIAN_POINT ( 'NONE',  ( 0.000000000000000000, -169.4319999999999879, 0.000000000000000000 ) ) ;
#2667 = VERTEX_POINT ( 'NONE', #1156 ) ;
#2668 = CIRCLE ( 'NONE', #1796, 3.700000000000120082 ) ;
#2669 = ADVANCED_FACE ( 'NONE', ( #3425 ), #4088, .F. ) ;
#2670 = EDGE_LOOP ( 'NONE', ( #1978, #527, #1513, #767, #2749, #435, #3824, #329, #3420, #74, #4014, #1073, #2401, #473, #2329, #1634, #2437, #1691, #1307 ) ) ;
#2671 = CARTESIAN_POINT ( 'NONE',  ( -4.666286167692971887, -159.7331740654040004, 59.69000000000004746 ) ) ;
#2672 = CARTESIAN_POINT ( 'NONE',  ( -11.05039600214480622, -124.1868480519726319, -30.18529925716508799 ) ) ;
#2673 = LINE ( 'NONE', #2355, #3167 ) ;
#2674 = EDGE_LOOP ( 'NONE', ( #304, #52, #2076, #765 ) ) ;
#2675 = CIRCLE ( 'NONE', #1669, 6.349999999999996092 ) ;
#2676 = CARTESIAN_POINT ( 'NONE',  ( -10.26017045602887912, -111.9799664010997873, -43.75116521815255055 ) ) ;
#2677 = FACE_OUTER_BOUND ( 'NONE', #1161, .T. ) ;
#2678 = VECTOR ( 'NONE', #1313, 1000.000000000000000 ) ;
#2679 = ORIENTED_EDGE ( 'NONE', *, *, #2486, .T. ) ;
#2680 = AXIS2_PLACEMENT_3D ( 'NONE', #322, #1915, #1894 ) ;
#2681 = EDGE_CURVE ( 'NONE', #2433, #827, #4027, .T. ) ;
#2682 = FACE_OUTER_BOUND ( 'NONE', #2631, .T. ) ;
#2683 = PLANE ( 'NONE',  #2476 ) ;
#2684 = CARTESIAN_POINT ( 'NONE',  ( -60.23188847012047376, -169.4319999999999879, 16.17778925491995068 ) ) ;
#2685 = ORIENTED_EDGE ( 'NONE', *, *, #2306, .F. ) ;
#2686 = DIRECTION ( 'NONE',  ( -0.000000000000000000, -1.000000000000000000, -0.000000000000000000 ) ) ;
#2687 = LINE ( 'NONE', #806, #2598 ) ;
#2688 = ORIENTED_EDGE ( 'NONE', *, *, #3515, .F. ) ;
#2689 = ADVANCED_FACE ( 'NONE', ( #2448 ), #2798, .F. ) ;
#2690 = ORIENTED_EDGE ( 'NONE', *, *, #373, .F. ) ;
#2691 = FACE_OUTER_BOUND ( 'NONE', #27, .T. ) ;
#2692 = CARTESIAN_POINT ( 'NONE',  ( -7.050396002144899477, -91.97996640109978728, -18.39800107316462530 ) ) ;
#2693 = DIRECTION ( 'NONE',  ( -1.084912616036924266E-16, 0.000000000000000000, 1.000000000000000000 ) ) ;
#2694 = VERTEX_POINT ( 'NONE', #1547 ) ;
#2695 = EDGE_CURVE ( 'NONE', #3649, #647, #3711, .T. ) ;
#2696 = AXIS2_PLACEMENT_3D ( 'NONE', #2056, #798, #147 ) ;
#2697 = DIRECTION ( 'NONE',  ( 0.000000000000000000, 0.000000000000000000, -1.000000000000000000 ) ) ;
#2698 = LINE ( 'NONE', #2985, #2011 ) ;
#2699 = ORIENTED_EDGE ( 'NONE', *, *, #3235, .F. ) ;
#2700 = CIRCLE ( 'NONE', #3092, 62.36666781104819535 ) ;
#2701 = DIRECTION ( 'NONE',  ( -1.000000000000000000, 0.000000000000000000, -5.980805065379274809E-16 ) ) ;
#2702 = SURFACE_STYLE_USAGE ( .BOTH. , #2364 ) ;
#2703 = DIRECTION ( 'NONE',  ( -0.000000000000000000, -1.000000000000000000, -0.000000000000000000 ) ) ;
#2704 = CIRCLE ( 'NONE', #2832, 69.84999999999999432 ) ;
#2705 = VECTOR ( 'NONE', #1888, 1000.000000000000000 ) ;
#2706 = EDGE_CURVE ( 'NONE', #3373, #3554, #828, .T. ) ;
#2707 = ORIENTED_EDGE ( 'NONE', *, *, #1148, .F. ) ;
#2708 = AXIS2_PLACEMENT_3D ( 'NONE', #3528, #2880, #1950 ) ;
#2709 = LINE ( 'NONE', #3057, #3861 ) ;
#2710 = FACE_OUTER_BOUND ( 'NONE', #1662, .T. ) ;
#2711 = VERTEX_POINT ( 'NONE', #2195 ) ;
#2712 = ORIENTED_EDGE ( 'NONE', *, *, #2758, .F. ) ;
#2713 = EDGE_CURVE ( 'NONE', #2481, #4034, #841, .T. ) ;
#2714 = PLANE ( 'NONE',  #2143 ) ;
#2715 = FACE_BOUND ( 'NONE', #3568, .T. ) ;
#2716 = DIRECTION ( 'NONE',  ( 0.000000000000000000, 1.000000000000000000, 0.000000000000000000 ) ) ;
#2717 = ORIENTED_EDGE ( 'NONE', *, *, #302, .T. ) ;
#2718 = VECTOR ( 'NONE', #1007, 1000.000000000000000 ) ;
#2719 = LINE ( 'NONE', #3360, #4098 ) ;
#2720 = ADVANCED_FACE ( 'NONE', ( #1463, #2743 ), #2430, .T. ) ;
#2721 = CYLINDRICAL_SURFACE ( 'NONE', #3894, 5.080000000000008065 ) ;
#2722 = ORIENTED_EDGE ( 'NONE', *, *, #2306, .T. ) ;
#2723 = DIRECTION ( 'NONE',  ( 1.000000000000000000, -0.000000000000000000, 1.744436394675441187E-15 ) ) ;
#2724 = EDGE_CURVE ( 'NONE', #1302, #1199, #3154, .T. ) ;
#2725 = CARTESIAN_POINT ( 'NONE',  ( -7.050396002144915464, -91.97996640109978728, -38.39800107316462885 ) ) ;
#2726 = DIRECTION ( 'NONE',  ( 0.000000000000000000, 0.000000000000000000, -1.000000000000000000 ) ) ;
#2727 = AXIS2_PLACEMENT_3D ( 'NONE', #3416, #2809, #539 ) ;
#2728 = ORIENTED_EDGE ( 'NONE', *, *, #1594, .T. ) ;
#2729 = CARTESIAN_POINT ( 'NONE',  ( -11.04228345822156676, -151.9800952412149968, 42.12993439262499606 ) ) ;
#2730 = DIRECTION ( 'NONE',  ( -0.9135454576426004225, -0.000000000000000000, 0.4067366430758010964 ) ) ;
#2731 = ORIENTED_EDGE ( 'NONE', *, *, #1750, .T. ) ;
#2732 = VERTEX_POINT ( 'NONE', #3506 ) ;
#2733 = VERTEX_POINT ( 'NONE', #45 ) ;
#2734 = CARTESIAN_POINT ( 'NONE',  ( -25.08647081916207000, -169.4319999999999879, 63.44021100343570652 ) ) ;
#2735 = LINE ( 'NONE', #1387, #162 ) ;
#2736 = EDGE_CURVE ( 'NONE', #1401, #366, #2488, .T. ) ;
#2737 = DIRECTION ( 'NONE',  ( 0.000000000000000000, 0.000000000000000000, 1.000000000000000000 ) ) ;
#2738 = LINE ( 'NONE', #896, #3403 ) ;
#2739 = EDGE_LOOP ( 'NONE', ( #2563, #3781, #702, #4041 ) ) ;
#2740 = AXIS2_PLACEMENT_3D ( 'NONE', #3587, #1044, #3005 ) ;
#2741 = FACE_OUTER_BOUND ( 'NONE', #3041, .T. ) ;
#2742 = ORIENTED_EDGE ( 'NONE', *, *, #3575, .F. ) ;
#2743 = FACE_BOUND ( 'NONE', #945, .T. ) ;
#2744 = AXIS2_PLACEMENT_3D ( 'NONE', #2851, #1283, #1557 ) ;
#2745 = AXIS2_PLACEMENT_3D ( 'NONE', #4043, #1176, #3673 ) ;
#2746 = EDGE_LOOP ( 'NONE', ( #3051, #3452 ) ) ;
#2747 = DIRECTION ( 'NONE',  ( 6.829619984160656074E-16, 0.000000000000000000, 1.000000000000000000 ) ) ;
#2748 = DIRECTION ( 'NONE',  ( 0.000000000000000000, 0.000000000000000000, 1.000000000000000000 ) ) ;
#2749 = ORIENTED_EDGE ( 'NONE', *, *, #1277, .F. ) ;
#2750 = CARTESIAN_POINT ( 'NONE',  ( -48.44446842318032509, 25.77737000652124877, -39.27766201098430798 ) ) ;
#2751 = CARTESIAN_POINT ( 'NONE',  ( -20.08647081916206290, -99.04046254401986005, -2.179206560336645595E-15 ) ) ;
#2752 = DIRECTION ( 'NONE',  ( 0.000000000000000000, 0.000000000000000000, -1.000000000000000000 ) ) ;
#2753 = FACE_BOUND ( 'NONE', #2766, .T. ) ;
#2754 = CARTESIAN_POINT ( 'NONE',  ( -11.05039600214480799, -254.0000000000000000, -41.90999999999999659 ) ) ;
#2755 = ORIENTED_EDGE ( 'NONE', *, *, #2204, .T. ) ;
#2756 = AXIS2_PLACEMENT_3D ( 'NONE', #959, #1258, #3175 ) ;
#2757 = DIRECTION ( 'NONE',  ( 1.000000000000000000, 0.000000000000000000, 1.241749088029210621E-16 ) ) ;
#2758 = EDGE_CURVE ( 'NONE', #3353, #2694, #4109, .T. ) ;
#2759 = PLANE ( 'NONE',  #2745 ) ;
#2760 = CARTESIAN_POINT ( 'NONE',  ( -8.945581315446549553, -87.62999999999999545, -19.91630047773224277 ) ) ;
#2761 = VECTOR ( 'NONE', #2936, 1000.000000000000000 ) ;
#2762 = ORIENTED_EDGE ( 'NONE', *, *, #1110, .F. ) ;
#2763 = CARTESIAN_POINT ( 'NONE',  ( -61.60466781104819489, -133.3499999999999943, -6.349999999999982769 ) ) ;
#2764 = CARTESIAN_POINT ( 'NONE',  ( -69.08799999999999386, -133.3499999999999943, 1.270433834635173640E-14 ) ) ;
#2765 = ORIENTED_EDGE ( 'NONE', *, *, #3741, .T. ) ;
#2766 = EDGE_LOOP ( 'NONE', ( #4089, #1789 ) ) ;
#2767 = VECTOR ( 'NONE', #578, 1000.000000000000000 ) ;
#2768 = ORIENTED_EDGE ( 'NONE', *, *, #3441, .F. ) ;
#2769 = LINE ( 'NONE', #2750, #544 ) ;
#2770 = LINE ( 'NONE', #1516, #2589 ) ;
#2771 = CARTESIAN_POINT ( 'NONE',  ( -36.71118158727232128, -133.3499999999999943, 40.77189770499182231 ) ) ;
#2772 = APPLICATION_CONTEXT ( 'automotive_design' ) ;
#2773 = CARTESIAN_POINT ( 'NONE',  ( -25.08647081916205934, -113.0299999999999017, 59.68999999999999062 ) ) ;
#2774 = CARTESIAN_POINT ( 'NONE',  ( -49.05505833229985058, -169.4319999999999879, 38.72788438740562356 ) ) ;
#2775 = ORIENTED_EDGE ( 'NONE', *, *, #2173, .F. ) ;
#2776 = FACE_OUTER_BOUND ( 'NONE', #1717, .T. ) ;
#2777 = DIRECTION ( 'NONE',  ( -1.000000000000000000, 0.000000000000000000, 0.000000000000000000 ) ) ;
#2778 = ADVANCED_FACE ( 'NONE', ( #1905 ), #634, .F. ) ;
#2779 = CARTESIAN_POINT ( 'NONE',  ( -8.633174893828442720, -87.63000000000000966, -17.62604339419734956 ) ) ;
#2780 = VERTEX_POINT ( 'NONE', #1587 ) ;
#2781 = CARTESIAN_POINT ( 'NONE',  ( -11.05039600214481155, -115.8913243749326369, 6.858330662837491154 ) ) ;
#2782 = CARTESIAN_POINT ( 'NONE',  ( -11.05039600214480622, -91.97996640109978728, -38.39800107316462885 ) ) ;
#2783 = ORIENTED_EDGE ( 'NONE', *, *, #1128, .F. ) ;
#2784 = LINE ( 'NONE', #4070, #1366 ) ;
#2785 = VECTOR ( 'NONE', #3244, 1000.000000000000000 ) ;
#2786 = ORIENTED_EDGE ( 'NONE', *, *, #312, .T. ) ;
#2787 = CARTESIAN_POINT ( 'NONE',  ( -11.05039600214481155, -154.3513605428498181, 6.858330662837491154 ) ) ;
#2788 = CARTESIAN_POINT ( 'NONE',  ( -25.08647081916205579, 25.77737000652124877, -53.55235401931967942 ) ) ;
#2789 = EDGE_CURVE ( 'NONE', #1061, #2974, #2235, .T. ) ;
#2790 = CARTESIAN_POINT ( 'NONE',  ( 8.171543583002316424, -87.62999999999998124, 49.53000000000000114 ) ) ;
#2791 = PLANE ( 'NONE',  #3698 ) ;
#2792 = CARTESIAN_POINT ( 'NONE',  ( 0.000000000000000000, -113.0299999999999017, 0.000000000000000000 ) ) ;
#2793 = AXIS2_PLACEMENT_3D ( 'NONE', #2138, #3451, #3137 ) ;
#2794 = EDGE_LOOP ( 'NONE', ( #1502, #1299 ) ) ;
#2795 = CYLINDRICAL_SURFACE ( 'NONE', #3884, 2.200000000000021494 ) ;
#2796 = LINE ( 'NONE', #1504, #548 ) ;
#2797 = EDGE_CURVE ( 'NONE', #3724, #1321, #1488, .T. ) ;
#2798 = CYLINDRICAL_SURFACE ( 'NONE', #1418, 2.200000000000118305 ) ;
#2799 = VERTEX_POINT ( 'NONE', #1626 ) ;
#2800 = CIRCLE ( 'NONE', #2536, 2.200000000000121858 ) ;
#2801 = CARTESIAN_POINT ( 'NONE',  ( -25.08647081916205579, -113.0299999999999017, -53.55235401931967942 ) ) ;
#2802 = FACE_OUTER_BOUND ( 'NONE', #2674, .T. ) ;
#2803 = EDGE_LOOP ( 'NONE', ( #2396, #2279, #2119, #2902 ) ) ;
#2804 = CARTESIAN_POINT ( 'NONE',  ( -7.050396002144808882, -111.9799664010997873, -18.39800107316462530 ) ) ;
#2805 = ORIENTED_EDGE ( 'NONE', *, *, #2587, .F. ) ;
#2806 = EDGE_CURVE ( 'NONE', #647, #3042, #3550, .T. ) ;
#2807 = ORIENTED_EDGE ( 'NONE', *, *, #2613, .T. ) ;
#2808 = CARTESIAN_POINT ( 'NONE',  ( -8.644014404209290348, -159.7331740654040004, 59.69000000000004036 ) ) ;
#2809 = DIRECTION ( 'NONE',  ( 1.000000000000000000, 0.000000000000000000, 0.000000000000000000 ) ) ;
#2810 = VECTOR ( 'NONE', #2272, 1000.000000000000000 ) ;
#2811 = CARTESIAN_POINT ( 'NONE',  ( -11.05039600214480977, -91.97996640109978728, -18.39800107316462530 ) ) ;
#2812 = DIRECTION ( 'NONE',  ( 0.000000000000000000, 1.000000000000000000, 0.000000000000000000 ) ) ;
#2813 = CARTESIAN_POINT ( 'NONE',  ( -7.050396002144805330, -111.9799664010997873, -38.39800107316462885 ) ) ;
#2814 = EDGE_CURVE ( 'NONE', #1549, #155, #2881, .T. ) ;
#2815 = ORIENTED_EDGE ( 'NONE', *, *, #2025, .T. ) ;
#2816 = LINE ( 'NONE', #1708, #1422 ) ;
#2817 = DIRECTION ( 'NONE',  ( 0.000000000000000000, 0.000000000000000000, -1.000000000000000000 ) ) ;
#2818 = DIRECTION ( 'NONE',  ( -1.000000000000000000, 0.000000000000000000, -1.744436394675441384E-15 ) ) ;
#2819 = ORIENTED_EDGE ( 'NONE', *, *, #3113, .F. ) ;
#2820 = VECTOR ( 'NONE', #781, 1000.000000000000000 ) ;
#2821 = CARTESIAN_POINT ( 'NONE',  ( -11.05039600214481688, -169.4319999999999879, 41.90999999999999659 ) ) ;
#2822 = LINE ( 'NONE', #1508, #797 ) ;
#2823 = CIRCLE ( 'NONE', #1021, 3.810000000000000941 ) ;
#2824 = ORIENTED_EDGE ( 'NONE', *, *, #3723, .T. ) ;
#2825 = CARTESIAN_POINT ( 'NONE',  ( -7.050396002144760033, -124.1868480519726319, -20.47589818040647813 ) ) ;
#2826 = VERTEX_POINT ( 'NONE', #940 ) ;
#2827 = AXIS2_PLACEMENT_3D ( 'NONE', #1208, #245, #2737 ) ;
#2828 = EDGE_CURVE ( 'NONE', #3207, #2898, #331, .T. ) ;
#2829 = EDGE_LOOP ( 'NONE', ( #1983, #318, #916, #1268 ) ) ;
#2830 = CARTESIAN_POINT ( 'NONE',  ( -63.11502857761197305, -133.3499999999999943, 28.10062119682094561 ) ) ;
#2831 = DIRECTION ( 'NONE',  ( 0.000000000000000000, 0.000000000000000000, 1.000000000000000000 ) ) ;
#2832 = AXIS2_PLACEMENT_3D ( 'NONE', #42, #1542, #310 ) ;
#2833 = AXIS2_PLACEMENT_3D ( 'NONE', #3525, #669, #1947 ) ;
#2834 = DIRECTION ( 'NONE',  ( 1.000000000000000000, -0.000000000000000000, -0.000000000000000000 ) ) ;
#2836 = AXIS2_PLACEMENT_3D ( 'NONE', #337, #981, #1281 ) ;
#2835 = CARTESIAN_POINT ( 'NONE',  ( -67.30008489993608123, -169.4319999999999879, -18.70083079602068921 ) ) ;
#2837 = DIRECTION ( 'NONE',  ( 0.000000000000000000, 0.000000000000000000, -1.000000000000000000 ) ) ;
#2838 = VECTOR ( 'NONE', #874, 1000.000000000000000 ) ;
#2839 = EDGE_LOOP ( 'NONE', ( #3493, #2311, #1695, #942 ) ) ;
#2840 = EDGE_CURVE ( 'NONE', #2131, #4092, #3680, .T. ) ;
#2841 = LINE ( 'NONE', #291, #2761 ) ;
#2842 = CARTESIAN_POINT ( 'NONE',  ( 0.000000000000000000, -169.4319999999999595, -50.79999999999999716 ) ) ;
#2843 = DIRECTION ( 'NONE',  ( -0.000000000000000000, 1.000000000000000000, -0.000000000000000000 ) ) ;
#2844 = VECTOR ( 'NONE', #2579, 1000.000000000000000 ) ;
#2845 = VERTEX_POINT ( 'NONE', #1294 ) ;
#2846 = CARTESIAN_POINT ( 'NONE',  ( -11.05039600214481332, -154.3934589431867153, 17.57598993040848612 ) ) ;
#2847 = FACE_OUTER_BOUND ( 'NONE', #1196, .T. ) ;
#2848 = EDGE_LOOP ( 'NONE', ( #376, #3572 ) ) ;
#2849 = CARTESIAN_POINT ( 'NONE',  ( -56.27866444836440252, 0.000000000000000000, 25.05687578326559617 ) ) ;
#2850 = ORIENTED_EDGE ( 'NONE', *, *, #752, .T. ) ;
#2851 = CARTESIAN_POINT ( 'NONE',  ( -7.050396002144808882, -111.9799664010997873, -18.39800107316462530 ) ) ;
#2852 = DIRECTION ( 'NONE',  ( -0.000000000000000000, 1.000000000000000000, -0.000000000000000000 ) ) ;
#2853 = EDGE_LOOP ( 'NONE', ( #1797, #4015, #2805, #4048 ) ) ;
#2854 = DIRECTION ( 'NONE',  ( -0.4067366430758009854, -0.000000000000000000, -0.9135454576426004225 ) ) ;
#2855 = CARTESIAN_POINT ( 'NONE',  ( -10.70648375203748692, -109.0439603918399314, -43.19776841769872533 ) ) ;
#2856 = ORIENTED_EDGE ( 'NONE', *, *, #1042, .T. ) ;
#2857 = CARTESIAN_POINT ( 'NONE',  ( -7.050396002144810659, -153.3968480519725688, -35.40703493043132966 ) ) ;
#2858 = VECTOR ( 'NONE', #2219, 1000.000000000000000 ) ;
#2859 = DIRECTION ( 'NONE',  ( 1.000000000000000000, 0.000000000000000000, 0.000000000000000000 ) ) ;
#2860 = ORIENTED_EDGE ( 'NONE', *, *, #2275, .T. ) ;
#2861 = CARTESIAN_POINT ( 'NONE',  ( -10.29657906013284574, -92.85170208778346534, -43.71820690842979928 ) ) ;
#2862 = ORIENTED_EDGE ( 'NONE', *, *, #1454, .T. ) ;
#2863 = DIRECTION ( 'NONE',  ( 0.000000000000000000, 0.000000000000000000, 1.000000000000000000 ) ) ;
#2864 = ORIENTED_EDGE ( 'NONE', *, *, #2477, .T. ) ;
#2865 = DIRECTION ( 'NONE',  ( 0.000000000000000000, 0.000000000000000000, -1.000000000000000000 ) ) ;
#2866 = DIRECTION ( 'NONE',  ( 0.000000000000000000, 1.000000000000000000, 0.000000000000000000 ) ) ;
#2867 = VECTOR ( 'NONE', #3810, 1000.000000000000000 ) ;
#2868 = AXIS2_PLACEMENT_3D ( 'NONE', #3310, #455, #1725 ) ;
#2869 = EDGE_LOOP ( 'NONE', ( #1650, #635 ) ) ;
#2870 = CIRCLE ( 'NONE', #1405, 2.199999999999994849 ) ;
#2871 = LINE ( 'NONE', #327, #2045 ) ;
#2872 = CARTESIAN_POINT ( 'NONE',  ( -4.666286167692971887, -159.7331740654040004, 59.69000000000004746 ) ) ;
#2873 = ORIENTED_EDGE ( 'NONE', *, *, #4076, .T. ) ;
#2874 = CARTESIAN_POINT ( 'NONE',  ( -65.69780626114331312, -133.3499999999999943, -22.29960754079041862 ) ) ;
#2875 = CARTESIAN_POINT ( 'NONE',  ( 3.091543583002315465, -169.4319999999999879, -54.60999999999998522 ) ) ;
#2876 = EDGE_CURVE ( 'NONE', #654, #77, #665, .T. ) ;
#2877 = ORIENTED_EDGE ( 'NONE', *, *, #2087, .F. ) ;
#2878 = LINE ( 'NONE', #3158, #1592 ) ;
#2879 = ORIENTED_EDGE ( 'NONE', *, *, #1091, .F. ) ;
#2880 = DIRECTION ( 'NONE',  ( 1.000000000000000000, 0.000000000000000000, 0.000000000000000000 ) ) ;
#2881 = CIRCLE ( 'NONE', #1619, 5.080000000000008065 ) ;
#2882 = ORIENTED_EDGE ( 'NONE', *, *, #445, .T. ) ;
#2883 = DIRECTION ( 'NONE',  ( -0.000000000000000000, 1.000000000000000000, -0.000000000000000000 ) ) ;
#2884 = DIRECTION ( 'NONE',  ( -1.000000000000000000, 0.000000000000000000, 0.000000000000000000 ) ) ;
#2885 = ORIENTED_EDGE ( 'NONE', *, *, #1822, .F. ) ;
#2886 = VECTOR ( 'NONE', #3270, 1000.000000000000114 ) ;
#2887 = AXIS2_PLACEMENT_3D ( 'NONE', #2359, #2941, #420 ) ;
#2888 = ORIENTED_EDGE ( 'NONE', *, *, #1083, .T. ) ;
#2889 = DIRECTION ( 'NONE',  ( 0.4067366430758009854, -0.000000000000000000, -0.9135454576426004225 ) ) ;
#2890 = DIRECTION ( 'NONE',  ( 0.000000000000000000, 0.000000000000000000, 1.000000000000000000 ) ) ;
#2891 = FACE_OUTER_BOUND ( 'NONE', #298, .T. ) ;
#2892 = ORIENTED_EDGE ( 'NONE', *, *, #485, .F. ) ;
#2893 = AXIS2_PLACEMENT_3D ( 'NONE', #4062, #2757, #3030 ) ;
#2894 = AXIS2_PLACEMENT_3D ( 'NONE', #3799, #3859, #2863 ) ;
#2895 =( GEOMETRIC_REPRESENTATION_CONTEXT ( 3 ) GLOBAL_UNCERTAINTY_ASSIGNED_CONTEXT ( ( #1969 ) ) GLOBAL_UNIT_ASSIGNED_CONTEXT ( ( #660, #3622, #2315 ) ) REPRESENTATION_CONTEXT ( 'NONE', 'WORKASPACE' ) );
#2896 = CARTESIAN_POINT ( 'NONE',  ( -8.644014404209281466, -147.4659028457231500, 44.44999999999999574 ) ) ;
#2897 = DIRECTION ( 'NONE',  ( 0.000000000000000000, -1.000000000000000000, -0.000000000000000000 ) ) ;
#2898 = VERTEX_POINT ( 'NONE', #1605 ) ;
#2899 = EDGE_CURVE ( 'NONE', #3856, #3876, #3282, .T. ) ;
#2900 = CARTESIAN_POINT ( 'NONE',  ( -8.510396002144808847, -87.62999999999998124, -44.44999999999999574 ) ) ;
#2901 = DIRECTION ( 'NONE',  ( -1.000000000000000000, 0.000000000000000000, -1.084912616036924266E-16 ) ) ;
#2902 = ORIENTED_EDGE ( 'NONE', *, *, #4117, .F. ) ;
#2903 = DIRECTION ( 'NONE',  ( 0.000000000000000000, -1.000000000000000000, 0.000000000000000000 ) ) ;
#2904 = AXIS2_PLACEMENT_3D ( 'NONE', #3637, #784, #2065 ) ;
#2905 = ORIENTED_EDGE ( 'NONE', *, *, #1837, .F. ) ;
#2906 = EDGE_CURVE ( 'NONE', #2016, #3274, #293, .T. ) ;
#2907 = CARTESIAN_POINT ( 'NONE',  ( -16.05039600214481155, -154.3934589431867153, 17.57598993040848612 ) ) ;
#2908 = CARTESIAN_POINT ( 'NONE',  ( -11.05039600214481688, -87.62999999999998124, 41.90999999999999659 ) ) ;
#2909 = VERTEX_POINT ( 'NONE', #2790 ) ;
#2910 = VERTEX_POINT ( 'NONE', #627 ) ;
#2911 = ADVANCED_FACE ( 'NONE', ( #3784 ), #543, .F. ) ;
#2912 = CARTESIAN_POINT ( 'NONE',  ( -9.907146151639878440, -87.62999999999996703, -35.63286781531692071 ) ) ;
#2913 = CARTESIAN_POINT ( 'NONE',  ( -11.05039600214480622, -111.9799664010997873, -38.39800107316462885 ) ) ;
#2914 = CARTESIAN_POINT ( 'NONE',  ( 0.000000000000000000, -435.6100000000001273, 50.79999999999999716 ) ) ;
#2915 = VERTEX_POINT ( 'NONE', #1899 ) ;
#2916 = VECTOR ( 'NONE', #3022, 1000.000000000000000 ) ;
#2917 = ADVANCED_FACE ( 'NONE', ( #2478 ), #1836, .F. ) ;
#2918 = CARTESIAN_POINT ( 'NONE',  ( 8.171543583002316424, -169.4319999999999879, 49.53000000000000114 ) ) ;
#2919 = CARTESIAN_POINT ( 'NONE',  ( -15.05039600214480977, -111.9799664010997873, -19.89800107316462530 ) ) ;
#2920 = VERTEX_POINT ( 'NONE', #2208 ) ;
#2921 = CARTESIAN_POINT ( 'NONE',  ( -11.05039600214480977, -91.97996640109978728, -18.39800107316462530 ) ) ;
#2922 = CARTESIAN_POINT ( 'NONE',  ( -11.03267722477384183, -96.32594676520592714, -42.24364080799421828 ) ) ;
#2923 = ORIENTED_EDGE ( 'NONE', *, *, #3645, .F. ) ;
#2924 = CARTESIAN_POINT ( 'NONE',  ( -31.99221194549086533, -133.3499999999999943, 45.02087705537056195 ) ) ;
#2925 = CIRCLE ( 'NONE', #2793, 1.500000000000001332 ) ;
#2926 = ORIENTED_EDGE ( 'NONE', *, *, #931, .F. ) ;
#2927 = CARTESIAN_POINT ( 'NONE',  ( -11.05039600214480622, -153.3968480519725688, -35.40703493043132966 ) ) ;
#2928 = DIRECTION ( 'NONE',  ( 1.241749088029210621E-16, 0.000000000000000000, -1.000000000000000000 ) ) ;
#2929 = EDGE_LOOP ( 'NONE', ( #1606, #3946, #358, #1749 ) ) ;
#2930 = ADVANCED_FACE ( 'NONE', ( #2167 ), #872, .F. ) ;
#2931 = VECTOR ( 'NONE', #909, 1000.000000000000000 ) ;
#2932 = AXIS2_PLACEMENT_3D ( 'NONE', #2129, #1479, #1189 ) ;
#2933 = EDGE_LOOP ( 'NONE', ( #3141, #1346, #371, #3768 ) ) ;
#2934 = EDGE_CURVE ( 'NONE', #1001, #928, #819, .T. ) ;
#2935 = CARTESIAN_POINT ( 'NONE',  ( -8.943011113457751904, -87.63000000000000966, -36.88334414533395034 ) ) ;
#2936 = DIRECTION ( 'NONE',  ( 1.000000000000000000, -0.000000000000000000, 1.241749088029210621E-16 ) ) ;
#2937 = VECTOR ( 'NONE', #1868, 1000.000000000000000 ) ;
#2938 = LINE ( 'NONE', #1409, #1839 ) ;
#2939 = ORIENTED_EDGE ( 'NONE', *, *, #393, .F. ) ;
#2940 = AXIS2_PLACEMENT_3D ( 'NONE', #2725, #172, #1088 ) ;
#2941 = DIRECTION ( 'NONE',  ( 1.000000000000000000, 0.000000000000000000, 0.000000000000000000 ) ) ;
#2942 = ADVANCED_FACE ( 'NONE', ( #2188 ), #223, .F. ) ;
#2943 = DIRECTION ( 'NONE',  ( -0.000000000000000000, 1.000000000000000000, -0.000000000000000000 ) ) ;
#2944 = EDGE_LOOP ( 'NONE', ( #1756, #1818, #494, #772 ) ) ;
#2945 = DIRECTION ( 'NONE',  ( -0.8660254037844353769, 0.000000000000000000, 0.5000000000000054401 ) ) ;
#2946 = DIRECTION ( 'NONE',  ( 1.000000000000000000, -0.000000000000000000, -0.000000000000000000 ) ) ;
#2947 = ORIENTED_EDGE ( 'NONE', *, *, #2982, .T. ) ;
#2948 = DIRECTION ( 'NONE',  ( 0.000000000000000000, 0.000000000000000000, 1.000000000000000000 ) ) ;
#2949 = CIRCLE ( 'NONE', #2619, 2.200000000000021494 ) ;
#2950 = EDGE_CURVE ( 'NONE', #98, #1433, #2091, .T. ) ;
#2951 = ORIENTED_EDGE ( 'NONE', *, *, #3719, .T. ) ;
#2952 = FACE_OUTER_BOUND ( 'NONE', #842, .T. ) ;
#2953 = DIRECTION ( 'NONE',  ( -0.9135454576426005335, 0.000000000000000000, -0.4067366430758010409 ) ) ;
#2954 = ORIENTED_EDGE ( 'NONE', *, *, #2294, .T. ) ;
#2955 = ADVANCED_FACE ( 'NONE', ( #3168 ), #3105, .T. ) ;
#2956 = AXIS2_PLACEMENT_3D ( 'NONE', #3385, #1801, #530 ) ;
#2957 = EDGE_LOOP ( 'NONE', ( #2580, #1574 ) ) ;
#2958 = CARTESIAN_POINT ( 'NONE',  ( -7.050396002144805330, -91.97996640109978728, -38.39800107316462885 ) ) ;
#2959 = CARTESIAN_POINT ( 'NONE',  ( -61.60466781104819489, 0.000000000000000000, 0.000000000000000000 ) ) ;
#2960 = DIRECTION ( 'NONE',  ( 0.7431448254773954654, 0.000000000000000000, -0.6691306063588569053 ) ) ;
#2961 = CIRCLE ( 'NONE', #1771, 3.700000000000015721 ) ;
#2962 = ORIENTED_EDGE ( 'NONE', *, *, #373, .T. ) ;
#2963 = ADVANCED_FACE ( 'NONE', ( #2499 ), #1815, .F. ) ;
#2964 = CARTESIAN_POINT ( 'NONE',  ( -11.05039600214481865, -94.60080972204480076, 42.02891940741794485 ) ) ;
#2965 = CARTESIAN_POINT ( 'NONE',  ( -7.050396002144810659, -97.24345894318669536, 36.62598993040849393 ) ) ;
#2966 = ORIENTED_EDGE ( 'NONE', *, *, #3738, .F. ) ;
#2967 = CIRCLE ( 'NONE', #3500, 5.080000000000008065 ) ;
#2968 = ADVANCED_FACE ( 'NONE', ( #1497 ), #1858, .F. ) ;
#2969 = DIRECTION ( 'NONE',  ( -5.980805065379273823E-16, 0.000000000000000000, 1.000000000000000000 ) ) ;
#2970 = ADVANCED_FACE ( 'NONE', ( #3417 ), #1169, .F. ) ;
#2971 = DIRECTION ( 'NONE',  ( -1.000000000000000000, 0.000000000000000000, -1.084912616036924266E-16 ) ) ;
#2972 = DIRECTION ( 'NONE',  ( -0.000000000000000000, -1.000000000000000000, -0.000000000000000000 ) ) ;
#2973 = VECTOR ( 'NONE', #4102, 1000.000000000000000 ) ;
#2974 = VERTEX_POINT ( 'NONE', #1228 ) ;
#2975 = DIRECTION ( 'NONE',  ( -0.000000000000000000, 1.000000000000000000, -0.000000000000000000 ) ) ;
#2976 = CARTESIAN_POINT ( 'NONE',  ( -16.05039600214481155, -153.3968480519725688, -37.60703493043135381 ) ) ;
#2977 = ORIENTED_EDGE ( 'NONE', *, *, #3964, .F. ) ;
#2978 = EDGE_LOOP ( 'NONE', ( #3334, #2775 ) ) ;
#2979 = FACE_OUTER_BOUND ( 'NONE', #1254, .T. ) ;
#2980 = CARTESIAN_POINT ( 'NONE',  ( -16.05039600214481155, -124.1868480519726319, -21.97589818040648524 ) ) ;
#2981 = DIRECTION ( 'NONE',  ( 0.000000000000000000, 1.000000000000000000, 0.000000000000000000 ) ) ;
#2982 = EDGE_CURVE ( 'NONE', #2799, #980, #1187, .T. ) ;
#2983 = VERTEX_POINT ( 'NONE', #1880 ) ;
#2984 = CARTESIAN_POINT ( 'NONE',  ( -11.05039600214481688, -100.1056502166349844, 41.90999999999999659 ) ) ;
#2985 = CARTESIAN_POINT ( 'NONE',  ( -7.050396002144915464, -91.97996640109978728, -34.89800107316461464 ) ) ;
#2986 = ORIENTED_EDGE ( 'NONE', *, *, #3964, .T. ) ;
#2987 = CARTESIAN_POINT ( 'NONE',  ( -16.05039600214481155, -153.3968480519725688, -37.60703493043135381 ) ) ;
#2988 = CARTESIAN_POINT ( 'NONE',  ( -53.69588676483306955, -133.3499999999999943, -30.85788943929610184 ) ) ;
#2989 = DIRECTION ( 'NONE',  ( -0.000000000000000000, 1.000000000000000000, -0.000000000000000000 ) ) ;
#2990 = EDGE_CURVE ( 'NONE', #3994, #2620, #285, .T. ) ;
#2991 = ORIENTED_EDGE ( 'NONE', *, *, #790, .F. ) ;
#2992 = LINE ( 'NONE', #1402, #332 ) ;
#2993 = DIRECTION ( 'NONE',  ( 0.000000000000000000, 1.000000000000000000, 0.000000000000000000 ) ) ;
#2994 = ORIENTED_EDGE ( 'NONE', *, *, #4110, .T. ) ;
#2995 = EDGE_CURVE ( 'NONE', #366, #1401, #2949, .T. ) ;
#2996 = CIRCLE ( 'NONE', #859, 3.700000000000026379 ) ;
#2997 = ORIENTED_EDGE ( 'NONE', *, *, #3468, .F. ) ;
#2998 = CARTESIAN_POINT ( 'NONE',  ( -11.02097774120511886, -99.20077792439545306, 42.31134973520082099 ) ) ;
#2999 = CARTESIAN_POINT ( 'NONE',  ( 0.000000000000000000, 12.69999999999999929, 0.000000000000000000 ) ) ;
#3000 = DIRECTION ( 'NONE',  ( 1.000000000000000000, 0.000000000000000000, 0.000000000000000000 ) ) ;
#3001 = CARTESIAN_POINT ( 'NONE',  ( -56.27866444836439541, -133.3499999999999943, 25.05687578326561038 ) ) ;
#3002 = EDGE_LOOP ( 'NONE', ( #1178, #2546, #2786, #897 ) ) ;
#3003 = VECTOR ( 'NONE', #2218, 1000.000000000000114 ) ;
#3004 = FACE_OUTER_BOUND ( 'NONE', #1246, .T. ) ;
#3005 = DIRECTION ( 'NONE',  ( 0.000000000000000000, 0.000000000000000000, 1.000000000000000000 ) ) ;
#3006 = ORIENTED_EDGE ( 'NONE', *, *, #693, .T. ) ;
#3007 = ADVANCED_FACE ( 'NONE', ( #2127 ), #3396, .F. ) ;
#3008 = FACE_OUTER_BOUND ( 'NONE', #1883, .T. ) ;
#3009 = FACE_OUTER_BOUND ( 'NONE', #2957, .T. ) ;
#3010 = CONICAL_SURFACE ( 'NONE', #2940, 3.500000000000010214, 0.5235987755983048109 ) ;
#3011 = CARTESIAN_POINT ( 'NONE',  ( -26.61408714213629167, -169.4319999999999879, 35.77235401931968539 ) ) ;
#3012 = ADVANCED_FACE ( 'NONE', ( #2979 ), #2583, .F. ) ;
#3013 = ORIENTED_EDGE ( 'NONE', *, *, #1296, .F. ) ;
#3014 = DIRECTION ( 'NONE',  ( 1.000000000000000000, -0.000000000000000000, 1.241749088029210621E-16 ) ) ;
#3015 = CYLINDRICAL_SURFACE ( 'NONE', #3283, 6.349999999999998757 ) ;
#3016 = VERTEX_POINT ( 'NONE', #3269 ) ;
#3017 = AXIS2_PLACEMENT_3D ( 'NONE', #1419, #91, #3654 ) ;
#3018 = EDGE_CURVE ( 'NONE', #837, #3630, #3203, .T. ) ;
#3019 = EDGE_CURVE ( 'NONE', #2648, #403, #1309, .T. ) ;
#3020 = VERTEX_POINT ( 'NONE', #1386 ) ;
#3021 = CARTESIAN_POINT ( 'NONE',  ( 3.091543583002317241, -254.0000000000000000, -44.45000000000000284 ) ) ;
#3022 = DIRECTION ( 'NONE',  ( 0.000000000000000000, 1.000000000000000000, 0.000000000000000000 ) ) ;
#3023 = CARTESIAN_POINT ( 'NONE',  ( 3.091543583002316797, -87.62999999999998124, 49.53000000000000114 ) ) ;
#3024 = ORIENTED_EDGE ( 'NONE', *, *, #1056, .T. ) ;
#3025 = ADVANCED_FACE ( 'NONE', ( #1011, #2266 ), #416, .T. ) ;
#3026 = VECTOR ( 'NONE', #3854, 1000.000000000000000 ) ;
#3027 = DIRECTION ( 'NONE',  ( -0.000000000000000000, 1.000000000000000000, -0.000000000000000000 ) ) ;
#3028 = FACE_OUTER_BOUND ( 'NONE', #2200, .T. ) ;
#3029 = ORIENTED_EDGE ( 'NONE', *, *, #693, .F. ) ;
#3030 = DIRECTION ( 'NONE',  ( 2.478176394252574238E-16, 0.000000000000000000, -1.000000000000000000 ) ) ;
#3031 = DIRECTION ( 'NONE',  ( -0.000000000000000000, 1.000000000000000000, -0.000000000000000000 ) ) ;
#3032 = ORIENTED_EDGE ( 'NONE', *, *, #3189, .F. ) ;
#3033 = CARTESIAN_POINT ( 'NONE',  ( 8.171543583002316424, -169.4319999999999879, 54.60999999999998522 ) ) ;
#3034 = CIRCLE ( 'NONE', #567, 2.199999999999994849 ) ;
#3035 = EDGE_CURVE ( 'NONE', #1438, #3551, #217, .T. ) ;
#3036 = AXIS2_PLACEMENT_3D ( 'NONE', #1698, #2969, #3921 ) ;
#3037 = ORIENTED_EDGE ( 'NONE', *, *, #3723, .F. ) ;
#3038 = AXIS2_PLACEMENT_3D ( 'NONE', #3023, #2716, #3977 ) ;
#3039 = CARTESIAN_POINT ( 'NONE',  ( -25.08647081916205934, -113.0299999999999017, 65.18965778280575307 ) ) ;
#3040 = DIRECTION ( 'NONE',  ( 0.000000000000000000, 1.000000000000000000, 0.000000000000000000 ) ) ;
#3041 = EDGE_LOOP ( 'NONE', ( #800, #3381 ) ) ;
#3042 = VERTEX_POINT ( 'NONE', #99 ) ;
#3043 = ORIENTED_EDGE ( 'NONE', *, *, #3317, .F. ) ;
#3044 = DIRECTION ( 'NONE',  ( -0.000000000000000000, 1.000000000000000000, -0.000000000000000000 ) ) ;
#3045 = CARTESIAN_POINT ( 'NONE',  ( -7.050396002144808882, -111.9799664010997873, -18.39800107316462530 ) ) ;
#3046 = ORIENTED_EDGE ( 'NONE', *, *, #3689, .F. ) ;
#3047 = EDGE_CURVE ( 'NONE', #1846, #440, #1530, .T. ) ;
#3048 = AXIS2_PLACEMENT_3D ( 'NONE', #1613, #1031, #3577 ) ;
#3049 = CARTESIAN_POINT ( 'NONE',  ( -7.050396002144844410, -97.24345894318669536, 17.57598993040849678 ) ) ;
#3050 = DIRECTION ( 'NONE',  ( 0.000000000000000000, 0.000000000000000000, -1.000000000000000000 ) ) ;
#3051 = ORIENTED_EDGE ( 'NONE', *, *, #145, .T. ) ;
#3052 = DIRECTION ( 'NONE',  ( -1.000000000000000000, -0.000000000000000000, -1.241749088029210621E-16 ) ) ;
#3053 = CARTESIAN_POINT ( 'NONE',  ( -41.50992569033925150, -133.3499999999999943, -55.59136905296102782 ) ) ;
#3054 = CARTESIAN_POINT ( 'NONE',  ( -69.85099999999999909, -115.8913243749326369, -6.858330662837502700 ) ) ;
#3055 = CIRCLE ( 'NONE', #3386, 17.77999999999999758 ) ;
#3056 = VERTEX_POINT ( 'NONE', #1368 ) ;
#3057 = CARTESIAN_POINT ( 'NONE',  ( -15.05039600214480622, -111.9799664010997873, -39.89800107316462885 ) ) ;
#3058 = DIRECTION ( 'NONE',  ( -0.000000000000000000, -1.000000000000000000, -0.000000000000000000 ) ) ;
#3059 = EDGE_LOOP ( 'NONE', ( #2663, #804 ) ) ;
#3060 = ORIENTED_EDGE ( 'NONE', *, *, #1667, .F. ) ;
#3061 = DIRECTION ( 'NONE',  ( -7.070535267834152481E-17, -1.000000000000000000, 0.000000000000000000 ) ) ;
#3062 = CARTESIAN_POINT ( 'NONE',  ( -61.60466781104819489, 25.77737000652124877, 9.719370233921409863 ) ) ;
#3063 = VECTOR ( 'NONE', #3797, 1000.000000000000114 ) ;
#3064 = ADVANCED_FACE ( 'NONE', ( #3248 ), #1037, .F. ) ;
#3065 = DIRECTION ( 'NONE',  ( -1.000000000000000000, 0.000000000000000000, 2.375519994490664161E-16 ) ) ;
#3066 = LINE ( 'NONE', #2444, #1171 ) ;
#3067 = ORIENTED_EDGE ( 'NONE', *, *, #2635, .T. ) ;
#3068 = AXIS2_PLACEMENT_3D ( 'NONE', #1197, #3409, #3136 ) ;
#3069 = VECTOR ( 'NONE', #2943, 1000.000000000000000 ) ;
#3070 = CYLINDRICAL_SURFACE ( 'NONE', #1236, 69.84999999999999432 ) ;
#3071 =( NAMED_UNIT ( * ) PLANE_ANGLE_UNIT ( ) SI_UNIT ( $, .RADIAN. ) );
#3072 = CARTESIAN_POINT ( 'NONE',  ( -8.638522055150893664, -87.62999999999999545, -19.18756445225960761 ) ) ;
#3073 = VECTOR ( 'NONE', #3394, 1000.000000000000114 ) ;
#3074 = ORIENTED_EDGE ( 'NONE', *, *, #3322, .T. ) ;
#3075 = CARTESIAN_POINT ( 'NONE',  ( -10.70550225553628998, -114.9121497898643440, -43.19936799671354066 ) ) ;
#3076 = CARTESIAN_POINT ( 'NONE',  ( -25.08647081916206290, -154.3513605428498181, 6.858330662837489378 ) ) ;
#3077 = VERTEX_POINT ( 'NONE', #436 ) ;
#3078 = VERTEX_POINT ( 'NONE', #2313 ) ;
#3079 = DIRECTION ( 'NONE',  ( 0.000000000000000000, 0.000000000000000000, 1.000000000000000000 ) ) ;
#3080 = CARTESIAN_POINT ( 'NONE',  ( -4.666286167692961229, -147.4659028457231500, 44.45000000000000284 ) ) ;
#3081 = ADVANCED_FACE ( 'NONE', ( #3580, #3912 ), #3602, .F. ) ;
#3082 = EDGE_CURVE ( 'NONE', #1920, #3745, #3620, .T. ) ;
#3083 = CARTESIAN_POINT ( 'NONE',  ( -16.05039600214481155, -97.24345894318669536, 36.62598993040849393 ) ) ;
#3084 = DIRECTION ( 'NONE',  ( 0.000000000000000000, 0.000000000000000000, 1.000000000000000000 ) ) ;
#3085 = DIRECTION ( 'NONE',  ( 0.000000000000000000, 0.000000000000000000, -1.000000000000000000 ) ) ;
#3086 = ORIENTED_EDGE ( 'NONE', *, *, #1952, .F. ) ;
#3087 = AXIS2_PLACEMENT_3D ( 'NONE', #1976, #3180, #319 ) ;
#3088 = CARTESIAN_POINT ( 'NONE',  ( -7.050396002144899477, -111.9799664010997873, -18.39800107316462530 ) ) ;
#3089 = DIRECTION ( 'NONE',  ( 0.000000000000000000, 0.000000000000000000, -1.000000000000000000 ) ) ;
#3090 = B_SPLINE_CURVE_WITH_KNOTS ( 'NONE', 3,
 ( #3306, #129, #533, #2349, #3969, #3075, #1380, #2064, #763, #2665, #2042, #1741 ),
 .UNSPECIFIED., .F., .F.,
 ( 4, 2, 2, 2, 2, 4 ),
 ( 0.005193367987171242268, 0.006493640887173440790, 0.007793913787175640179, 0.009094186687177839568, 0.009744323137178937527, 0.01039445958718003722 ),
 .UNSPECIFIED. ) ;
#3091 = CARTESIAN_POINT ( 'NONE',  ( -4.666286167692971887, -159.7331740654040004, 59.69000000000004746 ) ) ;
#3092 = AXIS2_PLACEMENT_3D ( 'NONE', #3130, #1255, #1862 ) ;
#3093 = AXIS2_PLACEMENT_3D ( 'NONE', #2846, #3776, #3474 ) ;
#3094 = ADVANCED_FACE ( 'NONE', ( #1430, #1494, #1473 ), #2455, .F. ) ;
#3095 = EDGE_LOOP ( 'NONE', ( #3988, #2429, #3543, #2819 ) ) ;
#3096 = DIRECTION ( 'NONE',  ( -0.000000000000000000, -0.000000000000000000, 1.000000000000000000 ) ) ;
#3097 = CARTESIAN_POINT ( 'NONE',  ( -25.08647081916207711, -154.3513605428498181, 6.858330662837489378 ) ) ;
#3098 = ORIENTED_EDGE ( 'NONE', *, *, #2592, .T. ) ;
#3099 = CARTESIAN_POINT ( 'NONE',  ( 0.000000000000000000, -87.62999999999998124, -50.79999999999999716 ) ) ;
#3100 = ORIENTED_EDGE ( 'NONE', *, *, #203, .T. ) ;
#3101 = AXIS2_PLACEMENT_3D ( 'NONE', #646, #3206, #347 ) ;
#3102 = VERTEX_POINT ( 'NONE', #184 ) ;
#3103 = DIRECTION ( 'NONE',  ( 1.000000000000000000, 0.000000000000000000, 0.000000000000000000 ) ) ;
#3104 = FACE_OUTER_BOUND ( 'NONE', #3095, .T. ) ;
#3105 = PLANE ( 'NONE',  #2422 ) ;
#3106 = EDGE_CURVE ( 'NONE', #1321, #3724, #2541, .T. ) ;
#3107 = EDGE_CURVE ( 'NONE', #1640, #1244, #1603, .T. ) ;
#3108 = DIRECTION ( 'NONE',  ( 1.000000000000000000, 0.000000000000000000, 0.000000000000000000 ) ) ;
#3109 = LINE ( 'NONE', #246, #1565 ) ;
#3110 = ORIENTED_EDGE ( 'NONE', *, *, #1610, .F. ) ;
#3111 = CARTESIAN_POINT ( 'NONE',  ( -15.05039600214480977, -91.97996640109978728, -18.39800107316462530 ) ) ;
#3112 = DIRECTION ( 'NONE',  ( 0.000000000000000000, 0.000000000000000000, -1.000000000000000000 ) ) ;
#3113 = EDGE_CURVE ( 'NONE', #1967, #218, #1746, .T. ) ;
#3114 = CARTESIAN_POINT ( 'NONE',  ( -7.050396002144810659, -154.3934589431867153, 15.37598993040836426 ) ) ;
#3115 = ADVANCED_FACE ( 'NONE', ( #1184 ), #787, .F. ) ;
#3116 = ORIENTED_EDGE ( 'NONE', *, *, #485, .T. ) ;
#3117 = DIRECTION ( 'NONE',  ( 0.000000000000000000, 0.000000000000000000, -1.000000000000000000 ) ) ;
#3118 = DIRECTION ( 'NONE',  ( 1.000000000000000000, 0.000000000000000000, 0.000000000000000000 ) ) ;
#3119 = ORIENTED_EDGE ( 'NONE', *, *, #1308, .F. ) ;
#3120 = CARTESIAN_POINT ( 'NONE',  ( -36.27845641699767754, -87.62999999999998124, 59.68999999999999062 ) ) ;
#3121 = CIRCLE ( 'NONE', #1857, 1.500000000000001332 ) ;
#3122 = EDGE_CURVE ( 'NONE', #3756, #689, #307, .T. ) ;
#3123 = CARTESIAN_POINT ( 'NONE',  ( -7.050396002144810659, -97.24345894318669536, 15.37598993040837492 ) ) ;
#3124 = LINE ( 'NONE', #3166, #590 ) ;
#3125 = DIRECTION ( 'NONE',  ( -0.6691306063588569053, -0.000000000000000000, 0.7431448254773955764 ) ) ;
#3126 = CARTESIAN_POINT ( 'NONE',  ( -8.644014404209290348, -147.4659028457231500, 59.69000000000004036 ) ) ;
#3127 = CARTESIAN_POINT ( 'NONE',  ( -10.97741385374624379, -107.9529245150070835, -42.53201758724915038 ) ) ;
#3128 = AXIS2_PLACEMENT_3D ( 'NONE', #3879, #6, #1024 ) ;
#3129 = ORIENTED_EDGE ( 'NONE', *, *, #3329, .F. ) ;
#3130 = CARTESIAN_POINT ( 'NONE',  ( 0.000000000000000000, -169.4319999999999879, 0.000000000000000000 ) ) ;
#3131 = CARTESIAN_POINT ( 'NONE',  ( -16.05039600214481155, -124.1868480519726319, -24.17589818040650229 ) ) ;
#3132 = CARTESIAN_POINT ( 'NONE',  ( -8.697463837972392753, -87.62999999999999545, -17.43893817415438718 ) ) ;
#3133 = ADVANCED_FACE ( 'NONE', ( #135 ), #2342, .T. ) ;
#3134 = AXIS2_PLACEMENT_3D ( 'NONE', #483, #2612, #3875 ) ;
#3135 = ORIENTED_EDGE ( 'NONE', *, *, #3801, .T. ) ;
#3136 = DIRECTION ( 'NONE',  ( 0.000000000000000000, 0.000000000000000000, -1.000000000000000000 ) ) ;
#3137 = DIRECTION ( 'NONE',  ( 0.000000000000000000, 0.000000000000000000, -1.000000000000000000 ) ) ;
#3138 = VERTEX_POINT ( 'NONE', #1145 ) ;
#3139 = CARTESIAN_POINT ( 'NONE',  ( -61.60466781104819489, -133.3499999999999943, 1.335756494901693491E-14 ) ) ;
#3140 = EDGE_CURVE ( 'NONE', #1199, #2648, #2420, .T. ) ;
#3141 = ORIENTED_EDGE ( 'NONE', *, *, #4008, .F. ) ;
#3142 = EDGE_LOOP ( 'NONE', ( #2095, #1385, #2302, #2298 ) ) ;
#3143 = DIRECTION ( 'NONE',  ( -0.000000000000000000, -1.000000000000000000, -0.000000000000000000 ) ) ;
#3144 = DIRECTION ( 'NONE',  ( -0.6691306063588570163, -0.000000000000000000, -0.7431448254773954654 ) ) ;
#3145 = ADVANCED_FACE ( 'NONE', ( #831 ), #1407, .F. ) ;
#3146 = EDGE_CURVE ( 'NONE', #1657, #216, #2769, .T. ) ;
#3147 = CARTESIAN_POINT ( 'NONE',  ( -26.61408714213629167, 25.77737000652124877, -35.77235401931968539 ) ) ;
#3148 = CARTESIAN_POINT ( 'NONE',  ( -16.05039600214481155, -97.24345894318669536, 34.42598993040837030 ) ) ;
#3149 = CARTESIAN_POINT ( 'NONE',  ( -26.61408714213629167, -113.0299999999999017, 35.77235401931968539 ) ) ;
#3150 = VERTEX_POINT ( 'NONE', #1165 ) ;
#3151 = EDGE_CURVE ( 'NONE', #2640, #973, #2047, .T. ) ;
#3152 = FACE_BOUND ( 'NONE', #3059, .T. ) ;
#3153 = DIRECTION ( 'NONE',  ( 1.000000000000000000, 0.000000000000000000, 0.000000000000000000 ) ) ;
#3154 = LINE ( 'NONE', #351, #3026 ) ;
#3155 = EDGE_LOOP ( 'NONE', ( #2991, #1861, #565, #3524 ) ) ;
#3156 = AXIS2_PLACEMENT_3D ( 'NONE', #404, #2304, #2948 ) ;
#3157 = DIRECTION ( 'NONE',  ( 0.000000000000000000, -1.000000000000000000, 0.000000000000000000 ) ) ;
#3158 = CARTESIAN_POINT ( 'NONE',  ( -25.08647081916205579, -113.0299999999999017, 53.55235401931967942 ) ) ;
#3159 = AXIS2_PLACEMENT_3D ( 'NONE', #3111, #248, #487 ) ;
#3160 = ORIENTED_EDGE ( 'NONE', *, *, #324, .F. ) ;
#3161 = CYLINDRICAL_SURFACE ( 'NONE', #1772, 6.349999999999996980 ) ;
#3162 = ADVANCED_FACE ( 'NONE', ( #2691 ), #2714, .F. ) ;
#3163 = VECTOR ( 'NONE', #2633, 1000.000000000000000 ) ;
#3164 = VERTEX_POINT ( 'NONE', #538 ) ;
#3165 = DIRECTION ( 'NONE',  ( -0.4067366430758011520, 0.000000000000000000, -0.9135454576426004225 ) ) ;
#3166 = CARTESIAN_POINT ( 'NONE',  ( -34.81924231411538528, 25.77737000652124877, -51.54587070405884930 ) ) ;
#3167 = VECTOR ( 'NONE', #2493, 1000.000000000000000 ) ;
#3168 = FACE_OUTER_BOUND ( 'NONE', #67, .T. ) ;
#3170 = CIRCLE ( 'NONE', #1105, 5.809401076758479832 ) ;
#3169 = CARTESIAN_POINT ( 'NONE',  ( -60.56607540302641723, -169.4319999999999879, 15.42719311425495121 ) ) ;
#3171 = CARTESIAN_POINT ( 'NONE',  ( -10.26017045602887379, -111.7615814696977594, -43.75116521815255766 ) ) ;
#3172 = AXIS2_PLACEMENT_3D ( 'NONE', #4001, #2423, #3685 ) ;
#3173 = ORIENTED_EDGE ( 'NONE', *, *, #2087, .T. ) ;
#3174 = DIRECTION ( 'NONE',  ( 0.000000000000000000, 0.000000000000000000, -1.000000000000000000 ) ) ;
#3175 = DIRECTION ( 'NONE',  ( 1.000000000000000000, 0.000000000000000000, -0.000000000000000000 ) ) ;
#3176 = EDGE_LOOP ( 'NONE', ( #3260, #3501, #685, #1423 ) ) ;
#3177 = DIRECTION ( 'NONE',  ( 1.241749088029210621E-16, 0.000000000000000000, -1.000000000000000000 ) ) ;
#3178 = DIRECTION ( 'NONE',  ( 0.000000000000000000, -1.000000000000000000, -0.000000000000000000 ) ) ;
#3179 = ORIENTED_EDGE ( 'NONE', *, *, #2613, .F. ) ;
#3180 = DIRECTION ( 'NONE',  ( -1.000000000000000000, 0.000000000000000000, -1.084912616036924266E-16 ) ) ;
#3181 = ORIENTED_EDGE ( 'NONE', *, *, #1539, .T. ) ;
#3182 = DIRECTION ( 'NONE',  ( -0.000000000000000000, -1.000000000000000000, -0.000000000000000000 ) ) ;
#3183 = DIRECTION ( 'NONE',  ( -0.7431448254773953543, 0.000000000000000000, -0.6691306063588570163 ) ) ;
#3184 = CIRCLE ( 'NONE', #1316, 5.809401076758479832 ) ;
#3185 = VERTEX_POINT ( 'NONE', #1812 ) ;
#3186 = CARTESIAN_POINT ( 'NONE',  ( -11.05039600214481155, -115.8913243749326369, -6.858330662837495595 ) ) ;
#3187 = CARTESIAN_POINT ( 'NONE',  ( -10.93977239056542139, -108.1232112049089693, -42.66208310905956580 ) ) ;
#3188 = ORIENTED_EDGE ( 'NONE', *, *, #1459, .F. ) ;
#3189 = EDGE_CURVE ( 'NONE', #1327, #3674, #3730, .T. ) ;
#3190 = DIRECTION ( 'NONE',  ( 0.000000000000000000, 0.000000000000000000, -1.000000000000000000 ) ) ;
#3191 = CIRCLE ( 'NONE', #1929, 5.809401076758479832 ) ;
#3192 = DIRECTION ( 'NONE',  ( 1.000000000000000000, 0.000000000000000000, 1.241749088029210621E-16 ) ) ;
#3193 = ORIENTED_EDGE ( 'NONE', *, *, #1852, .F. ) ;
#3194 = CARTESIAN_POINT ( 'NONE',  ( -20.08647081916206290, -99.04046254401986005, -2.179206560336645595E-15 ) ) ;
#3195 = VERTEX_POINT ( 'NONE', #1101 ) ;
#3196 = DIRECTION ( 'NONE',  ( 0.000000000000000000, 0.000000000000000000, -1.000000000000000000 ) ) ;
#3197 = ORIENTED_EDGE ( 'NONE', *, *, #761, .T. ) ;
#3198 = DIRECTION ( 'NONE',  ( 0.000000000000000000, 0.000000000000000000, 1.000000000000000000 ) ) ;
#3199 = DIRECTION ( 'NONE',  ( -0.4067366430758009854, 0.000000000000000000, 0.9135454576426004225 ) ) ;
#3200 = ORIENTED_EDGE ( 'NONE', *, *, #3254, .F. ) ;
#3201 = AXIS2_PLACEMENT_3D ( 'NONE', #3647, #2297, #3277 ) ;
#3202 = ORIENTED_EDGE ( 'NONE', *, *, #2215, .T. ) ;
#3203 = LINE ( 'NONE', #116, #1481 ) ;
#3204 = AXIS2_PLACEMENT_3D ( 'NONE', #3728, #1483, #3089 ) ;
#3205 = CARTESIAN_POINT ( 'NONE',  ( -7.050396002144915464, -111.9799664010997873, -38.39800107316462885 ) ) ;
#3206 = DIRECTION ( 'NONE',  ( 0.000000000000000000, -1.000000000000000000, 0.000000000000000000 ) ) ;
#3207 = VERTEX_POINT ( 'NONE', #2068 ) ;
#3208 = EDGE_CURVE ( 'NONE', #3584, #854, #3331, .T. ) ;
#3209 = DIRECTION ( 'NONE',  ( 1.000000000000000000, 0.000000000000000000, 0.000000000000000000 ) ) ;
#3210 = DIRECTION ( 'NONE',  ( -0.000000000000000000, 1.000000000000000000, -0.000000000000000000 ) ) ;
#3211 = ORIENTED_EDGE ( 'NONE', *, *, #1610, .T. ) ;
#3212 = ORIENTED_EDGE ( 'NONE', *, *, #3681, .F. ) ;
#3213 = CARTESIAN_POINT ( 'NONE',  ( -11.05039600214480799, -96.60760126229506284, -41.90999999999999659 ) ) ;
#3214 = ORIENTED_EDGE ( 'NONE', *, *, #2369, .T. ) ;
#3215 = CARTESIAN_POINT ( 'NONE',  ( -25.08647081916206290, -115.8913243749326369, -6.858330662837502700 ) ) ;
#3216 = EDGE_CURVE ( 'NONE', #2733, #2711, #2496, .T. ) ;
#3217 = VECTOR ( 'NONE', #2175, 1000.000000000000000 ) ;
#3218 = VECTOR ( 'NONE', #2343, 1000.000000000000000 ) ;
#3219 = EDGE_LOOP ( 'NONE', ( #2594, #1637 ) ) ;
#3220 = DIRECTION ( 'NONE',  ( 0.000000000000000000, 0.000000000000000000, -1.000000000000000000 ) ) ;
#3221 = CARTESIAN_POINT ( 'NONE',  ( 0.000000000000000000, 25.77737000652124877, 0.000000000000000000 ) ) ;
#3222 = EDGE_LOOP ( 'NONE', ( #3535, #814, #35, #1076 ) ) ;
#3223 = AXIS2_PLACEMENT_3D ( 'NONE', #611, #2267, #2174 ) ;
#3224 = ADVANCED_FACE ( 'NONE', ( #3802 ), #2538, .F. ) ;
#3225 = ORIENTED_EDGE ( 'NONE', *, *, #1206, .T. ) ;
#3226 = DIRECTION ( 'NONE',  ( 0.000000000000000000, 0.000000000000000000, -1.000000000000000000 ) ) ;
#3227 = PLANE ( 'NONE',  #1092 ) ;
#3228 = LINE ( 'NONE', #3539, #1098 ) ;
#3229 = CIRCLE ( 'NONE', #1767, 69.84999999999996589 ) ;
#3230 = ORIENTED_EDGE ( 'NONE', *, *, #1907, .F. ) ;
#3231 = AXIS2_PLACEMENT_3D ( 'NONE', #3690, #1175, #3383 ) ;
#3232 = AXIS2_PLACEMENT_3D ( 'NONE', #2804, #3477, #1200 ) ;
#3233 = FACE_OUTER_BOUND ( 'NONE', #780, .T. ) ;
#3234 = ORIENTED_EDGE ( 'NONE', *, *, #1986, .T. ) ;
#3235 = EDGE_CURVE ( 'NONE', #3578, #3077, #1941, .T. ) ;
#3236 = ORIENTED_EDGE ( 'NONE', *, *, #3793, .T. ) ;
#3237 = CARTESIAN_POINT ( 'NONE',  ( -11.05039600214480977, -111.9799664010997873, -18.39800107316462530 ) ) ;
#3238 = ORIENTED_EDGE ( 'NONE', *, *, #2681, .F. ) ;
#3239 = CARTESIAN_POINT ( 'NONE',  ( -41.22156872694263541, -133.3499999999999943, -45.78119010903431985 ) ) ;
#3240 = EDGE_CURVE ( 'NONE', #907, #1529, #1471, .T. ) ;
#3241 = AXIS2_PLACEMENT_3D ( 'NONE', #2622, #2539, #643 ) ;
#3242 = ORIENTED_EDGE ( 'NONE', *, *, #3770, .T. ) ;
#3243 = FACE_OUTER_BOUND ( 'NONE', #219, .T. ) ;
#3244 = DIRECTION ( 'NONE',  ( 1.000000000000000000, -0.000000000000000000, -0.000000000000000000 ) ) ;
#3245 = ORIENTED_EDGE ( 'NONE', *, *, #2176, .T. ) ;
#3246 = ADVANCED_FACE ( 'NONE', ( #2185 ), #2162, .F. ) ;
#3247 = ORIENTED_EDGE ( 'NONE', *, *, #2713, .T. ) ;
#3248 = FACE_OUTER_BOUND ( 'NONE', #1297, .T. ) ;
#3249 = LINE ( 'NONE', #680, #1623 ) ;
#3250 = CARTESIAN_POINT ( 'NONE',  ( -7.050396002144810659, -124.1868480519726319, -21.97589818040648524 ) ) ;
#3251 = VERTEX_POINT ( 'NONE', #3123 ) ;
#3252 = AXIS2_PLACEMENT_3D ( 'NONE', #4075, #3144, #1225 ) ;
#3253 = DIRECTION ( 'NONE',  ( 0.000000000000000000, 0.000000000000000000, -1.000000000000000000 ) ) ;
#3254 = EDGE_CURVE ( 'NONE', #12, #3388, #1400, .T. ) ;
#3255 = CARTESIAN_POINT ( 'NONE',  ( -48.44446842318028956, -113.0299999999999017, -39.27766201098432930 ) ) ;
#3256 = ORIENTED_EDGE ( 'NONE', *, *, #3549, .T. ) ;
#3257 = DIRECTION ( 'NONE',  ( 1.000000000000000000, 0.000000000000000000, 0.000000000000000000 ) ) ;
#3258 = EDGE_CURVE ( 'NONE', #1282, #4092, #1875, .T. ) ;
#3259 = DIRECTION ( 'NONE',  ( 1.000000000000000000, 0.000000000000000000, 0.000000000000000000 ) ) ;
#3260 = ORIENTED_EDGE ( 'NONE', *, *, #1794, .T. ) ;
#3261 = FACE_OUTER_BOUND ( 'NONE', #213, .T. ) ;
#3262 = ORIENTED_EDGE ( 'NONE', *, *, #2477, .F. ) ;
#3263 = CARTESIAN_POINT ( 'NONE',  ( -58.92997225528787908, -169.4319999999999879, -37.50041159762118070 ) ) ;
#3264 = CARTESIAN_POINT ( 'NONE',  ( -60.23188847012047376, -169.4319999999999879, -16.17778925491995068 ) ) ;
#3265 = ORIENTED_EDGE ( 'NONE', *, *, #61, .F. ) ;
#3266 = AXIS2_PLACEMENT_3D ( 'NONE', #2415, #843, #2372 ) ;
#3267 = AXIS2_PLACEMENT_3D ( 'NONE', #1, #1966, #684 ) ;
#3268 = ORIENTED_EDGE ( 'NONE', *, *, #775, .F. ) ;
#3269 = CARTESIAN_POINT ( 'NONE',  ( -7.050396002144810659, -154.3934589431867153, 13.87598993040836604 ) ) ;
#3270 = DIRECTION ( 'NONE',  ( -0.6691306063588569053, -0.000000000000000000, -0.7431448254773953543 ) ) ;
#3271 = VECTOR ( 'NONE', #642, 1000.000000000000000 ) ;
#3272 = LINE ( 'NONE', #2629, #2164 ) ;
#3273 = EDGE_CURVE ( 'NONE', #3020, #1285, #602, .T. ) ;
#3274 = VERTEX_POINT ( 'NONE', #2205 ) ;
#3275 = VECTOR ( 'NONE', #466, 1000.000000000000000 ) ;
#3276 = CARTESIAN_POINT ( 'NONE',  ( -10.95961960632159915, -96.74964062845870671, 42.58298123060252749 ) ) ;
#3277 = DIRECTION ( 'NONE',  ( 8.881784197001252323E-16, 0.000000000000000000, 1.000000000000000000 ) ) ;
#3278 = VERTEX_POINT ( 'NONE', #4099 ) ;
#3279 = PLANE ( 'NONE',  #2630 ) ;
#3280 = DIRECTION ( 'NONE',  ( 1.000000000000000000, 0.000000000000000000, 1.241749088029210621E-16 ) ) ;
#3281 = CARTESIAN_POINT ( 'NONE',  ( -7.050396002144810659, -154.3934589431867153, 32.92598993040838451 ) ) ;
#3282 = CIRCLE ( 'NONE', #486, 5.080000000000008065 ) ;
#3283 = AXIS2_PLACEMENT_3D ( 'NONE', #1382, #3927, #452 ) ;
#3284 = EDGE_CURVE ( 'NONE', #1967, #3102, #1515, .T. ) ;
#3285 = EDGE_LOOP ( 'NONE', ( #3514, #139 ) ) ;
#3286 = CYLINDRICAL_SURFACE ( 'NONE', #1879, 2.540000000000000480 ) ;
#3287 = DIRECTION ( 'NONE',  ( 0.000000000000000000, 0.000000000000000000, -1.000000000000000000 ) ) ;
#3288 = ORIENTED_EDGE ( 'NONE', *, *, #8, .F. ) ;
#3289 = VECTOR ( 'NONE', #1886, 1000.000000000000227 ) ;
#3290 = EDGE_LOOP ( 'NONE', ( #3188, #2762, #3804, #746 ) ) ;
#3291 = CARTESIAN_POINT ( 'NONE',  ( -8.545398210009436113, -87.62999999999999545, -38.78686472615311942 ) ) ;
#3292 = CARTESIAN_POINT ( 'NONE',  ( -69.08799999999999386, 12.69999999999999929, -10.28935158306876296 ) ) ;
#3293 = DIRECTION ( 'NONE',  ( -1.000000000000000000, -0.000000000000000000, -1.241749088029210621E-16 ) ) ;
#3294 = VECTOR ( 'NONE', #1959, 1000.000000000000000 ) ;
#3295 = ORIENTED_EDGE ( 'NONE', *, *, #559, .F. ) ;
#3296 = AXIS2_PLACEMENT_3D ( 'NONE', #253, #1527, #2697 ) ;
#3297 = DIRECTION ( 'NONE',  ( 1.000000000000000000, 0.000000000000000000, 0.000000000000000000 ) ) ;
#3298 = DIRECTION ( 'NONE',  ( 0.000000000000000000, 0.000000000000000000, -1.000000000000000000 ) ) ;
#3299 = EDGE_LOOP ( 'NONE', ( #1057, #1082, #2530, #3815 ) ) ;
#3300 = CIRCLE ( 'NONE', #1628, 2.540000000000000480 ) ;
#3301 = EDGE_CURVE ( 'NONE', #2602, #1867, #282, .T. ) ;
#3302 = CARTESIAN_POINT ( 'NONE',  ( 3.091543583002316797, -254.0000000000000000, 44.45000000000000284 ) ) ;
#3303 = CARTESIAN_POINT ( 'NONE',  ( -20.08647081916206290, -99.04046254401986005, -2.179206560336645595E-15 ) ) ;
#3304 = CARTESIAN_POINT ( 'NONE',  ( -10.75158405183237775, -87.62999999999998124, -14.80770671647633030 ) ) ;
#3305 = ORIENTED_EDGE ( 'NONE', *, *, #441, .T. ) ;
#3306 = CARTESIAN_POINT ( 'NONE',  ( -10.26017045602887912, -111.9799664010997873, -43.75116521815255055 ) ) ;
#3307 = CARTESIAN_POINT ( 'NONE',  ( 0.000000000000000000, -169.4319999999999879, 0.000000000000000000 ) ) ;
#3308 = EDGE_LOOP ( 'NONE', ( #169, #2614, #1259, #3160 ) ) ;
#3309 = VERTEX_POINT ( 'NONE', #868 ) ;
#3310 = CARTESIAN_POINT ( 'NONE',  ( -56.27866444836440962, -133.3499999999999943, -25.05687578326558196 ) ) ;
#3311 = DIRECTION ( 'NONE',  ( -1.000000000000000000, 0.000000000000000000, 0.000000000000000000 ) ) ;
#3312 = ADVANCED_FACE ( 'NONE', ( #305 ), #4118, .F. ) ;
#3313 = CARTESIAN_POINT ( 'NONE',  ( -69.08799999999999386, -169.4319999999999879, -10.28935158306876296 ) ) ;
#3314 = EDGE_LOOP ( 'NONE', ( #863, #1220, #2864, #467 ) ) ;
#3315 = LINE ( 'NONE', #2009, #2562 ) ;
#3316 = DIRECTION ( 'NONE',  ( 1.000000000000000000, 0.000000000000000000, 0.000000000000000000 ) ) ;
#3317 = EDGE_CURVE ( 'NONE', #1521, #308, #2675, .T. ) ;
#3318 = EDGE_LOOP ( 'NONE', ( #3993, #2487, #630, #2088, #1371, #3907, #1048, #2542, #876 ) ) ;
#3319 = DIRECTION ( 'NONE',  ( 0.000000000000000000, 0.000000000000000000, -1.000000000000000000 ) ) ;
#3320 = LINE ( 'NONE', #126, #3344 ) ;
#3321 = CARTESIAN_POINT ( 'NONE',  ( -8.510396002144808847, -254.0000000000000000, -44.44999999999999574 ) ) ;
#3322 = EDGE_CURVE ( 'NONE', #450, #2323, #1270, .T. ) ;
#3323 = EDGE_CURVE ( 'NONE', #826, #3251, #2082, .T. ) ;
#3324 = EDGE_LOOP ( 'NONE', ( #1005, #2994, #547, #2947 ) ) ;
#3325 = CARTESIAN_POINT ( 'NONE',  ( -10.95961960632159737, -154.3934589431867153, 42.58298123060253459 ) ) ;
#3326 = DIRECTION ( 'NONE',  ( 0.000000000000000000, -1.000000000000000000, 0.000000000000000000 ) ) ;
#3327 = ORIENTED_EDGE ( 'NONE', *, *, #1186, .T. ) ;
#3328 = VECTOR ( 'NONE', #2552, 1000.000000000000000 ) ;
#3329 = EDGE_CURVE ( 'NONE', #736, #15, #1203, .T. ) ;
#3330 = VERTEX_POINT ( 'NONE', #1578 ) ;
#3331 = LINE ( 'NONE', #3974, #3271 ) ;
#3332 = CARTESIAN_POINT ( 'NONE',  ( -15.05039600214480977, -91.97996640109978728, -18.39800107316462530 ) ) ;
#3333 = LINE ( 'NONE', #2825, #439 ) ;
#3334 = ORIENTED_EDGE ( 'NONE', *, *, #3107, .F. ) ;
#3335 = AXIS2_PLACEMENT_3D ( 'NONE', #2965, #422, #2339 ) ;
#3336 = AXIS2_PLACEMENT_3D ( 'NONE', #451, #3677, #1159 ) ;
#3337 = DIRECTION ( 'NONE',  ( 0.000000000000000000, 0.000000000000000000, 1.000000000000000000 ) ) ;
#3338 = CARTESIAN_POINT ( 'NONE',  ( -7.050396002144810659, -124.1868480519726319, -24.17589818040650229 ) ) ;
#3339 = EDGE_CURVE ( 'NONE', #3278, #191, #1854, .T. ) ;
#3340 = ORIENTED_EDGE ( 'NONE', *, *, #1100, .T. ) ;
#3341 = CARTESIAN_POINT ( 'NONE',  ( -48.44446842318028956, -169.4319999999999879, -39.27766201098432930 ) ) ;
#3342 = CARTESIAN_POINT ( 'NONE',  ( -67.30008489993601017, -113.0299999999999017, -18.70083079602084197 ) ) ;
#3343 = VERTEX_POINT ( 'NONE', #2808 ) ;
#3344 = VECTOR ( 'NONE', #3031, 1000.000000000000000 ) ;
#3345 = FACE_OUTER_BOUND ( 'NONE', #1945, .T. ) ;
#3346 = EDGE_CURVE ( 'NONE', #1199, #2983, #1224, .T. ) ;
#3347 = ORIENTED_EDGE ( 'NONE', *, *, #2399, .F. ) ;
#3348 = CARTESIAN_POINT ( 'NONE',  ( 0.000000000000000000, -113.0299999999999017, 0.000000000000000000 ) ) ;
#3349 = LINE ( 'NONE', #1364, #3769 ) ;
#3350 = ORIENTED_EDGE ( 'NONE', *, *, #2522, .F. ) ;
#3351 = VECTOR ( 'NONE', #1251, 1000.000000000000000 ) ;
#3352 = EDGE_CURVE ( 'NONE', #2553, #196, #3576, .T. ) ;
#3353 = VERTEX_POINT ( 'NONE', #1682 ) ;
#3354 = VERTEX_POINT ( 'NONE', #674 ) ;
#3355 = DIRECTION ( 'NONE',  ( 0.000000000000000000, 0.000000000000000000, -1.000000000000000000 ) ) ;
#3356 = CYLINDRICAL_SURFACE ( 'NONE', #3585, 5.080000000000000959 ) ;
#3357 = EDGE_LOOP ( 'NONE', ( #2092, #3236, #240, #1957 ) ) ;
#3358 = CONICAL_SURFACE ( 'NONE', #3156, 3.700000000000112976, 0.5235987755983051439 ) ;
#3359 = VECTOR ( 'NONE', #2321, 1000.000000000000114 ) ;
#3360 = CARTESIAN_POINT ( 'NONE',  ( -7.050396002144899477, -91.97996640109978728, -14.89800107316461464 ) ) ;
#3361 = PLANE ( 'NONE',  #506 ) ;
#3362 = CIRCLE ( 'NONE', #3761, 2.200000000000121858 ) ;
#3363 = ORIENTED_EDGE ( 'NONE', *, *, #2706, .F. ) ;
#3364 = ADVANCED_FACE ( 'NONE', ( #3243 ), #1006, .F. ) ;
#3365 = DIRECTION ( 'NONE',  ( 0.000000000000000000, 1.000000000000000000, 0.000000000000000000 ) ) ;
#3366 = DIRECTION ( 'NONE',  ( 1.000000000000000000, 0.000000000000000000, 0.000000000000000000 ) ) ;
#3367 = DIRECTION ( 'NONE',  ( 0.000000000000000000, 0.000000000000000000, 1.000000000000000000 ) ) ;
#3368 = CIRCLE ( 'NONE', #695, 17.77999999999999758 ) ;
#3369 = ORIENTED_EDGE ( 'NONE', *, *, #2482, .F. ) ;
#3370 = CIRCLE ( 'NONE', #3232, 3.500000000000010214 ) ;
#3371 = CARTESIAN_POINT ( 'NONE',  ( -7.050396002144810659, -124.1868480519726319, -24.17589818040650229 ) ) ;
#3372 = PLANE ( 'NONE',  #3589 ) ;
#3373 = VERTEX_POINT ( 'NONE', #983 ) ;
#3374 = ADVANCED_FACE ( 'NONE', ( #2952 ), #112, .F. ) ;
#3375 = ORIENTED_EDGE ( 'NONE', *, *, #3945, .F. ) ;
#3376 = CARTESIAN_POINT ( 'NONE',  ( -56.27866444836439541, -133.3499999999999943, 25.05687578326561038 ) ) ;
#3377 = LINE ( 'NONE', #2377, #1696 ) ;
#3378 = EDGE_CURVE ( 'NONE', #2067, #535, #2412, .T. ) ;
#3379 = LINE ( 'NONE', #3721, #2838 ) ;
#3380 = DIRECTION ( 'NONE',  ( 1.000000000000000000, 0.000000000000000000, 0.000000000000000000 ) ) ;
#3381 = ORIENTED_EDGE ( 'NONE', *, *, #490, .T. ) ;
#3382 = ADVANCED_FACE ( 'NONE', ( #1658, #2578 ), #2621, .F. ) ;
#3383 = DIRECTION ( 'NONE',  ( 0.4067366430758011520, 0.000000000000000000, 0.9135454576426004225 ) ) ;
#3384 = CARTESIAN_POINT ( 'NONE',  ( -69.85099999999999909, -154.3513605428498181, 6.858330662837484049 ) ) ;
#3385 = CARTESIAN_POINT ( 'NONE',  ( -7.050396002144805330, -111.9799664010997873, -38.39800107316462885 ) ) ;
#3386 = AXIS2_PLACEMENT_3D ( 'NONE', #2558, #54, #1323 ) ;
#3387 = ADVANCED_FACE ( 'NONE', ( #341, #3596 ), #1954, .F. ) ;
#3388 = VERTEX_POINT ( 'NONE', #2557 ) ;
#3389 = LINE ( 'NONE', #471, #3402 ) ;
#3390 = DIRECTION ( 'NONE',  ( 0.000000000000000000, 0.000000000000000000, 1.000000000000000000 ) ) ;
#3391 = EDGE_LOOP ( 'NONE', ( #2966, #1616 ) ) ;
#3392 = EDGE_LOOP ( 'NONE', ( #1290, #1355, #134, #1719, #2465 ) ) ;
#3393 = ORIENTED_EDGE ( 'NONE', *, *, #3808, .T. ) ;
#3394 = DIRECTION ( 'NONE',  ( -0.8660254037844353769, 6.123233995736832596E-17, -0.5000000000000054401 ) ) ;
#3395 = CARTESIAN_POINT ( 'NONE',  ( -55.56835800750802434, -169.4319999999999879, 42.93309973809485314 ) ) ;
#3396 = CYLINDRICAL_SURFACE ( 'NONE', #2550, 2.200000000000118305 ) ;
#3397 = DIRECTION ( 'NONE',  ( 0.000000000000000000, 0.000000000000000000, -1.000000000000000000 ) ) ;
#3398 = EDGE_CURVE ( 'NONE', #1660, #400, #1397, .T. ) ;
#3399 = DIRECTION ( 'NONE',  ( -0.6691306063588567943, -0.000000000000000000, 0.7431448254773954654 ) ) ;
#3400 = ORIENTED_EDGE ( 'NONE', *, *, #3700, .T. ) ;
#3401 = EDGE_CURVE ( 'NONE', #2052, #907, #1322, .T. ) ;
#3402 = VECTOR ( 'NONE', #1139, 1000.000000000000000 ) ;
#3403 = VECTOR ( 'NONE', #4002, 1000.000000000000000 ) ;
#3404 = DIRECTION ( 'NONE',  ( -0.000000000000000000, -1.000000000000000000, -0.000000000000000000 ) ) ;
#3405 = CARTESIAN_POINT ( 'NONE',  ( -46.22889533212071456, -113.0299999999999017, 51.34238970258230950 ) ) ;
#3406 = DIRECTION ( 'NONE',  ( 0.000000000000000000, 0.000000000000000000, 1.000000000000000000 ) ) ;
#3407 =( GEOMETRIC_REPRESENTATION_CONTEXT ( 3 ) GLOBAL_UNCERTAINTY_ASSIGNED_CONTEXT ( ( #3544 ) ) GLOBAL_UNIT_ASSIGNED_CONTEXT ( ( #2388, #3071, #194 ) ) REPRESENTATION_CONTEXT ( 'NONE', 'WORKASPACE' ) );
#3408 = VERTEX_POINT ( 'NONE', #2020 ) ;
#3409 = DIRECTION ( 'NONE',  ( 1.000000000000000000, 0.000000000000000000, 0.000000000000000000 ) ) ;
#3410 = DIRECTION ( 'NONE',  ( -0.9135454576426006446, -0.000000000000000000, -0.4067366430758008744 ) ) ;
#3411 = ORIENTED_EDGE ( 'NONE', *, *, #2471, .T. ) ;
#3412 = FACE_OUTER_BOUND ( 'NONE', #1627, .T. ) ;
#3413 = EDGE_CURVE ( 'NONE', #2172, #454, #2242, .T. ) ;
#3414 = ADVANCED_FACE ( 'NONE', ( #2600 ), #3286, .F. ) ;
#3415 = DIRECTION ( 'NONE',  ( 0.000000000000000000, 0.000000000000000000, -1.000000000000000000 ) ) ;
#3416 = CARTESIAN_POINT ( 'NONE',  ( -7.050396002144810659, -97.24345894318669536, 36.62598993040849393 ) ) ;
#3417 = FACE_OUTER_BOUND ( 'NONE', #2739, .T. ) ;
#3418 = CARTESIAN_POINT ( 'NONE',  ( -16.05039600214481155, -154.3934589431867153, 38.82598993040861757 ) ) ;
#3419 = DIRECTION ( 'NONE',  ( 0.000000000000000000, 0.000000000000000000, 1.000000000000000000 ) ) ;
#3420 = ORIENTED_EDGE ( 'NONE', *, *, #1843, .T. ) ;
#3421 = VECTOR ( 'NONE', #2039, 1000.000000000000000 ) ;
#3422 = EDGE_CURVE ( 'NONE', #2323, #450, #2800, .T. ) ;
#3423 = DIRECTION ( 'NONE',  ( -1.000000000000000000, 0.000000000000000000, -5.980805065379273823E-16 ) ) ;
#3424 = CARTESIAN_POINT ( 'NONE',  ( -25.08647081916205579, 25.77737000652124877, 53.55235401931967942 ) ) ;
#3425 = FACE_OUTER_BOUND ( 'NONE', #1472, .T. ) ;
#3426 = AXIS2_PLACEMENT_3D ( 'NONE', #2607, #588, #1566 ) ;
#3427 = EDGE_CURVE ( 'NONE', #3274, #1563, #2000, .T. ) ;
#3428 = CIRCLE ( 'NONE', #3296, 2.540000000000000480 ) ;
#3429 = VERTEX_POINT ( 'NONE', #3263 ) ;
#3430 = DIRECTION ( 'NONE',  ( 1.000000000000000000, -0.000000000000000000, 1.241749088029210868E-16 ) ) ;
#3431 = CARTESIAN_POINT ( 'NONE',  ( -16.05039600214481155, -154.3934589431867153, 36.62598993040850104 ) ) ;
#3432 = ORIENTED_EDGE ( 'NONE', *, *, #1970, .T. ) ;
#3433 = AXIS2_PLACEMENT_3D ( 'NONE', #2609, #3293, #82 ) ;
#3434 = DIRECTION ( 'NONE',  ( 1.000000000000000000, 0.000000000000000000, 0.000000000000000000 ) ) ;
#3435 = VERTEX_POINT ( 'NONE', #53 ) ;
#3436 = CIRCLE ( 'NONE', #1033, 5.809401076758479832 ) ;
#3437 = CIRCLE ( 'NONE', #3038, 5.080000000000000959 ) ;
#3438 = DIRECTION ( 'NONE',  ( -1.000000000000000000, 0.000000000000000000, 5.980805065379277767E-16 ) ) ;
#3439 = DIRECTION ( 'NONE',  ( 0.000000000000000000, 0.000000000000000000, -1.000000000000000000 ) ) ;
#3440 = CARTESIAN_POINT ( 'NONE',  ( -16.05039600214481155, -124.1868480519726319, -24.17589818040650229 ) ) ;
#3441 = EDGE_CURVE ( 'NONE', #3674, #1327, #667, .T. ) ;
#3442 = DIRECTION ( 'NONE',  ( 0.000000000000000000, 0.000000000000000000, 1.000000000000000000 ) ) ;
#3443 = CARTESIAN_POINT ( 'NONE',  ( -11.05039600214480622, -87.62999999999998124, -34.54742537855149465 ) ) ;
#3444 = VERTEX_POINT ( 'NONE', #1363 ) ;
#3445 = DIRECTION ( 'NONE',  ( -1.000000000000000000, 0.000000000000000000, 0.000000000000000000 ) ) ;
#3446 = ADVANCED_FACE ( 'NONE', ( #1052 ), #655, .F. ) ;
#3447 = DIRECTION ( 'NONE',  ( 0.000000000000000000, 0.000000000000000000, -1.000000000000000000 ) ) ;
#3448 = DIRECTION ( 'NONE',  ( 1.000000000000000000, -0.000000000000000000, -0.000000000000000000 ) ) ;
#3449 = VERTEX_POINT ( 'NONE', #2103 ) ;
#3450 = LINE ( 'NONE', #2801, #610 ) ;
#3451 = DIRECTION ( 'NONE',  ( 1.000000000000000000, 0.000000000000000000, 1.241749088029210621E-16 ) ) ;
#3452 = ORIENTED_EDGE ( 'NONE', *, *, #1946, .T. ) ;
#3453 = EDGE_CURVE ( 'NONE', #2381, #281, #153, .T. ) ;
#3454 = DIRECTION ( 'NONE',  ( 0.000000000000000000, 0.000000000000000000, -1.000000000000000000 ) ) ;
#3455 = VERTEX_POINT ( 'NONE', #2120 ) ;
#3456 = VECTOR ( 'NONE', #1185, 1000.000000000000000 ) ;
#3457 = EDGE_LOOP ( 'NONE', ( #340, #1337, #2270, #1533 ) ) ;
#3458 = DIRECTION ( 'NONE',  ( -0.9135454576426005335, -0.000000000000000000, 0.4067366430758010409 ) ) ;
#3459 = DIRECTION ( 'NONE',  ( -1.000000000000000000, -0.000000000000000000, -1.241749088029210621E-16 ) ) ;
#3460 = EDGE_CURVE ( 'NONE', #440, #18, #540, .T. ) ;
#3461 = DIRECTION ( 'NONE',  ( -0.000000000000000000, -1.000000000000000000, -0.000000000000000000 ) ) ;
#3462 = DIRECTION ( 'NONE',  ( 0.000000000000000000, 0.000000000000000000, -1.000000000000000000 ) ) ;
#3463 = DIRECTION ( 'NONE',  ( 2.478176394252574238E-16, 0.000000000000000000, -1.000000000000000000 ) ) ;
#3464 = AXIS2_PLACEMENT_3D ( 'NONE', #2782, #1198, #2748 ) ;
#3465 = ORIENTED_EDGE ( 'NONE', *, *, #3700, .F. ) ;
#3466 = CARTESIAN_POINT ( 'NONE',  ( -7.050396002144810659, -124.1868480519726319, -24.17589818040650229 ) ) ;
#3467 = CARTESIAN_POINT ( 'NONE',  ( -10.99328926153482655, -87.91268071560976693, -42.51954818805701564 ) ) ;
#3468 = EDGE_CURVE ( 'NONE', #2732, #1554, #3389, .T. ) ;
#3469 = CARTESIAN_POINT ( 'NONE',  ( -8.545181194491773269, -87.63000000000002387, -18.01066710027184214 ) ) ;
#3470 = AXIS2_PLACEMENT_3D ( 'NONE', #1030, #430, #696 ) ;
#3471 = AXIS2_PLACEMENT_3D ( 'NONE', #86, #3901, #709 ) ;
#3472 = ORIENTED_EDGE ( 'NONE', *, *, #2504, .F. ) ;
#3473 = VECTOR ( 'NONE', #3182, 1000.000000000000000 ) ;
#3474 = DIRECTION ( 'NONE',  ( 0.000000000000000000, 0.000000000000000000, 1.000000000000000000 ) ) ;
#3475 = DIRECTION ( 'NONE',  ( -0.7431448254773954654, 0.000000000000000000, 0.6691306063588569053 ) ) ;
#3476 = VERTEX_POINT ( 'NONE', #1804 ) ;
#3477 = DIRECTION ( 'NONE',  ( 1.000000000000000000, 0.000000000000000000, 1.241749088029210621E-16 ) ) ;
#3478 = ORIENTED_EDGE ( 'NONE', *, *, #566, .T. ) ;
#3479 = DIRECTION ( 'NONE',  ( -0.000000000000000000, 1.000000000000000000, -0.000000000000000000 ) ) ;
#3480 = CARTESIAN_POINT ( 'NONE',  ( -11.05039600214480622, -91.97996640109978728, -38.39800107316462885 ) ) ;
#3481 = DIRECTION ( 'NONE',  ( 0.000000000000000000, 0.000000000000000000, -1.000000000000000000 ) ) ;
#3482 = DIRECTION ( 'NONE',  ( 0.6691306063588569053, 0.000000000000000000, -0.7431448254773954654 ) ) ;
#3483 = CARTESIAN_POINT ( 'NONE',  ( 0.000000000000000000, -87.62999999999998124, -50.79999999999999716 ) ) ;
#3484 = VECTOR ( 'NONE', #2843, 1000.000000000000000 ) ;
#3485 = ORIENTED_EDGE ( 'NONE', *, *, #1808, .F. ) ;
#3486 = CARTESIAN_POINT ( 'NONE',  ( -16.05039600214481155, -97.24345894318669536, 17.57598993040849678 ) ) ;
#3487 = CARTESIAN_POINT ( 'NONE',  ( -15.05039600214480622, -111.9799664010997873, -38.39800107316462885 ) ) ;
#3488 = CIRCLE ( 'NONE', #3017, 69.84999999999996589 ) ;
#3489 = LINE ( 'NONE', #616, #2705 ) ;
#3490 = CARTESIAN_POINT ( 'NONE',  ( -49.05505833229985768, -113.0299999999999017, 38.72788438740561645 ) ) ;
#3491 = CARTESIAN_POINT ( 'NONE',  ( -7.050396002144805330, -91.97996640109978728, -38.39800107316462885 ) ) ;
#3492 = VECTOR ( 'NONE', #788, 1000.000000000000000 ) ;
#3493 = ORIENTED_EDGE ( 'NONE', *, *, #1186, .F. ) ;
#3494 = LINE ( 'NONE', #715, #2031 ) ;
#3495 = AXIS2_PLACEMENT_3D ( 'NONE', #377, #730, #1353 ) ;
#3496 = ORIENTED_EDGE ( 'NONE', *, *, #918, .F. ) ;
#3497 = CARTESIAN_POINT ( 'NONE',  ( 0.000000000000000000, 25.77737000652124877, 0.000000000000000000 ) ) ;
#3498 = CARTESIAN_POINT ( 'NONE',  ( -11.05039600214480799, -111.9799664010997873, -32.58859999640614546 ) ) ;
#3499 = EDGE_CURVE ( 'NONE', #2433, #3871, #405, .T. ) ;
#3500 = AXIS2_PLACEMENT_3D ( 'NONE', #1013, #1690, #2653 ) ;
#3501 = ORIENTED_EDGE ( 'NONE', *, *, #775, .T. ) ;
#3502 = LINE ( 'NONE', #3169, #1570 ) ;
#3503 = DIRECTION ( 'NONE',  ( 0.000000000000000000, 0.000000000000000000, -1.000000000000000000 ) ) ;
#3504 = ORIENTED_EDGE ( 'NONE', *, *, #2995, .T. ) ;
#3505 = CARTESIAN_POINT ( 'NONE',  ( -10.47808504816494057, -90.01746595799974671, -43.51718308319629358 ) ) ;
#3506 = CARTESIAN_POINT ( 'NONE',  ( -25.08647081916205579, -169.4319999999999879, 53.55235401931967942 ) ) ;
#3507 = EDGE_LOOP ( 'NONE', ( #997, #1157, #2351, #1992 ) ) ;
#3508 = FACE_BOUND ( 'NONE', #3968, .T. ) ;
#3509 = ORIENTED_EDGE ( 'NONE', *, *, #1328, .F. ) ;
#3510 = DIRECTION ( 'NONE',  ( 0.000000000000000000, 0.000000000000000000, 1.000000000000000000 ) ) ;
#3511 = ORIENTED_EDGE ( 'NONE', *, *, #4122, .F. ) ;
#3512 = CARTESIAN_POINT ( 'NONE',  ( -8.510396002144819505, -254.0000000000000000, 41.90999999999999659 ) ) ;
#3513 = CARTESIAN_POINT ( 'NONE',  ( -58.00337124449592352, -169.4319999999999879, -39.58159154259673329 ) ) ;
#3514 = ORIENTED_EDGE ( 'NONE', *, *, #2736, .F. ) ;
#3515 = EDGE_CURVE ( 'NONE', #3833, #3444, #3090, .T. ) ;
#3516 = VECTOR ( 'NONE', #472, 1000.000000000000000 ) ;
#3517 = EDGE_LOOP ( 'NONE', ( #965, #2274, #2374, #3013, #1202 ) ) ;
#3518 = CARTESIAN_POINT ( 'NONE',  ( -15.05039600214480622, -91.97996640109978728, -38.39800107316462885 ) ) ;
#3519 = ORIENTED_EDGE ( 'NONE', *, *, #2635, .F. ) ;
#3520 = CARTESIAN_POINT ( 'NONE',  ( -10.37100398754104447, -90.59754281523618147, -43.63952728254038504 ) ) ;
#3521 = AXIS2_PLACEMENT_3D ( 'NONE', #3194, #2901, #335 ) ;
#3522 = EDGE_CURVE ( 'NONE', #2063, #854, #3529, .T. ) ;
#3523 = CARTESIAN_POINT ( 'NONE',  ( 0.000000000000000000, -169.4319999999999879, 0.000000000000000000 ) ) ;
#3524 = ORIENTED_EDGE ( 'NONE', *, *, #542, .T. ) ;
#3525 = CARTESIAN_POINT ( 'NONE',  ( -7.050396002144810659, -154.3934589431867153, 17.57598993040848612 ) ) ;
#3526 = CARTESIAN_POINT ( 'NONE',  ( -10.70585273913623148, -94.91370327856242284, -43.19892895234323760 ) ) ;
#3527 = ORIENTED_EDGE ( 'NONE', *, *, #1921, .F. ) ;
#3528 = CARTESIAN_POINT ( 'NONE',  ( -16.05039600214481155, -97.24345894318669536, 17.57598993040849678 ) ) ;
#3529 = CIRCLE ( 'NONE', #2136, 2.200000000000017941 ) ;
#3530 = ORIENTED_EDGE ( 'NONE', *, *, #3082, .F. ) ;
#3531 = DIRECTION ( 'NONE',  ( 1.000000000000000000, 0.000000000000000000, 0.000000000000000000 ) ) ;
#3532 = CARTESIAN_POINT ( 'NONE',  ( -7.050396002144899477, -111.9799664010997873, -14.89800107316461464 ) ) ;
#3533 = VERTEX_POINT ( 'NONE', #3947 ) ;
#3534 = EDGE_CURVE ( 'NONE', #2602, #3449, #4010, .T. ) ;
#3535 = ORIENTED_EDGE ( 'NONE', *, *, #3082, .T. ) ;
#3536 = DIRECTION ( 'NONE',  ( 1.000000000000000000, 0.000000000000000000, 1.241749088029210621E-16 ) ) ;
#3537 = DIRECTION ( 'NONE',  ( -0.000000000000000000, 1.000000000000000000, -0.000000000000000000 ) ) ;
#3538 = AXIS2_PLACEMENT_3D ( 'NONE', #2842, #2590, #3190 ) ;
#3539 = CARTESIAN_POINT ( 'NONE',  ( -68.22668591072803679, -169.4319999999999879, 16.61965085104515083 ) ) ;
#3540 = EDGE_LOOP ( 'NONE', ( #2452, #1543, #484, #2034 ) ) ;
#3541 = EDGE_CURVE ( 'NONE', #55, #2071, #475, .T. ) ;
#3542 = LINE ( 'NONE', #2193, #3726 ) ;
#3543 = ORIENTED_EDGE ( 'NONE', *, *, #354, .F. ) ;
#3544 = UNCERTAINTY_MEASURE_WITH_UNIT (LENGTH_MEASURE( 1.000000000000000082E-05 ), #2388, 'distance_accuracy_value', 'NONE');
#3545 = VERTEX_POINT ( 'NONE', #1786 ) ;
#3546 = CARTESIAN_POINT ( 'NONE',  ( -58.86144213189573549, -133.3499999999999943, 19.25586212723509050 ) ) ;
#3547 = ORIENTED_EDGE ( 'NONE', *, *, #3284, .F. ) ;
#3548 = LINE ( 'NONE', #71, #1158 ) ;
#3549 = EDGE_CURVE ( 'NONE', #3435, #3278, #3636, .T. ) ;
#3550 = CIRCLE ( 'NONE', #558, 3.810000000000000941 ) ;
#3551 = VERTEX_POINT ( 'NONE', #2084 ) ;
#3552 = CARTESIAN_POINT ( 'NONE',  ( -11.05039600214481332, -154.3934589431867153, 17.57598993040848612 ) ) ;
#3553 = CARTESIAN_POINT ( 'NONE',  ( -7.050396002144810659, -97.24345894318669536, 19.77598993040862041 ) ) ;
#3554 = VERTEX_POINT ( 'NONE', #1074 ) ;
#3555 = VECTOR ( 'NONE', #1252, 1000.000000000000114 ) ;
#3556 = VERTEX_POINT ( 'NONE', #1720 ) ;
#3557 = CARTESIAN_POINT ( 'NONE',  ( -11.03005196247607955, -87.62999999999998124, -42.23083304313473718 ) ) ;
#3558 = CARTESIAN_POINT ( 'NONE',  ( -7.050396002144844410, -154.3934589431867153, 21.27598993040860620 ) ) ;
#3559 = CARTESIAN_POINT ( 'NONE',  ( -11.05039600214481688, -154.3934589431867153, 36.62598993040850104 ) ) ;
#3560 = CIRCLE ( 'NONE', #3433, 5.809401076758479832 ) ;
#3561 = ORIENTED_EDGE ( 'NONE', *, *, #2194, .T. ) ;
#3562 = AXIS2_PLACEMENT_3D ( 'NONE', #1440, #839, #2446 ) ;
#3563 = EDGE_CURVE ( 'NONE', #3724, #2439, #2709, .T. ) ;
#3564 = AXIS2_PLACEMENT_3D ( 'NONE', #2958, #3536, #679 ) ;
#3565 = CYLINDRICAL_SURFACE ( 'NONE', #1898, 2.200000000000021494 ) ;
#3566 = VECTOR ( 'NONE', #2113, 1000.000000000000000 ) ;
#3567 = CARTESIAN_POINT ( 'NONE',  ( -50.94786497390215629, -133.3499999999999943, 47.09341035220355565 ) ) ;
#3568 = EDGE_LOOP ( 'NONE', ( #3100, #3644 ) ) ;
#3569 = EDGE_CURVE ( 'NONE', #3435, #1554, #2992, .T. ) ;
#3570 = CARTESIAN_POINT ( 'NONE',  ( -16.05039600214481155, -154.3934589431867153, 17.57598993040848612 ) ) ;
#3571 = FACE_OUTER_BOUND ( 'NONE', #3625, .T. ) ;
#3572 = ORIENTED_EDGE ( 'NONE', *, *, #1822, .T. ) ;
#3573 = DIRECTION ( 'NONE',  ( -0.8660254037844352659, 0.000000000000000000, 0.5000000000000057732 ) ) ;
#3574 = ORIENTED_EDGE ( 'NONE', *, *, #2049, .T. ) ;
#3575 = EDGE_CURVE ( 'NONE', #3354, #609, #3725, .T. ) ;
#3576 = LINE ( 'NONE', #1980, #1138 ) ;
#3577 = DIRECTION ( 'NONE',  ( 0.000000000000000000, 0.000000000000000000, 1.000000000000000000 ) ) ;
#3578 = VERTEX_POINT ( 'NONE', #2434 ) ;
#3579 = VERTEX_POINT ( 'NONE', #1118 ) ;
#3580 = FACE_BOUND ( 'NONE', #1788, .T. ) ;
#3581 = DIRECTION ( 'NONE',  ( 0.000000000000000000, 0.000000000000000000, 1.000000000000000000 ) ) ;
#3582 = APPLICATION_PROTOCOL_DEFINITION ( 'draft international standard', 'automotive_design', 1998, #2264 ) ;
#3583 = CARTESIAN_POINT ( 'NONE',  ( -69.85099999999999909, -115.8913243749326369, 6.858330662837484049 ) ) ;
#3584 = VERTEX_POINT ( 'NONE', #783 ) ;
#3585 = AXIS2_PLACEMENT_3D ( 'NONE', #3663, #813, #2421 ) ;
#3586 = DIRECTION ( 'NONE',  ( 0.000000000000000000, 0.000000000000000000, 1.000000000000000000 ) ) ;
#3587 = CARTESIAN_POINT ( 'NONE',  ( -11.05039600214481688, -97.24345894318669536, 36.62598993040849393 ) ) ;
#3588 = EDGE_LOOP ( 'NONE', ( #1512, #2283 ) ) ;
#3589 = AXIS2_PLACEMENT_3D ( 'NONE', #1683, #2953, #1053 ) ;
#3590 = EDGE_CURVE ( 'NONE', #1050, #3455, #2060, .T. ) ;
#3591 = CARTESIAN_POINT ( 'NONE',  ( -58.92997225528795013, -113.0299999999999017, -37.50041159762102438 ) ) ;
#3592 = PLANE ( 'NONE',  #4065 ) ;
#3593 = ORIENTED_EDGE ( 'NONE', *, *, #2508, .T. ) ;
#3594 = DIRECTION ( 'NONE',  ( 0.000000000000000000, 0.000000000000000000, -1.000000000000000000 ) ) ;
#3595 = ORIENTED_EDGE ( 'NONE', *, *, #1871, .T. ) ;
#3596 = FACE_OUTER_BOUND ( 'NONE', #3176, .T. ) ;
#3597 = PLANE ( 'NONE',  #520 ) ;
#3598 = ORIENTED_EDGE ( 'NONE', *, *, #38, .T. ) ;
#3599 = AXIS2_PLACEMENT_3D ( 'NONE', #923, #2450, #636 ) ;
#3600 = AXIS2_PLACEMENT_3D ( 'NONE', #399, #2151, #3085 ) ;
#3601 = ORIENTED_EDGE ( 'NONE', *, *, #2282, .T. ) ;
#3602 = PLANE ( 'NONE',  #3604 ) ;
#3603 = FACE_BOUND ( 'NONE', #2287, .T. ) ;
#3604 = AXIS2_PLACEMENT_3D ( 'NONE', #747, #3932, #2353 ) ;
#3605 = FACE_BOUND ( 'NONE', #235, .T. ) ;
#3606 = ORIENTED_EDGE ( 'NONE', *, *, #3945, .T. ) ;
#3607 = DIRECTION ( 'NONE',  ( 1.000000000000000000, 0.000000000000000000, 1.241749088029210621E-16 ) ) ;
#3608 = FACE_OUTER_BOUND ( 'NONE', #2510, .T. ) ;
#3609 = ORIENTED_EDGE ( 'NONE', *, *, #1629, .F. ) ;
#3610 = DIRECTION ( 'NONE',  ( 0.000000000000000000, 0.000000000000000000, 1.000000000000000000 ) ) ;
#3611 = FACE_OUTER_BOUND ( 'NONE', #2232, .T. ) ;
#3612 = LINE ( 'NONE', #149, #891 ) ;
#3613 = ORIENTED_EDGE ( 'NONE', *, *, #1864, .F. ) ;
#3614 = CARTESIAN_POINT ( 'NONE',  ( -8.510396002144819505, -254.0000000000000000, 44.44999999999999574 ) ) ;
#3615 = FACE_OUTER_BOUND ( 'NONE', #158, .T. ) ;
#3616 = ORIENTED_EDGE ( 'NONE', *, *, #284, .T. ) ;
#3617 = VECTOR ( 'NONE', #3594, 1000.000000000000000 ) ;
#3618 = ORIENTED_EDGE ( 'NONE', *, *, #2644, .F. ) ;
#3619 = ADVANCED_FACE ( 'NONE', ( #3754 ), #4067, .F. ) ;
#3620 = LINE ( 'NONE', #1937, #1072 ) ;
#3621 = FACE_OUTER_BOUND ( 'NONE', #3862, .T. ) ;
#3622 =( NAMED_UNIT ( * ) PLANE_ANGLE_UNIT ( ) SI_UNIT ( $, .RADIAN. ) );
#3623 = CARTESIAN_POINT ( 'NONE',  ( 0.000000000000000000, -169.4319999999999595, 50.79999999999999716 ) ) ;
#3624 = CIRCLE ( 'NONE', #3426, 3.500000000000010214 ) ;
#3625 = EDGE_LOOP ( 'NONE', ( #2436, #1681, #2473, #2986 ) ) ;
#3626 = VECTOR ( 'NONE', #3096, 1000.000000000000000 ) ;
#3628 = VECTOR ( 'NONE', #3981, 1000.000000000000000 ) ;
#3627 = CARTESIAN_POINT ( 'NONE',  ( -11.00956566435640660, -95.53123852345072464, 42.36697179386786871 ) ) ;
#3629 = DIRECTION ( 'NONE',  ( 0.000000000000000000, 0.000000000000000000, 1.000000000000000000 ) ) ;
#3630 = VERTEX_POINT ( 'NONE', #1179 ) ;
#3631 = AXIS2_PLACEMENT_3D ( 'NONE', #375, #1104, #396 ) ;
#3632 = CARTESIAN_POINT ( 'NONE',  ( 3.091543583002315465, -87.62999999999998124, -59.68999999999999062 ) ) ;
#3633 = PRESENTATION_STYLE_ASSIGNMENT (( #2702 ) ) ;
#3634 = FACE_OUTER_BOUND ( 'NONE', #1144, .T. ) ;
#3635 = ORIENTED_EDGE ( 'NONE', *, *, #722, .F. ) ;
#3636 = LINE ( 'NONE', #3039, #1537 ) ;
#3637 = CARTESIAN_POINT ( 'NONE',  ( 0.000000000000000000, 12.69999999999999929, 0.000000000000000000 ) ) ;
#3638 = VERTEX_POINT ( 'NONE', #2821 ) ;
#3639 = ORIENTED_EDGE ( 'NONE', *, *, #1923, .F. ) ;
#3640 = DIRECTION ( 'NONE',  ( 1.084912616036924266E-16, 0.000000000000000000, -1.000000000000000000 ) ) ;
#3641 = FACE_OUTER_BOUND ( 'NONE', #2803, .T. ) ;
#3642 = EDGE_CURVE ( 'NONE', #1464, #3435, #3450, .T. ) ;
#3643 = DIRECTION ( 'NONE',  ( -1.000000000000000000, -0.000000000000000000, -1.241749088029210621E-16 ) ) ;
#3644 = ORIENTED_EDGE ( 'NONE', *, *, #2806, .T. ) ;
#3645 = EDGE_CURVE ( 'NONE', #3911, #2920, #269, .T. ) ;
#3646 = CYLINDRICAL_SURFACE ( 'NONE', #3495, 2.200000000000118305 ) ;
#3647 = CARTESIAN_POINT ( 'NONE',  ( 0.000000000000000000, -113.0299999999999017, 0.000000000000000000 ) ) ;
#3648 = VECTOR ( 'NONE', #849, 1000.000000000000114 ) ;
#3649 = VERTEX_POINT ( 'NONE', #1909 ) ;
#3650 = FACE_BOUND ( 'NONE', #3285, .T. ) ;
#3651 = EDGE_CURVE ( 'NONE', #384, #3925, #274, .T. ) ;
#3652 = LINE ( 'NONE', #1442, #3275 ) ;
#3653 = ORIENTED_EDGE ( 'NONE', *, *, #809, .F. ) ;
#3654 = DIRECTION ( 'NONE',  ( 0.000000000000000000, 0.000000000000000000, 1.000000000000000000 ) ) ;
#3655 = ORIENTED_EDGE ( 'NONE', *, *, #3976, .F. ) ;
#3656 = CARTESIAN_POINT ( 'NONE',  ( -8.510396002144808847, -87.62999999999998124, -41.90999999999999659 ) ) ;
#3657 = CARTESIAN_POINT ( 'NONE',  ( -4.666286167692970999, -147.4659028457231500, 59.69000000000004746 ) ) ;
#3658 = ORIENTED_EDGE ( 'NONE', *, *, #122, .T. ) ;
#3659 = ADVANCED_FACE ( 'NONE', ( #2531 ), #1825, .F. ) ;
#3660 = AXIS2_PLACEMENT_3D ( 'NONE', #2764, #1219, #2435 ) ;
#3661 = ORIENTED_EDGE ( 'NONE', *, *, #1015, .T. ) ;
#3662 = CARTESIAN_POINT ( 'NONE',  ( -11.05039600214481688, -100.1056502166349844, 41.90999999999999659 ) ) ;
#3663 = CARTESIAN_POINT ( 'NONE',  ( 3.091543583002316797, -254.0000000000000000, 49.53000000000000114 ) ) ;
#3664 = DIRECTION ( 'NONE',  ( 1.000000000000000000, 0.000000000000000000, 0.000000000000000000 ) ) ;
#3665 = EDGE_LOOP ( 'NONE', ( #255, #2645 ) ) ;
#3666 = CIRCLE ( 'NONE', #3600, 2.200000000000017941 ) ;
#3667 = CARTESIAN_POINT ( 'NONE',  ( -4.666286167692962117, -159.7331740654040004, 44.45000000000000284 ) ) ;
#3668 = CARTESIAN_POINT ( 'NONE',  ( -11.05039600214480799, -107.3523315399045259, -41.90999999999999659 ) ) ;
#3669 = ADVANCED_FACE ( 'NONE', ( #2467 ), #1803, .T. ) ;
#3670 = ORIENTED_EDGE ( 'NONE', *, *, #2581, .T. ) ;
#3671 = DIRECTION ( 'NONE',  ( 0.000000000000000000, 0.000000000000000000, 1.000000000000000000 ) ) ;
#3672 = ADVANCED_FACE ( 'NONE', ( #4112 ), #2608, .T. ) ;
#3673 = DIRECTION ( 'NONE',  ( 0.000000000000000000, 0.000000000000000000, -1.000000000000000000 ) ) ;
#3674 = VERTEX_POINT ( 'NONE', #4090 ) ;
#3675 = CARTESIAN_POINT ( 'NONE',  ( -15.05039600214480977, -91.97996640109978728, -18.39800107316462530 ) ) ;
#3676 = ORIENTED_EDGE ( 'NONE', *, *, #203, .F. ) ;
#3677 = DIRECTION ( 'NONE',  ( 1.000000000000000000, 0.000000000000000000, 0.000000000000000000 ) ) ;
#3678 = FACE_BOUND ( 'NONE', #2596, .T. ) ;
#3679 = ORIENTED_EDGE ( 'NONE', *, *, #132, .F. ) ;
#3680 = CIRCLE ( 'NONE', #4013, 69.84999999999999432 ) ;
#3681 = EDGE_CURVE ( 'NONE', #988, #503, #2198, .T. ) ;
#3682 = ORIENTED_EDGE ( 'NONE', *, *, #3534, .F. ) ;
#3683 = CARTESIAN_POINT ( 'NONE',  ( -10.96335939646958657, -97.73724166679228631, 42.56979794370123926 ) ) ;
#3684 = CARTESIAN_POINT ( 'NONE',  ( -7.050396002144810659, -154.3934589431867153, 19.77598993040860975 ) ) ;
#3685 = DIRECTION ( 'NONE',  ( 0.000000000000000000, 0.000000000000000000, 1.000000000000000000 ) ) ;
#3686 = CARTESIAN_POINT ( 'NONE',  ( 3.091543583002316797, -169.4319999999999879, 44.45000000000000284 ) ) ;
#3687 = VECTOR ( 'NONE', #545, 1000.000000000000000 ) ;
#3688 = ORIENTED_EDGE ( 'NONE', *, *, #913, .T. ) ;
#3689 = EDGE_CURVE ( 'NONE', #2241, #1963, #97, .T. ) ;
#3690 = CARTESIAN_POINT ( 'NONE',  ( -50.12075798810362670, -133.3499999999999943, 22.31519918571074967 ) ) ;
#3691 = CARTESIAN_POINT ( 'NONE',  ( -11.05039600214480799, -91.97996640109978728, -24.20740214992310513 ) ) ;
#3692 = DIRECTION ( 'NONE',  ( -1.000000000000000000, 0.000000000000000000, 0.000000000000000000 ) ) ;
#3693 = AXIS2_PLACEMENT_3D ( 'NONE', #1531, #886, #1872 ) ;
#3694 = EDGE_LOOP ( 'NONE', ( #3732, #480, #2783, #1927, #2905, #3119 ) ) ;
#3695 = DIRECTION ( 'NONE',  ( -0.000000000000000000, -1.000000000000000000, -0.000000000000000000 ) ) ;
#3696 = CARTESIAN_POINT ( 'NONE',  ( 3.091543583002316797, -87.62999999999998124, 44.45000000000000284 ) ) ;
#3697 = ORIENTED_EDGE ( 'NONE', *, *, #1661, .F. ) ;
#3698 = AXIS2_PLACEMENT_3D ( 'NONE', #4058, #2443, #3065 ) ;
#3699 = ORIENTED_EDGE ( 'NONE', *, *, #1934, .T. ) ;
#3700 = EDGE_CURVE ( 'NONE', #4034, #2262, #2511, .T. ) ;
#3701 = EDGE_LOOP ( 'NONE', ( #3265, #70, #2654, #751 ) ) ;
#3702 = CARTESIAN_POINT ( 'NONE',  ( -69.85099999999999909, -154.3513605428498181, -6.858330662837502700 ) ) ;
#3703 = CARTESIAN_POINT ( 'NONE',  ( -7.050396002144834640, -154.3934589431867153, 40.32598993040861046 ) ) ;
#3704 = EDGE_CURVE ( 'NONE', #3846, #3309, #861, .T. ) ;
#3705 = DIRECTION ( 'NONE',  ( 1.000000000000000000, 0.000000000000000000, 0.000000000000000000 ) ) ;
#3706 = FACE_OUTER_BOUND ( 'NONE', #2670, .T. ) ;
#3707 = FACE_OUTER_BOUND ( 'NONE', #2572, .T. ) ;
#3708 = VERTEX_POINT ( 'NONE', #2763 ) ;
#3709 = CARTESIAN_POINT ( 'NONE',  ( 0.000000000000000000, -87.62999999999998124, 50.79999999999999716 ) ) ;
#3710 = LINE ( 'NONE', #3424, #4004 ) ;
#3711 = LINE ( 'NONE', #2485, #3217 ) ;
#3712 = EDGE_CURVE ( 'NONE', #535, #2067, #227, .T. ) ;
#3713 = ORIENTED_EDGE ( 'NONE', *, *, #3896, .F. ) ;
#3714 = DIRECTION ( 'NONE',  ( 0.000000000000000000, 0.000000000000000000, 1.000000000000000000 ) ) ;
#3715 = CYLINDRICAL_SURFACE ( 'NONE', #1729, 6.349999999999998757 ) ;
#3716 = ORIENTED_EDGE ( 'NONE', *, *, #1469, .F. ) ;
#3717 = CARTESIAN_POINT ( 'NONE',  ( -69.85099999999999909, -154.3513605428498181, 6.858330662837484049 ) ) ;
#3718 = FACE_OUTER_BOUND ( 'NONE', #3002, .T. ) ;
#3719 = EDGE_CURVE ( 'NONE', #18, #218, #236, .T. ) ;
#3720 = CARTESIAN_POINT ( 'NONE',  ( -15.05039600214480977, -111.9799664010997873, -18.39800107316462530 ) ) ;
#3721 = CARTESIAN_POINT ( 'NONE',  ( -26.61408714213629167, -169.4319999999999879, -53.55235401931967942 ) ) ;
#3722 = DIRECTION ( 'NONE',  ( -0.7431448254773954654, 0.000000000000000000, 0.6691306063588569053 ) ) ;
#3723 = EDGE_CURVE ( 'NONE', #3533, #2417, #2227, .T. ) ;
#3724 = VERTEX_POINT ( 'NONE', #3733 ) ;
#3725 = CIRCLE ( 'NONE', #1465, 62.36666781104819535 ) ;
#3726 = VECTOR ( 'NONE', #330, 1000.000000000000000 ) ;
#3727 = DIRECTION ( 'NONE',  ( 0.000000000000000000, 0.000000000000000000, 1.000000000000000000 ) ) ;
#3728 = CARTESIAN_POINT ( 'NONE',  ( -15.05039600214480622, -91.97996640109978728, -38.39800107316462885 ) ) ;
#3729 = CARTESIAN_POINT ( 'NONE',  ( 3.091543583002316797, -254.0000000000000000, -44.45000000000000284 ) ) ;
#3730 = CIRCLE ( 'NONE', #2868, 6.349999999999996092 ) ;
#3731 = CIRCLE ( 'NONE', #2273, 2.200000000000017941 ) ;
#3732 = ORIENTED_EDGE ( 'NONE', *, *, #591, .F. ) ;
#3733 = CARTESIAN_POINT ( 'NONE',  ( -15.05039600214480622, -111.9799664010997873, -39.89800107316462885 ) ) ;
#3734 = CARTESIAN_POINT ( 'NONE',  ( 8.171543583002316424, -169.4319999999999879, -49.53000000000000114 ) ) ;
#3735 = ORIENTED_EDGE ( 'NONE', *, *, #56, .T. ) ;
#3736 = DIRECTION ( 'NONE',  ( 0.4067366430758009854, 0.000000000000000000, -0.9135454576426004225 ) ) ;
#3737 = VERTEX_POINT ( 'NONE', #1572 ) ;
#3738 = EDGE_CURVE ( 'NONE', #2620, #1374, #1496, .T. ) ;
#3739 = DIRECTION ( 'NONE',  ( -0.000000000000000000, -1.000000000000000000, -0.000000000000000000 ) ) ;
#3740 = CARTESIAN_POINT ( 'NONE',  ( -61.60466781104819489, -113.0299999999999017, 9.719370233921409863 ) ) ;
#3741 = EDGE_CURVE ( 'NONE', #1061, #2733, #883, .T. ) ;
#3742 = DIRECTION ( 'NONE',  ( 0.000000000000000000, 0.000000000000000000, -1.000000000000000000 ) ) ;
#3743 = FACE_BOUND ( 'NONE', #1911, .T. ) ;
#3744 = CARTESIAN_POINT ( 'NONE',  ( -58.92997225528787197, 12.69999999999999929, -37.50041159762118070 ) ) ;
#3745 = VERTEX_POINT ( 'NONE', #575 ) ;
#3746 = AXIS2_PLACEMENT_3D ( 'NONE', #592, #858, #2134 ) ;
#3747 = AXIS2_PLACEMENT_3D ( 'NONE', #2638, #3878, #1046 ) ;
#3748 = EDGE_CURVE ( 'NONE', #3102, #3556, #3428, .T. ) ;
#3749 = ADVANCED_FACE ( 'NONE', ( #398 ), #1670, .F. ) ;
#3750 = DIRECTION ( 'NONE',  ( -0.000000000000000000, -1.000000000000000000, -0.000000000000000000 ) ) ;
#3751 = CARTESIAN_POINT ( 'NONE',  ( -7.050396002144844410, -154.3934589431867153, 17.57598993040848612 ) ) ;
#3752 = ADVANCED_FACE ( 'NONE', ( #3004 ), #3646, .F. ) ;
#3753 = EDGE_LOOP ( 'NONE', ( #2712, #3936, #666, #619 ) ) ;
#3754 = FACE_OUTER_BOUND ( 'NONE', #3540, .T. ) ;
#3755 = CARTESIAN_POINT ( 'NONE',  ( -7.050396002144834640, -154.3934589431867153, 36.62598993040850104 ) ) ;
#3756 = VERTEX_POINT ( 'NONE', #2984 ) ;
#3757 = AXIS2_PLACEMENT_3D ( 'NONE', #3483, #915, #954 ) ;
#3758 = CARTESIAN_POINT ( 'NONE',  ( -8.510396002144819505, -254.0000000000000000, 44.44999999999999574 ) ) ;
#3759 = AXIS2_PLACEMENT_3D ( 'NONE', #3903, #2701, #1734 ) ;
#3760 = VECTOR ( 'NONE', #3736, 1000.000000000000114 ) ;
#3761 = AXIS2_PLACEMENT_3D ( 'NONE', #562, #3108, #2073 ) ;
#3762 = CARTESIAN_POINT ( 'NONE',  ( -4.666286167692970999, -147.4659028457231500, 59.69000000000004746 ) ) ;
#3763 = PLANE ( 'NONE',  #1384 ) ;
#3764 = ADVANCED_FACE ( 'NONE', ( #1084 ), #2656, .F. ) ;
#3765 = CARTESIAN_POINT ( 'NONE',  ( -15.05039600214480622, -91.97996640109978728, -38.39800107316462885 ) ) ;
#3766 = DIRECTION ( 'NONE',  ( -1.000000000000000000, -0.000000000000000000, -1.084912616036924389E-16 ) ) ;
#3767 = DIRECTION ( 'NONE',  ( -1.000000000000000000, 0.000000000000000000, -1.084912616036924266E-16 ) ) ;
#3768 = ORIENTED_EDGE ( 'NONE', *, *, #3712, .F. ) ;
#3769 = VECTOR ( 'NONE', #1447, 1000.000000000000000 ) ;
#3770 = EDGE_CURVE ( 'NONE', #2920, #3578, #3315, .T. ) ;
#3771 = FACE_OUTER_BOUND ( 'NONE', #2525, .T. ) ;
#3772 = CARTESIAN_POINT ( 'NONE',  ( -10.64809863887145980, -89.27332658633234530, -43.28954424212128771 ) ) ;
#3773 = CARTESIAN_POINT ( 'NONE',  ( -8.521756051245720442, -87.63000000000002387, -18.21121602279868412 ) ) ;
#3774 = EDGE_CURVE ( 'NONE', #3708, #2826, #633, .T. ) ;
#3775 = ORIENTED_EDGE ( 'NONE', *, *, #4082, .F. ) ;
#3776 = DIRECTION ( 'NONE',  ( -1.000000000000000000, -0.000000000000000000, -1.241749088029210621E-16 ) ) ;
#3777 = DIRECTION ( 'NONE',  ( 1.000000000000000000, -7.070535267834153713E-17, 5.980805065379274809E-16 ) ) ;
#3778 = VERTEX_POINT ( 'NONE', #1730 ) ;
#3779 = DIRECTION ( 'NONE',  ( 1.000000000000000000, 0.000000000000000000, 0.000000000000000000 ) ) ;
#3780 = CIRCLE ( 'NONE', #1055, 6.349999999999996980 ) ;
#3781 = ORIENTED_EDGE ( 'NONE', *, *, #1852, .T. ) ;
#3782 = CARTESIAN_POINT ( 'NONE',  ( -7.050396002144810659, -97.24345894318669536, 17.57598993040849678 ) ) ;
#3783 = DIRECTION ( 'NONE',  ( 1.000000000000000000, 0.000000000000000000, -6.829619984160667907E-16 ) ) ;
#3784 = FACE_OUTER_BOUND ( 'NONE', #1556, .T. ) ;
#3785 = CYLINDRICAL_SURFACE ( 'NONE', #4087, 1.500000000000001332 ) ;
#3786 = DIRECTION ( 'NONE',  ( -1.000000000000000000, 0.000000000000000000, -1.744436394675441384E-15 ) ) ;
#3787 = EDGE_CURVE ( 'NONE', #689, #2016, #1201, .T. ) ;
#3788 = ORIENTED_EDGE ( 'NONE', *, *, #2736, .T. ) ;
#3789 = CARTESIAN_POINT ( 'NONE',  ( -25.08647081916205579, -169.4319999999999879, -53.55235401931967942 ) ) ;
#3790 = DIRECTION ( 'NONE',  ( 0.000000000000000000, 1.000000000000000000, 0.000000000000000000 ) ) ;
#3791 = AXIS2_PLACEMENT_3D ( 'NONE', #388, #3863, #1304 ) ;
#3792 = AXIS2_PLACEMENT_3D ( 'NONE', #2250, #2569, #3174 ) ;
#3793 = EDGE_CURVE ( 'NONE', #3834, #2909, #460, .T. ) ;
#3794 = ORIENTED_EDGE ( 'NONE', *, *, #183, .T. ) ;
#3795 = VECTOR ( 'NONE', #3438, 1000.000000000000000 ) ;
#3796 = CARTESIAN_POINT ( 'NONE',  ( -7.050396002144810659, -154.3934589431867153, 36.62598993040850104 ) ) ;
#3797 = DIRECTION ( 'NONE',  ( -0.9135454576426004225, -0.000000000000000000, 0.4067366430758010964 ) ) ;
#3798 = ORIENTED_EDGE ( 'NONE', *, *, #3413, .F. ) ;
#3799 = CARTESIAN_POINT ( 'NONE',  ( 0.000000000000000000, -113.0299999999999017, 0.000000000000000000 ) ) ;
#3800 = ORIENTED_EDGE ( 'NONE', *, *, #2876, .T. ) ;
#3801 = EDGE_CURVE ( 'NONE', #3818, #2228, #1697, .T. ) ;
#3802 = FACE_OUTER_BOUND ( 'NONE', #3694, .T. ) ;
#3803 = LINE ( 'NONE', #2908, #1781 ) ;
#3804 = ORIENTED_EDGE ( 'NONE', *, *, #458, .F. ) ;
#3805 = FACE_OUTER_BOUND ( 'NONE', #429, .T. ) ;
#3806 = CARTESIAN_POINT ( 'NONE',  ( -10.51295064911819743, -109.8421383873988617, -43.48191723342426940 ) ) ;
#3807 = VECTOR ( 'NONE', #989, 1000.000000000000000 ) ;
#3808 = EDGE_CURVE ( 'NONE', #3630, #3579, #1412, .T. ) ;
#3809 = ORIENTED_EDGE ( 'NONE', *, *, #3398, .F. ) ;
#3810 = DIRECTION ( 'NONE',  ( 0.000000000000000000, 1.000000000000000000, 0.000000000000000000 ) ) ;
#3811 = DIRECTION ( 'NONE',  ( -0.000000000000000000, -1.000000000000000000, -0.000000000000000000 ) ) ;
#3812 = ADVANCED_FACE ( 'NONE', ( #2611 ), #1107, .F. ) ;
#3813 = CIRCLE ( 'NONE', #3087, 2.199999999999994849 ) ;
#3814 = ADVANCED_FACE ( 'NONE', ( #104, #442 ), #3917, .T. ) ;
#3815 = ORIENTED_EDGE ( 'NONE', *, *, #3738, .T. ) ;
#3816 = FACE_BOUND ( 'NONE', #163, .T. ) ;
#3817 = AXIS2_PLACEMENT_3D ( 'NONE', #395, #1350, #2005 ) ;
#3818 = VERTEX_POINT ( 'NONE', #754 ) ;
#3819 = DIRECTION ( 'NONE',  ( 0.000000000000000000, 0.000000000000000000, -1.000000000000000000 ) ) ;
#3820 = EDGE_CURVE ( 'NONE', #2658, #516, #3957, .T. ) ;
#3821 = ORIENTED_EDGE ( 'NONE', *, *, #1454, .F. ) ;
#3822 = DIRECTION ( 'NONE',  ( -1.000000000000000000, -0.000000000000000000, -1.241749088029210621E-16 ) ) ;
#3823 = CARTESIAN_POINT ( 'NONE',  ( 8.171543583002316424, -87.62999999999998124, -54.60999999999998522 ) ) ;
#3824 = ORIENTED_EDGE ( 'NONE', *, *, #349, .T. ) ;
#3825 = VECTOR ( 'NONE', #1501, 1000.000000000000000 ) ;
#3826 = ORIENTED_EDGE ( 'NONE', *, *, #1168, .F. ) ;
#3827 = EDGE_CURVE ( 'NONE', #2910, #2123, #1711, .T. ) ;
#3828 = CARTESIAN_POINT ( 'NONE',  ( -7.050396002144810659, -154.3934589431867153, 40.32598993040861046 ) ) ;
#3829 = FACE_OUTER_BOUND ( 'NONE', #2002, .T. ) ;
#3830 = ORIENTED_EDGE ( 'NONE', *, *, #1907, .T. ) ;
#3831 = CARTESIAN_POINT ( 'NONE',  ( -46.22889533212071456, -133.3499999999999943, -51.34238970258228818 ) ) ;
#3832 = DIRECTION ( 'NONE',  ( 0.000000000000000000, -1.000000000000000000, 0.000000000000000000 ) ) ;
#3833 = VERTEX_POINT ( 'NONE', #2676 ) ;
#3834 = VERTEX_POINT ( 'NONE', #2918 ) ;
#3835 = ADVANCED_FACE ( 'NONE', ( #63 ), #3565, .F. ) ;
#3836 = EDGE_CURVE ( 'NONE', #1302, #1743, #505, .T. ) ;
#3837 = PLANE ( 'NONE',  #3521 ) ;
#3838 = ORIENTED_EDGE ( 'NONE', *, *, #1114, .F. ) ;
#3839 = DIRECTION ( 'NONE',  ( 0.7431448254773953543, 0.000000000000000000, -0.6691306063588570163 ) ) ;
#3840 = ORIENTED_EDGE ( 'NONE', *, *, #447, .T. ) ;
#3841 = DIRECTION ( 'NONE',  ( -0.8660254037844361541, 6.123233995736819037E-17, -0.5000000000000042188 ) ) ;
#3842 = CARTESIAN_POINT ( 'NONE',  ( -16.05039600214481155, -153.3968480519725688, -33.20703493043131260 ) ) ;
#3843 = ORIENTED_EDGE ( 'NONE', *, *, #354, .T. ) ;
#3844 = CIRCLE ( 'NONE', #789, 6.349999999999998757 ) ;
#3845 = EDGE_CURVE ( 'NONE', #3533, #384, #1776, .T. ) ;
#3846 = VERTEX_POINT ( 'NONE', #1519 ) ;
#3847 = CARTESIAN_POINT ( 'NONE',  ( 0.000000000000000000, -435.6100000000001273, 50.79999999999999716 ) ) ;
#3848 = LINE ( 'NONE', #1038, #3294 ) ;
#3849 = DIRECTION ( 'NONE',  ( 1.000000000000000000, 0.000000000000000000, 1.241749088029210621E-16 ) ) ;
#3850 = EDGE_LOOP ( 'NONE', ( #1361, #2722, #3225, #3496 ) ) ;
#3851 = EDGE_CURVE ( 'NONE', #882, #3756, #1239, .T. ) ;
#3852 = CARTESIAN_POINT ( 'NONE',  ( -10.26017045602887023, -91.58211305521777490, -43.75116521815255055 ) ) ;
#3853 = AXIS2_PLACEMENT_3D ( 'NONE', #1298, #979, #3857 ) ;
#3854 = DIRECTION ( 'NONE',  ( 1.000000000000000000, -0.000000000000000000, 1.744436394675441187E-15 ) ) ;
#3855 = EDGE_LOOP ( 'NONE', ( #2892, #728 ) ) ;
#3856 = VERTEX_POINT ( 'NONE', #4039 ) ;
#3857 = DIRECTION ( 'NONE',  ( 0.000000000000000000, 0.000000000000000000, -1.000000000000000000 ) ) ;
#3858 = ORIENTED_EDGE ( 'NONE', *, *, #256, .T. ) ;
#3859 = DIRECTION ( 'NONE',  ( 0.000000000000000000, 1.000000000000000000, 0.000000000000000000 ) ) ;
#3860 = AXIS2_PLACEMENT_3D ( 'NONE', #3338, #1109, #1712 ) ;
#3861 = VECTOR ( 'NONE', #3014, 1000.000000000000000 ) ;
#3862 = EDGE_LOOP ( 'NONE', ( #90, #3885, #3179, #3830 ) ) ;
#3863 = DIRECTION ( 'NONE',  ( 1.000000000000000000, -0.000000000000000000, 1.241749088029210621E-16 ) ) ;
#3864 = LINE ( 'NONE', #3842, #2718 ) ;
#3865 = ORIENTED_EDGE ( 'NONE', *, *, #3882, .T. ) ;
#3866 = ADVANCED_FACE ( 'NONE', ( #2128 ), #1022, .T. ) ;
#3867 = ORIENTED_EDGE ( 'NONE', *, *, #2758, .T. ) ;
#3868 = CARTESIAN_POINT ( 'NONE',  ( -8.699127550990878532, -87.63000000000000966, -39.36102008574229671 ) ) ;
#3869 = DIRECTION ( 'NONE',  ( 0.000000000000000000, 0.000000000000000000, -1.000000000000000000 ) ) ;
#3870 = DIRECTION ( 'NONE',  ( -0.000000000000000000, -1.000000000000000000, -0.000000000000000000 ) ) ;
#3871 = VERTEX_POINT ( 'NONE', #1456 ) ;
#3872 = ADVANCED_FACE ( 'NONE', ( #524, #1793 ), #2791, .F. ) ;
#3873 = AXIS2_PLACEMENT_3D ( 'NONE', #3720, #1207, #3742 ) ;
#3874 = DIRECTION ( 'NONE',  ( -0.000000000000000000, 1.000000000000000000, -0.000000000000000000 ) ) ;
#3875 = DIRECTION ( 'NONE',  ( 0.000000000000000000, 0.000000000000000000, 1.000000000000000000 ) ) ;
#3876 = VERTEX_POINT ( 'NONE', #225 ) ;
#3877 = EDGE_CURVE ( 'NONE', #3309, #3078, #2093, .T. ) ;
#3878 = DIRECTION ( 'NONE',  ( 1.000000000000000000, 0.000000000000000000, 0.000000000000000000 ) ) ;
#3879 = CARTESIAN_POINT ( 'NONE',  ( -16.05039600214481155, -153.3968480519725688, -35.40703493043132966 ) ) ;
#3880 = ORIENTED_EDGE ( 'NONE', *, *, #2275, .F. ) ;
#3881 = CARTESIAN_POINT ( 'NONE',  ( -7.050396002144810659, -97.24345894318669536, 17.57598993040849678 ) ) ;
#3882 = EDGE_CURVE ( 'NONE', #400, #1660, #1774, .T. ) ;
#3883 = AXIS2_PLACEMENT_3D ( 'NONE', #468, #1758, #2726 ) ;
#3884 = AXIS2_PLACEMENT_3D ( 'NONE', #1191, #2462, #2097 ) ;
#3885 = ORIENTED_EDGE ( 'NONE', *, *, #3273, .T. ) ;
#3886 = CARTESIAN_POINT ( 'NONE',  ( -11.05039600214481688, -87.62999999999998124, 41.90999999999999659 ) ) ;
#3887 = DIRECTION ( 'NONE',  ( 0.000000000000000000, 0.000000000000000000, -1.000000000000000000 ) ) ;
#3888 = ORIENTED_EDGE ( 'NONE', *, *, #1902, .T. ) ;
#3889 = AXIS2_PLACEMENT_3D ( 'NONE', #895, #1900, #264 ) ;
#3890 = ORIENTED_EDGE ( 'NONE', *, *, #2215, .F. ) ;
#3891 = CARTESIAN_POINT ( 'NONE',  ( -8.522349857026579656, -87.62999999999999545, -38.59213687219529731 ) ) ;
#3892 = CARTESIAN_POINT ( 'NONE',  ( 0.000000000000000000, -169.4319999999999595, -50.79999999999999716 ) ) ;
#3893 = LINE ( 'NONE', #1040, #2233 ) ;
#3894 = AXIS2_PLACEMENT_3D ( 'NONE', #226, #4023, #3419 ) ;
#3895 = ORIENTED_EDGE ( 'NONE', *, *, #3047, .T. ) ;
#3896 = EDGE_CURVE ( 'NONE', #3077, #3578, #37, .T. ) ;
#3897 = CIRCLE ( 'NONE', #2111, 6.009401076758583038 ) ;
#3898 = AXIS2_PLACEMENT_3D ( 'NONE', #3099, #791, #598 ) ;
#3899 = CARTESIAN_POINT ( 'NONE',  ( -52.32544042660832417, 25.77737000652124877, -33.93596231161124166 ) ) ;
#3900 = VECTOR ( 'NONE', #3766, 1000.000000000000000 ) ;
#3901 = DIRECTION ( 'NONE',  ( -0.000000000000000000, -1.000000000000000000, -0.000000000000000000 ) ) ;
#3902 = ORIENTED_EDGE ( 'NONE', *, *, #3836, .T. ) ;
#3903 = CARTESIAN_POINT ( 'NONE',  ( -8.644014404209290348, -147.4659028457231500, 59.69000000000004036 ) ) ;
#3904 = CARTESIAN_POINT ( 'NONE',  ( -11.05039600214481688, -169.4319999999999879, 41.90999999999999659 ) ) ;
#3905 = ORIENTED_EDGE ( 'NONE', *, *, #1779, .T. ) ;
#3906 = CARTESIAN_POINT ( 'NONE',  ( -25.08647081916205934, -113.0299999999999017, 65.18965778280575307 ) ) ;
#3907 = ORIENTED_EDGE ( 'NONE', *, *, #2522, .T. ) ;
#3908 = DIRECTION ( 'NONE',  ( 0.4067366430758013740, 0.000000000000000000, -0.9135454576426003115 ) ) ;
#3909 = DIRECTION ( 'NONE',  ( 1.000000000000000000, 0.000000000000000000, 0.000000000000000000 ) ) ;
#3910 = ORIENTED_EDGE ( 'NONE', *, *, #2057, .T. ) ;
#3911 = VERTEX_POINT ( 'NONE', #1188 ) ;
#3912 = FACE_OUTER_BOUND ( 'NONE', #3940, .T. ) ;
#3913 = DIRECTION ( 'NONE',  ( 1.000000000000000000, 0.000000000000000000, 1.241749088029210621E-16 ) ) ;
#3914 = DIRECTION ( 'NONE',  ( -0.4067366430758013740, 0.000000000000000000, -0.9135454576426003115 ) ) ;
#3915 = ORIENTED_EDGE ( 'NONE', *, *, #1913, .T. ) ;
#3916 = VECTOR ( 'NONE', #2866, 1000.000000000000000 ) ;
#3917 = PLANE ( 'NONE',  #766 ) ;
#3918 = CARTESIAN_POINT ( 'NONE',  ( -16.05039600214481155, -154.3934589431867153, 34.42598993040837740 ) ) ;
#3919 = ORIENTED_EDGE ( 'NONE', *, *, #591, .T. ) ;
#3920 = CIRCLE ( 'NONE', #3660, 6.349999999999996980 ) ;
#3921 = DIRECTION ( 'NONE',  ( 1.000000000000000000, 0.000000000000000000, 5.980805065379273823E-16 ) ) ;
#3922 = CARTESIAN_POINT ( 'NONE',  ( -10.95961960632159737, -154.3934589431867153, 42.58298123060253459 ) ) ;
#3923 = FACE_OUTER_BOUND ( 'NONE', #2326, .T. ) ;
#3924 = ADVANCED_FACE ( 'NONE', ( #834 ), #1499, .F. ) ;
#3925 = VERTEX_POINT ( 'NONE', #2773 ) ;
#3926 = DIRECTION ( 'NONE',  ( 1.000000000000000000, 0.000000000000000000, 0.000000000000000000 ) ) ;
#3927 = DIRECTION ( 'NONE',  ( -0.9135454576426005335, -0.000000000000000000, 0.4067366430758011520 ) ) ;
#3928 = EDGE_LOOP ( 'NONE', ( #1393, #2923, #676, #2699 ) ) ;
#3929 = AXIS2_PLACEMENT_3D ( 'NONE', #1550, #617, #1489 ) ;
#3930 = CIRCLE ( 'NONE', #1536, 2.200000000000017941 ) ;
#3931 = ORIENTED_EDGE ( 'NONE', *, *, #1555, .F. ) ;
#3932 = DIRECTION ( 'NONE',  ( 0.9135454576426005335, 0.000000000000000000, 0.4067366430758010409 ) ) ;
#3933 = DIRECTION ( 'NONE',  ( 0.000000000000000000, -1.000000000000000000, -0.000000000000000000 ) ) ;
#3934 = AXIS2_PLACEMENT_3D ( 'NONE', #4016, #522, #201 ) ;
#3935 = CYLINDRICAL_SURFACE ( 'NONE', #2041, 3.810000000000000941 ) ;
#3936 = ORIENTED_EDGE ( 'NONE', *, *, #2276, .F. ) ;
#3937 = AXIS2_PLACEMENT_3D ( 'NONE', #2661, #1782, #3447 ) ;
#3938 = CARTESIAN_POINT ( 'NONE',  ( 0.000000000000000000, -435.6100000000001273, -50.79999999999999716 ) ) ;
#3939 = CYLINDRICAL_SURFACE ( 'NONE', #205, 6.349999999999996980 ) ;
#3940 = EDGE_LOOP ( 'NONE', ( #2860, #3230, #1893, #1341 ) ) ;
#3941 = FACE_OUTER_BOUND ( 'NONE', #776, .T. ) ;
#3942 = FILL_AREA_STYLE ('',( #2344 ) ) ;
#3943 = EDGE_LOOP ( 'NONE', ( #258, #3478 ) ) ;
#3944 = DIRECTION ( 'NONE',  ( 1.000000000000000000, 0.000000000000000000, 0.000000000000000000 ) ) ;
#3945 = EDGE_CURVE ( 'NONE', #1464, #3056, #3379, .T. ) ;
#3946 = ORIENTED_EDGE ( 'NONE', *, *, #2226, .T. ) ;
#3947 = CARTESIAN_POINT ( 'NONE',  ( -36.27845641699767754, -169.4319999999999879, 59.68999999999999062 ) ) ;
#3948 = CARTESIAN_POINT ( 'NONE',  ( -15.05039600214480622, -111.9799664010997873, -38.39800107316462885 ) ) ;
#3949 = ORIENTED_EDGE ( 'NONE', *, *, #1227, .F. ) ;
#3950 = VECTOR ( 'NONE', #692, 1000.000000000000000 ) ;
#3951 = ORIENTED_EDGE ( 'NONE', *, *, #2587, .T. ) ;
#3952 = CARTESIAN_POINT ( 'NONE',  ( -10.97712590602831284, -98.22918148496113133, 42.51630546896480212 ) ) ;
#3953 = DIRECTION ( 'NONE',  ( 0.000000000000000000, 0.000000000000000000, 1.000000000000000000 ) ) ;
#3954 = CARTESIAN_POINT ( 'NONE',  ( -15.05039600214480977, -111.9799664010997873, -16.89800107316462174 ) ) ;
#3955 = CONICAL_SURFACE ( 'NONE', #3817, 3.700000000000112976, 0.5235987755983051439 ) ;
#3956 = ORIENTED_EDGE ( 'NONE', *, *, #1110, .T. ) ;
#3957 = CIRCLE ( 'NONE', #2632, 2.200000000000121858 ) ;
#3958 = ADVANCED_FACE ( 'NONE', ( #1478, #2753, #3743, #482, #1838, #1170, #3706 ), #4022, .F. ) ;
#3960 = VECTOR ( 'NONE', #2693, 1000.000000000000000 ) ;
#3959 = CARTESIAN_POINT ( 'NONE',  ( -16.05039600214481155, -97.24345894318669536, 17.57598993040849678 ) ) ;
#3961 = CARTESIAN_POINT ( 'NONE',  ( -45.94053836872409136, -133.3499999999999943, 41.53221075865558731 ) ) ;
#3962 = VERTEX_POINT ( 'NONE', #3418 ) ;
#3963 = CIRCLE ( 'NONE', #2641, 1.500000000000001332 ) ;
#3964 = EDGE_CURVE ( 'NONE', #3251, #826, #3362, .T. ) ;
#3965 = VECTOR ( 'NONE', #645, 1000.000000000000000 ) ;
#3966 = LINE ( 'NONE', #108, #699 ) ;
#3967 = DIRECTION ( 'NONE',  ( 8.881784197001252323E-15, 0.000000000000000000, 1.000000000000000000 ) ) ;
#3968 = EDGE_LOOP ( 'NONE', ( #2962, #657 ) ) ;
#3969 = CARTESIAN_POINT ( 'NONE',  ( -10.51243644671917465, -114.1154466555227174, -43.48251243331044691 ) ) ;
#3970 = DIRECTION ( 'NONE',  ( 1.000000000000000000, -0.000000000000000000, -0.000000000000000000 ) ) ;
#3971 = ORIENTED_EDGE ( 'NONE', *, *, #1798, .T. ) ;
#3972 = AXIS2_PLACEMENT_3D ( 'NONE', #3990, #3040, #1742 ) ;
#3973 = ORIENTED_EDGE ( 'NONE', *, *, #3216, .F. ) ;
#3974 = CARTESIAN_POINT ( 'NONE',  ( -16.05039600214481155, -124.1868480519726319, -26.37589818040652290 ) ) ;
#3975 = CARTESIAN_POINT ( 'NONE',  ( 0.000000000000000000, -87.62999999999999545, 0.000000000000000000 ) ) ;
#3976 = EDGE_CURVE ( 'NONE', #403, #3449, #1751, .T. ) ;
#3977 = DIRECTION ( 'NONE',  ( 0.000000000000000000, 0.000000000000000000, 1.000000000000000000 ) ) ;
#3978 = ORIENTED_EDGE ( 'NONE', *, *, #1108, .F. ) ;
#3979 = EDGE_CURVE ( 'NONE', #694, #3138, #2719, .T. ) ;
#3980 = CARTESIAN_POINT ( 'NONE',  ( -8.644014404209290348, -147.4659028457231500, 59.69000000000004036 ) ) ;
#3981 = DIRECTION ( 'NONE',  ( 0.000000000000000000, 1.000000000000000000, 0.000000000000000000 ) ) ;
#3982 = AXIS2_PLACEMENT_3D ( 'NONE', #3975, #1123, #1146 ) ;
#3983 = EDGE_LOOP ( 'NONE', ( #3060, #2265 ) ) ;
#3984 = ADVANCED_FACE ( 'NONE', ( #346, #309 ), #2230, .F. ) ;
#3985 = FACE_OUTER_BOUND ( 'NONE', #587, .T. ) ;
#3986 = DIRECTION ( 'NONE',  ( -1.000000000000000000, 0.000000000000000000, -0.000000000000000000 ) ) ;
#3987 = CARTESIAN_POINT ( 'NONE',  ( 3.091543583002315465, -254.0000000000000000, 54.60999999999998522 ) ) ;
#3988 = ORIENTED_EDGE ( 'NONE', *, *, #441, .F. ) ;
#3989 = CARTESIAN_POINT ( 'NONE',  ( -38.58241694564557633, 12.69999999999999929, -58.22730976640051637 ) ) ;
#3990 = CARTESIAN_POINT ( 'NONE',  ( 0.000000000000000000, -113.0299999999999017, 0.000000000000000000 ) ) ;
#3991 = ORIENTED_EDGE ( 'NONE', *, *, #1902, .F. ) ;
#3992 = ADVANCED_FACE ( 'NONE', ( #4123 ), #3785, .F. ) ;
#3993 = ORIENTED_EDGE ( 'NONE', *, *, #1843, .F. ) ;
#3994 = VERTEX_POINT ( 'NONE', #3148 ) ;
#3995 = DIRECTION ( 'NONE',  ( 0.000000000000000000, 0.000000000000000000, 1.000000000000000000 ) ) ;
#3996 = CARTESIAN_POINT ( 'NONE',  ( 3.091543583002316797, -169.4319999999999879, -49.53000000000000114 ) ) ;
#3997 = EDGE_CURVE ( 'NONE', #1099, #2059, #2871, .T. ) ;
#3998 = AXIS2_PLACEMENT_3D ( 'NONE', #363, #1638, #75 ) ;
#3999 = CIRCLE ( 'NONE', #808, 6.349999999999998757 ) ;
#4000 = AXIS2_PLACEMENT_3D ( 'NONE', #1451, #500, #3995 ) ;
#4001 = CARTESIAN_POINT ( 'NONE',  ( -11.05039600214480622, -153.3968480519725688, -35.40703493043132966 ) ) ;
#4002 = DIRECTION ( 'NONE',  ( -1.000000000000000000, 0.000000000000000000, 6.829619984160667907E-16 ) ) ;
#4003 = ORIENTED_EDGE ( 'NONE', *, *, #183, .F. ) ;
#4004 = VECTOR ( 'NONE', #569, 1000.000000000000000 ) ;
#4005 = DIRECTION ( 'NONE',  ( -1.000000000000000000, 0.000000000000000000, 0.000000000000000000 ) ) ;
#4006 = FACE_OUTER_BOUND ( 'NONE', #2929, .T. ) ;
#4007 = ORIENTED_EDGE ( 'NONE', *, *, #3422, .F. ) ;
#4008 = EDGE_CURVE ( 'NONE', #3016, #535, #2189, .T. ) ;
#4009 = ORIENTED_EDGE ( 'NONE', *, *, #3146, .T. ) ;
#4010 = LINE ( 'NONE', #3614, #998 ) ;
#4011 = CARTESIAN_POINT ( 'NONE',  ( -10.95961960632159737, -154.3934589431867153, 42.58298123060253459 ) ) ;
#4012 = ORIENTED_EDGE ( 'NONE', *, *, #1114, .T. ) ;
#4013 = AXIS2_PLACEMENT_3D ( 'NONE', #3523, #3832, #2214 ) ;
#4014 = ORIENTED_EDGE ( 'NONE', *, *, #1108, .T. ) ;
#4015 = ORIENTED_EDGE ( 'NONE', *, *, #3453, .T. ) ;
#4016 = CARTESIAN_POINT ( 'NONE',  ( -36.71118158727232128, -133.3499999999999943, 40.77189770499182231 ) ) ;
#4017 = CARTESIAN_POINT ( 'NONE',  ( -7.050396002144809771, -91.97996640109978728, -14.89800107316461464 ) ) ;
#4018 = AXIS2_PLACEMENT_3D ( 'NONE', #571, #251, #2818 ) ;
#4019 = DIRECTION ( 'NONE',  ( -0.000000000000000000, -1.000000000000000000, -0.000000000000000000 ) ) ;
#4020 = B_SPLINE_CURVE_WITH_KNOTS ( 'NONE', 3,
 ( #779, #2015, #1755, #2322, #1716, #1068, #1358, #3922 ),
 .UNSPECIFIED., .F., .F.,
 ( 4, 2, 2, 4 ),
 ( 0.000000000000000000, 0.001479643278057226870, 0.002219464917085800081, 0.002959286556114373509 ),
 .UNSPECIFIED. ) ;
#4021 = AXIS2_PLACEMENT_3D ( 'NONE', #1770, #2354, #2069 ) ;
#4022 = PLANE ( 'NONE',  #2171 ) ;
#4023 = DIRECTION ( 'NONE',  ( -0.000000000000000000, 1.000000000000000000, -0.000000000000000000 ) ) ;
#4024 = VECTOR ( 'NONE', #3430, 1000.000000000000000 ) ;
#4025 = ORIENTED_EDGE ( 'NONE', *, *, #3468, .T. ) ;
#4026 = DIRECTION ( 'NONE',  ( 0.000000000000000000, 0.000000000000000000, 1.000000000000000000 ) ) ;
#4027 = LINE ( 'NONE', #901, #2222 ) ;
#4028 = CIRCLE ( 'NONE', #1835, 6.009401076758638993 ) ;
#4029 = EDGE_LOOP ( 'NONE', ( #2977, #2533 ) ) ;
#4030 = DIRECTION ( 'NONE',  ( 0.000000000000000000, 0.000000000000000000, -1.000000000000000000 ) ) ;
#4031 = DIRECTION ( 'NONE',  ( 5.980805065379274809E-16, 0.000000000000000000, -1.000000000000000000 ) ) ;
#4032 = ORIENTED_EDGE ( 'NONE', *, *, #1775, .F. ) ;
#4033 = ORIENTED_EDGE ( 'NONE', *, *, #266, .F. ) ;
#4034 = VERTEX_POINT ( 'NONE', #3186 ) ;
#4035 = EDGE_CURVE ( 'NONE', #3343, #1302, #628, .T. ) ;
#4036 = DIRECTION ( 'NONE',  ( -0.000000000000000000, 1.000000000000000000, -0.000000000000000000 ) ) ;
#4037 = DIRECTION ( 'NONE',  ( 0.7431448254773954654, 0.000000000000000000, 0.6691306063588569053 ) ) ;
#4038 = CARTESIAN_POINT ( 'NONE',  ( -16.05039600214481155, -154.3934589431867153, 36.62598993040850104 ) ) ;
#4039 = CARTESIAN_POINT ( 'NONE',  ( 3.091543583002315465, -169.4319999999999879, -59.68999999999999062 ) ) ;
#4040 = DIRECTION ( 'NONE',  ( -0.000000000000000000, 1.000000000000000000, 0.000000000000000000 ) ) ;
#4041 = ORIENTED_EDGE ( 'NONE', *, *, #2453, .F. ) ;
#4042 = DIRECTION ( 'NONE',  ( 0.000000000000000000, 0.000000000000000000, -1.000000000000000000 ) ) ;
#4043 = CARTESIAN_POINT ( 'NONE',  ( -16.05039600214481155, -124.1868480519726319, -24.17589818040650229 ) ) ;
#4044 = CARTESIAN_POINT ( 'NONE',  ( -33.38807912158540603, -169.4319999999999879, -52.83449583066303035 ) ) ;
#4045 = ORIENTED_EDGE ( 'NONE', *, *, #3019, .F. ) ;
#4046 = CARTESIAN_POINT ( 'NONE',  ( 0.000000000000000000, -169.4319999999999879, 0.000000000000000000 ) ) ;
#4047 = CARTESIAN_POINT ( 'NONE',  ( 8.171543583002316424, -169.4319999999999879, 54.60999999999998522 ) ) ;
#4048 = ORIENTED_EDGE ( 'NONE', *, *, #421, .F. ) ;
#4049 = FACE_BOUND ( 'NONE', #4029, .T. ) ;
#4050 = EDGE_CURVE ( 'NONE', #2228, #3251, #1269, .T. ) ;
#4051 = ORIENTED_EDGE ( 'NONE', *, *, #1794, .F. ) ;
#4052 = CARTESIAN_POINT ( 'NONE',  ( 3.091543583002316797, -169.4319999999999879, -44.45000000000000284 ) ) ;
#4053 = DIRECTION ( 'NONE',  ( 0.000000000000000000, 0.000000000000000000, -1.000000000000000000 ) ) ;
#4054 = VECTOR ( 'NONE', #1467, 1000.000000000000000 ) ;
#4055 = ADVANCED_FACE ( 'NONE', ( #1881, #1938 ), #1561, .F. ) ;
#4056 = ADVANCED_FACE ( 'NONE', ( #3805 ), #2568, .T. ) ;
#4057 = DIRECTION ( 'NONE',  ( 0.000000000000000000, 0.000000000000000000, 1.000000000000000000 ) ) ;
#4058 = CARTESIAN_POINT ( 'NONE',  ( -36.27845641699767754, -254.0000000000000000, 59.68999999999999062 ) ) ;
#4059 = DIRECTION ( 'NONE',  ( -0.000000000000000000, 1.000000000000000000, -0.000000000000000000 ) ) ;
#4060 = EDGE_LOOP ( 'NONE', ( #1008, #3606, #1448, #276 ) ) ;
#4061 = VECTOR ( 'NONE', #3479, 1000.000000000000000 ) ;
#4062 = CARTESIAN_POINT ( 'NONE',  ( -7.050396002144808882, -91.97996640109978728, -18.39800107316462530 ) ) ;
#4063 = CARTESIAN_POINT ( 'NONE',  ( -7.050396002144810659, -97.24345894318669536, 17.57598993040849678 ) ) ;
#4064 = CARTESIAN_POINT ( 'NONE',  ( -16.05039600214481155, -97.24345894318669536, 36.62598993040849393 ) ) ;
#4065 = AXIS2_PLACEMENT_3D ( 'NONE', #148, #3280, #758 ) ;
#4066 = ORIENTED_EDGE ( 'NONE', *, *, #3575, .T. ) ;
#4067 = CYLINDRICAL_SURFACE ( 'NONE', #738, 2.200000000000121858 ) ;
#4068 = LINE ( 'NONE', #4047, #531 ) ;
#4069 = ORIENTED_EDGE ( 'NONE', *, *, #996, .F. ) ;
#4070 = CARTESIAN_POINT ( 'NONE',  ( -15.05039600214480622, -91.97996640109978728, -36.89800107316462885 ) ) ;
#4071 = ORIENTED_EDGE ( 'NONE', *, *, #1182, .F. ) ;
#4072 = EDGE_CURVE ( 'NONE', #1327, #2492, #2210, .T. ) ;
#4073 = ORIENTED_EDGE ( 'NONE', *, *, #2508, .F. ) ;
#4074 = DIRECTION ( 'NONE',  ( 0.000000000000000000, 0.000000000000000000, -1.000000000000000000 ) ) ;
#4075 = CARTESIAN_POINT ( 'NONE',  ( -36.71118158727232839, -133.3499999999999943, -40.77189770499181520 ) ) ;
#4076 = EDGE_CURVE ( 'NONE', #1706, #2052, #1034, .T. ) ;
#4077 = AXIS2_PLACEMENT_3D ( 'NONE', #3657, #2993, #130 ) ;
#4078 = DIRECTION ( 'NONE',  ( 1.000000000000000000, -0.000000000000000000, 1.241749088029210621E-16 ) ) ;
#4079 = CARTESIAN_POINT ( 'NONE',  ( -15.05039600214480622, -111.9799664010997873, -38.39800107316462885 ) ) ;
#4080 = CARTESIAN_POINT ( 'NONE',  ( -11.05039600214481688, -94.38126766973842052, 41.90999999999999659 ) ) ;
#4081 = VERTEX_POINT ( 'NONE', #3828 ) ;
#4082 = EDGE_CURVE ( 'NONE', #980, #2551, #3502, .T. ) ;
#4083 = AXIS2_PLACEMENT_3D ( 'NONE', #3729, #195, #1215 ) ;
#4084 = AXIS2_PLACEMENT_3D ( 'NONE', #3088, #2408, #3671 ) ;
#4085 = CARTESIAN_POINT ( 'NONE',  ( -7.050396002144805330, -111.9799664010997873, -36.89800107316462885 ) ) ;
#4086 = LINE ( 'NONE', #648, #2867 ) ;
#4087 = AXIS2_PLACEMENT_3D ( 'NONE', #4079, #2523, #3462 ) ;
#4088 = PLANE ( 'NONE',  #4018 ) ;
#4089 = ORIENTED_EDGE ( 'NONE', *, *, #3378, .T. ) ;
#4090 = CARTESIAN_POINT ( 'NONE',  ( -58.86144213189573549, -133.3499999999999943, -19.25586212723507984 ) ) ;
#4091 = CARTESIAN_POINT ( 'NONE',  ( -10.26017045602887201, -92.41230850491336923, -43.75116521815255055 ) ) ;
#4092 = VERTEX_POINT ( 'NONE', #2835 ) ;
#4093 = AXIS2_PLACEMENT_3D ( 'NONE', #816, #3380, #1795 ) ;
#4094 = PLANE ( 'NONE',  #2371 ) ;
#4095 = ORIENTED_EDGE ( 'NONE', *, *, #2357, .F. ) ;
#4096 = CIRCLE ( 'NONE', #3747, 2.200000000000118305 ) ;
#4097 = CIRCLE ( 'NONE', #1569, 6.349999999999996092 ) ;
#4098 = VECTOR ( 'NONE', #1598, 1000.000000000000227 ) ;
#4099 = CARTESIAN_POINT ( 'NONE',  ( -25.08647081916205934, -113.0299999999999017, -59.68999999999996220 ) ) ;
#4100 = CARTESIAN_POINT ( 'NONE',  ( -10.95961960632159737, -97.24345894318669536, 42.58298123060252749 ) ) ;
#4101 = DIRECTION ( 'NONE',  ( 0.000000000000000000, 0.000000000000000000, -1.000000000000000000 ) ) ;
#4102 = DIRECTION ( 'NONE',  ( -0.9135454576426005335, -0.000000000000000000, -0.4067366430758008189 ) ) ;
#4103 = CARTESIAN_POINT ( 'NONE',  ( -11.03258748984125326, -107.6345083696835445, -42.24411533691082354 ) ) ;
#4104 = ORIENTED_EDGE ( 'NONE', *, *, #4110, .F. ) ;
#4105 = ADVANCED_FACE ( 'NONE', ( #1918 ), #838, .T. ) ;
#4106 = VECTOR ( 'NONE', #3970, 1000.000000000000000 ) ;
#4107 = CARTESIAN_POINT ( 'NONE',  ( -7.050396002144810659, -153.3968480519725688, -33.20703493043131260 ) ) ;
#4108 = CARTESIAN_POINT ( 'NONE',  ( 8.171543583002316424, -87.62999999999998124, -54.60999999999998522 ) ) ;
#4109 = LINE ( 'NONE', #649, #3289 ) ;
#4110 = EDGE_CURVE ( 'NONE', #2551, #3354, #2544, .T. ) ;
#4111 = ORIENTED_EDGE ( 'NONE', *, *, #817, .T. ) ;
#4112 = FACE_OUTER_BOUND ( 'NONE', #3392, .T. ) ;
#4113 = CARTESIAN_POINT ( 'NONE',  ( -69.85099999999999909, -115.8913243749326369, 6.858330662837484049 ) ) ;
#4114 = VERTEX_POINT ( 'NONE', #952 ) ;
#4115 = CARTESIAN_POINT ( 'NONE',  ( -7.050396002144810659, -154.3934589431867153, 21.27598993040860620 ) ) ;
#4116 = ORIENTED_EDGE ( 'NONE', *, *, #1475, .T. ) ;
#4117 = EDGE_CURVE ( 'NONE', #925, #678, #1229, .T. ) ;
#4118 = CYLINDRICAL_SURFACE ( 'NONE', #1070, 62.36666781104819535 ) ;
#4119 = LINE ( 'NONE', #2225, #3916 ) ;
#4120 = AXIS2_PLACEMENT_3D ( 'NONE', #1528, #1826, #2158 ) ;
#4121 = ORIENTED_EDGE ( 'NONE', *, *, #2950, .F. ) ;
#4122 = EDGE_CURVE ( 'NONE', #536, #2711, #933, .T. ) ;
#4123 = FACE_OUTER_BOUND ( 'NONE', #3142, .T. ) ;
#4124 = LINE ( 'NONE', #2872, #2438 ) ;
#4125 = ORIENTED_EDGE ( 'NONE', *, *, #1856, .F. ) ;
ENDSEC;
END-ISO-10303-21;
