ISO-10303-21;
HEADER;
FILE_DESCRIPTION (( 'STEP AP214' ),
    '1' );
FILE_NAME ('Sled Base - Middle.STEP',
    '2026-04-13T01:53:05',
    ( '' ),
    ( '' ),
    'SwSTEP 2.0',
    'SolidWorks 2025',
    '' );
FILE_SCHEMA (( 'AUTOMOTIVE_DESIGN' ));
ENDSEC;

DATA;
#1 = CARTESIAN_POINT ( 'NONE',  ( 3.091543583002315465, -169.4319999999999879, 59.68999999999999062 ) ) ;
#2 = VECTOR ( 'NONE', #74, 1000.000000000000000 ) ;
#3 = ORIENTED_EDGE ( 'NONE', *, *, #441, .F. ) ;
#4 = VECTOR ( 'NONE', #224, 1000.000000000000000 ) ;
#5 = EDGE_CURVE ( 'NONE', #656, #1125, #472, .T. ) ;
#6 = CARTESIAN_POINT ( 'NONE',  ( -4.050396002144875496, -179.4853267415827816, -31.91232707288636661 ) ) ;
#7 = CARTESIAN_POINT ( 'NONE',  ( -20.08647081916206645, -204.8910808520000160, 20.99999999999999645 ) ) ;
#8 = VECTOR ( 'NONE', #1765, 1000.000000000000000 ) ;
#9 = ORIENTED_EDGE ( 'NONE', *, *, #1212, .T. ) ;
#10 = CARTESIAN_POINT ( 'NONE',  ( -25.08647081916206645, -204.8910808520000160, 23.20000000000000995 ) ) ;
#11 =( LENGTH_UNIT ( ) NAMED_UNIT ( * ) SI_UNIT ( .MILLI., .METRE. ) );
#12 = CARTESIAN_POINT ( 'NONE',  ( -20.08647081916206645, -204.8910808520000160, 18.79999999999998650 ) ) ;
#13 = CARTESIAN_POINT ( 'NONE',  ( -15.05039600214481155, -179.4853267415828100, 23.58767292711363339 ) ) ;
#14 = VECTOR ( 'NONE', #912, 1000.000000000000000 ) ;
#15 = ORIENTED_EDGE ( 'NONE', *, *, #1271, .F. ) ;
#16 = CIRCLE ( 'NONE', #1000, 5.080000000000008065 ) ;
#17 = PLANE ( 'NONE',  #162 ) ;
#18 = CARTESIAN_POINT ( 'NONE',  ( -15.05039600214481155, -232.4853267415828100, 23.58767292711363339 ) ) ;
#19 = ADVANCED_FACE ( 'NONE', ( #906 ), #1738, .F. ) ;
#20 = LINE ( 'NONE', #465, #204 ) ;
#21 =( NAMED_UNIT ( * ) SI_UNIT ( $, .STERADIAN. ) SOLID_ANGLE_UNIT ( ) );
#22 = DIRECTION ( 'NONE',  ( 1.000000000000000000, -0.000000000000000000, -0.000000000000000000 ) ) ;
#23 = CARTESIAN_POINT ( 'NONE',  ( -8.510396002144808847, -254.0000000000000000, -41.90999999999999659 ) ) ;
#24 = EDGE_LOOP ( 'NONE', ( #459, #1150 ) ) ;
#25 = CIRCLE ( 'NONE', #525, 2.200000000000010836 ) ;
#26 = AXIS2_PLACEMENT_3D ( 'NONE', #753, #1347, #1739 ) ;
#27 = DIRECTION ( 'NONE',  ( 1.084912616036924266E-16, 0.000000000000000000, -1.000000000000000000 ) ) ;
#28 = CARTESIAN_POINT ( 'NONE',  ( 8.171543583002316424, -169.4319999999999879, 54.60999999999998522 ) ) ;
#29 = CARTESIAN_POINT ( 'NONE',  ( -20.08647081916205934, -204.8910808520000160, -42.00000000000000000 ) ) ;
#30 = DIRECTION ( 'NONE',  ( 0.000000000000000000, 1.000000000000000000, 0.000000000000000000 ) ) ;
#31 = EDGE_CURVE ( 'NONE', #244, #355, #1172, .T. ) ;
#32 = DIRECTION ( 'NONE',  ( 1.000000000000000000, -0.000000000000000000, -0.000000000000000000 ) ) ;
#33 = VECTOR ( 'NONE', #128, 1000.000000000000000 ) ;
#34 = ORIENTED_EDGE ( 'NONE', *, *, #582, .F. ) ;
#35 = AXIS2_PLACEMENT_3D ( 'NONE', #768, #191, #341 ) ;
#36 = VECTOR ( 'NONE', #1443, 1000.000000000000000 ) ;
#37 = PLANE ( 'NONE',  #1216 ) ;
#38 = CARTESIAN_POINT ( 'NONE',  ( 4.665904304751412537E-16, -169.4319999999999595, -54.60999999999999943 ) ) ;
#39 = DIRECTION ( 'NONE',  ( 0.000000000000000000, 1.000000000000000000, 0.000000000000000000 ) ) ;
#40 = DIRECTION ( 'NONE',  ( -0.000000000000000000, 1.000000000000000000, 0.000000000000000000 ) ) ;
#41 = DIRECTION ( 'NONE',  ( 0.000000000000000000, 0.000000000000000000, -1.000000000000000000 ) ) ;
#42 = ORIENTED_EDGE ( 'NONE', *, *, #1830, .T. ) ;
#43 = AXIS2_PLACEMENT_3D ( 'NONE', #1818, #1434, #1534 ) ;
#44 = EDGE_CURVE ( 'NONE', #1751, #808, #561, .T. ) ;
#45 = DIRECTION ( 'NONE',  ( 1.000000000000000000, 0.000000000000000000, 0.000000000000000000 ) ) ;
#46 = ORIENTED_EDGE ( 'NONE', *, *, #370, .F. ) ;
#47 = PLANE ( 'NONE',  #360 ) ;
#48 =( GEOMETRIC_REPRESENTATION_CONTEXT ( 3 ) GLOBAL_UNCERTAINTY_ASSIGNED_CONTEXT ( ( #880 ) ) GLOBAL_UNIT_ASSIGNED_CONTEXT ( ( #523, #116, #388 ) ) REPRESENTATION_CONTEXT ( 'NONE', 'WORKASPACE' ) );
#49 = CARTESIAN_POINT ( 'NONE',  ( -20.08647081916206645, -204.8910808520000160, 42.00000000000000000 ) ) ;
#50 = CARTESIAN_POINT ( 'NONE',  ( -20.08647081916205934, -204.8910808520000160, -42.00000000000000000 ) ) ;
#51 = ORIENTED_EDGE ( 'NONE', *, *, #1573, .F. ) ;
#52 = CIRCLE ( 'NONE', #227, 2.200000000000007283 ) ;
#53 = EDGE_CURVE ( 'NONE', #773, #556, #1072, .T. ) ;
#54 = EDGE_LOOP ( 'NONE', ( #487, #703 ) ) ;
#55 = FACE_OUTER_BOUND ( 'NONE', #675, .T. ) ;
#56 = CARTESIAN_POINT ( 'NONE',  ( -25.08647081916206290, -204.8910808520000160, 2.200000000000006395 ) ) ;
#57 = CARTESIAN_POINT ( 'NONE',  ( 8.171543583002319977, -246.3800000000000239, -54.60999999999998522 ) ) ;
#58 = VERTEX_POINT ( 'NONE', #869 ) ;
#59 = ORIENTED_EDGE ( 'NONE', *, *, #153, .T. ) ;
#60 = AXIS2_PLACEMENT_3D ( 'NONE', #592, #167, #321 ) ;
#61 = AXIS2_PLACEMENT_3D ( 'NONE', #687, #847, #997 ) ;
#62 = FACE_OUTER_BOUND ( 'NONE', #614, .T. ) ;
#63 = VERTEX_POINT ( 'NONE', #1445 ) ;
#64 = CIRCLE ( 'NONE', #677, 2.200000000000007283 ) ;
#65 = DIRECTION ( 'NONE',  ( -0.000000000000000000, -1.000000000000000000, -0.000000000000000000 ) ) ;
#66 = ADVANCED_FACE ( 'NONE', ( #313 ), #1308, .F. ) ;
#67 = CARTESIAN_POINT ( 'NONE',  ( -4.050396002144810659, -232.4853267415828100, 23.58767292711363339 ) ) ;
#68 = AXIS2_PLACEMENT_3D ( 'NONE', #855, #1519, #1284 ) ;
#69 = EDGE_CURVE ( 'NONE', #646, #301, #1579, .T. ) ;
#70 = CARTESIAN_POINT ( 'NONE',  ( -25.08647081916205579, -246.3800000000000239, -57.40399999999999636 ) ) ;
#71 = ORIENTED_EDGE ( 'NONE', *, *, #235, .T. ) ;
#72 = AXIS2_PLACEMENT_3D ( 'NONE', #1618, #1024, #726 ) ;
#73 = VERTEX_POINT ( 'NONE', #760 ) ;
#74 = DIRECTION ( 'NONE',  ( -0.000000000000000000, 1.000000000000000000, -0.000000000000000000 ) ) ;
#75 = CARTESIAN_POINT ( 'NONE',  ( -25.08647081916207000, -246.3800000000000239, 57.40399999999999636 ) ) ;
#76 = COLOUR_RGB ( '',0.7921568627450980005, 0.8196078431372548767, 0.9333333333333333481 ) ;
#77 = DIRECTION ( 'NONE',  ( 1.000000000000000000, -0.000000000000000000, 1.084912616036924266E-16 ) ) ;
#78 = ORIENTED_EDGE ( 'NONE', *, *, #1672, .T. ) ;
#79 = ORIENTED_EDGE ( 'NONE', *, *, #1741, .T. ) ;
#80 = FACE_BOUND ( 'NONE', #833, .T. ) ;
#81 = CYLINDRICAL_SURFACE ( 'NONE', #1264, 5.080000000000008065 ) ;
#82 = CARTESIAN_POINT ( 'NONE',  ( -20.08647081916206645, -204.8910808520000160, 18.79999999999998650 ) ) ;
#83 = CYLINDRICAL_SURFACE ( 'NONE', #330, 3.810000000000000941 ) ;
#84 = ORIENTED_EDGE ( 'NONE', *, *, #1682, .F. ) ;
#85 = ORIENTED_EDGE ( 'NONE', *, *, #255, .F. ) ;
#86 = VECTOR ( 'NONE', #1210, 1000.000000000000000 ) ;
#87 = DIRECTION ( 'NONE',  ( -1.000000000000000000, 0.000000000000000000, 0.000000000000000000 ) ) ;
#88 = CARTESIAN_POINT ( 'NONE',  ( -36.28647081916206218, -169.4319999999999879, -57.40399999999999636 ) ) ;
#89 = DIRECTION ( 'NONE',  ( 0.000000000000000000, 0.000000000000000000, -1.000000000000000000 ) ) ;
#90 = AXIS2_PLACEMENT_3D ( 'NONE', #445, #470, #894 ) ;
#91 = LINE ( 'NONE', #99, #1753 ) ;
#92 = ORIENTED_EDGE ( 'NONE', *, *, #841, .F. ) ;
#93 = CARTESIAN_POINT ( 'NONE',  ( -11.05039600214480977, -179.4853267415827816, -24.18787518855899421 ) ) ;
#94 = DIRECTION ( 'NONE',  ( 0.000000000000000000, 0.000000000000000000, 1.000000000000000000 ) ) ;
#95 = ADVANCED_FACE ( 'NONE', ( #1318 ), #1028, .T. ) ;
#96 = EDGE_CURVE ( 'NONE', #712, #1559, #1610, .T. ) ;
#97 = CARTESIAN_POINT ( 'NONE',  ( -20.08647081916206645, -204.8910808520000160, 42.00000000000000000 ) ) ;
#98 = DIRECTION ( 'NONE',  ( 1.000000000000000000, 0.000000000000000000, 0.000000000000000000 ) ) ;
#99 = CARTESIAN_POINT ( 'NONE',  ( 4.665904304751414509E-16, -435.6100000000001273, 46.98999999999999488 ) ) ;
#100 = ORIENTED_EDGE ( 'NONE', *, *, #934, .T. ) ;
#101 = EDGE_LOOP ( 'NONE', ( #1348, #114 ) ) ;
#102 = CARTESIAN_POINT ( 'NONE',  ( -15.05039600214481155, -179.4853267415827816, -34.11232707288637300 ) ) ;
#103 = AXIS2_PLACEMENT_3D ( 'NONE', #1147, #1446, #168 ) ;
#104 = VERTEX_POINT ( 'NONE', #1021 ) ;
#105 = AXIS2_PLACEMENT_3D ( 'NONE', #1417, #1276, #553 ) ;
#106 = DIRECTION ( 'NONE',  ( -1.084912616036924143E-16, 0.000000000000000000, 1.000000000000000000 ) ) ;
#107 = EDGE_CURVE ( 'NONE', #808, #1751, #1581, .T. ) ;
#108 = SURFACE_STYLE_FILL_AREA ( #1132 ) ;
#109 = EDGE_LOOP ( 'NONE', ( #123, #975 ) ) ;
#110 = CARTESIAN_POINT ( 'NONE',  ( 3.091543583002317241, -254.0000000000000000, -44.45000000000000284 ) ) ;
#111 = EDGE_LOOP ( 'NONE', ( #886, #1343 ) ) ;
#112 = ORIENTED_EDGE ( 'NONE', *, *, #1272, .T. ) ;
#113 = CARTESIAN_POINT ( 'NONE',  ( -8.510396002144819505, -254.0000000000000000, 41.90999999999999659 ) ) ;
#114 = ORIENTED_EDGE ( 'NONE', *, *, #419, .F. ) ;
#115 = AXIS2_PLACEMENT_3D ( 'NONE', #1604, #317, #893 ) ;
#116 =( NAMED_UNIT ( * ) PLANE_ANGLE_UNIT ( ) SI_UNIT ( $, .RADIAN. ) );
#117 = AXIS2_PLACEMENT_3D ( 'NONE', #1154, #1722, #858 ) ;
#118 = CARTESIAN_POINT ( 'NONE',  ( -15.05039600214481155, -232.4853267415828100, 25.78767292711363979 ) ) ;
#119 = VECTOR ( 'NONE', #413, 1000.000000000000000 ) ;
#120 = CYLINDRICAL_SURFACE ( 'NONE', #43, 3.810000000000000941 ) ;
#121 = VERTEX_POINT ( 'NONE', #185 ) ;
#122 = EDGE_CURVE ( 'NONE', #174, #540, #1463, .T. ) ;
#123 = ORIENTED_EDGE ( 'NONE', *, *, #44, .T. ) ;
#124 = AXIS2_PLACEMENT_3D ( 'NONE', #143, #165, #1752 ) ;
#125 = CARTESIAN_POINT ( 'NONE',  ( -4.050396002144810659, -232.4853267415827531, -31.91232707288636661 ) ) ;
#126 = ORIENTED_EDGE ( 'NONE', *, *, #681, .T. ) ;
#127 = CARTESIAN_POINT ( 'NONE',  ( -36.28647081916206929, -169.4319999999999879, 59.68999999999999062 ) ) ;
#128 = DIRECTION ( 'NONE',  ( -1.000000000000000000, -0.000000000000000000, -1.084912616036924143E-16 ) ) ;
#129 = ORIENTED_EDGE ( 'NONE', *, *, #348, .F. ) ;
#130 = VERTEX_POINT ( 'NONE', #10 ) ;
#131 = DIRECTION ( 'NONE',  ( -1.000000000000000000, -0.000000000000000000, -1.241749088029210621E-16 ) ) ;
#132 = ADVANCED_FACE ( 'NONE', ( #1195 ), #742, .F. ) ;
#133 = ORIENTED_EDGE ( 'NONE', *, *, #396, .T. ) ;
#134 = PLANE ( 'NONE',  #911 ) ;
#135 = CARTESIAN_POINT ( 'NONE',  ( -25.08647081916206645, -204.8910808520000160, 20.99999999999999645 ) ) ;
#136 = ORIENTED_EDGE ( 'NONE', *, *, #1131, .T. ) ;
#137 = ORIENTED_EDGE ( 'NONE', *, *, #319, .F. ) ;
#138 = DIRECTION ( 'NONE',  ( -0.000000000000000000, 1.000000000000000000, -0.000000000000000000 ) ) ;
#139 = PLANE ( 'NONE',  #1444 ) ;
#140 = EDGE_LOOP ( 'NONE', ( #1737, #1240 ) ) ;
#141 = AXIS2_PLACEMENT_3D ( 'NONE', #1075, #363, #527 ) ;
#142 = CARTESIAN_POINT ( 'NONE',  ( -20.08647081916205934, -204.8910808520000160, -21.00000000000000355 ) ) ;
#143 = CARTESIAN_POINT ( 'NONE',  ( -25.08647081916206645, -204.8910808520000160, 20.99999999999999645 ) ) ;
#144 = AXIS2_PLACEMENT_3D ( 'NONE', #345, #1364, #1763 ) ;
#145 = ORIENTED_EDGE ( 'NONE', *, *, #1191, .T. ) ;
#146 = VERTEX_POINT ( 'NONE', #1035 ) ;
#147 = CARTESIAN_POINT ( 'NONE',  ( 3.091543583002315465, -246.3800000000000239, -54.60999999999998522 ) ) ;
#148 = DIRECTION ( 'NONE',  ( 0.000000000000000000, 0.000000000000000000, -1.000000000000000000 ) ) ;
#149 = DIRECTION ( 'NONE',  ( 0.000000000000000000, 0.000000000000000000, 1.000000000000000000 ) ) ;
#150 = VERTEX_POINT ( 'NONE', #752 ) ;
#151 = CIRCLE ( 'NONE', #476, 2.200000000000000622 ) ;
#152 = CIRCLE ( 'NONE', #1206, 2.540000000000000480 ) ;
#153 = EDGE_CURVE ( 'NONE', #656, #579, #20, .T. ) ;
#154 = DIRECTION ( 'NONE',  ( 0.000000000000000000, 0.000000000000000000, 1.000000000000000000 ) ) ;
#155 = CARTESIAN_POINT ( 'NONE',  ( -4.050396002144810659, -179.4853267415827816, -35.59532707288634867 ) ) ;
#156 = DIRECTION ( 'NONE',  ( 0.000000000000000000, 0.000000000000000000, 1.000000000000000000 ) ) ;
#157 = CARTESIAN_POINT ( 'NONE',  ( -11.05039600214481688, -169.4319999999999879, 41.90999999999999659 ) ) ;
#158 = DIRECTION ( 'NONE',  ( 0.000000000000000000, 0.000000000000000000, -1.000000000000000000 ) ) ;
#159 = CARTESIAN_POINT ( 'NONE',  ( -36.28647081916206218, -246.3800000000000239, -57.40399999999999636 ) ) ;
#160 = VECTOR ( 'NONE', #486, 1000.000000000000000 ) ;
#161 = ORIENTED_EDGE ( 'NONE', *, *, #765, .T. ) ;
#162 = AXIS2_PLACEMENT_3D ( 'NONE', #749, #599, #1162 ) ;
#163 = PRODUCT_DEFINITION_FORMATION_WITH_SPECIFIED_SOURCE ( 'ANY', '', #532, .NOT_KNOWN. ) ;
#164 = FACE_BOUND ( 'NONE', #1349, .T. ) ;
#165 = DIRECTION ( 'NONE',  ( -1.000000000000000000, 0.000000000000000000, -1.084912616036924143E-16 ) ) ;
#166 = ADVANCED_FACE ( 'NONE', ( #583 ), #1009, .F. ) ;
#167 = DIRECTION ( 'NONE',  ( -1.000000000000000000, -0.000000000000000000, -1.241749088029210621E-16 ) ) ;
#168 = DIRECTION ( 'NONE',  ( 0.000000000000000000, 0.000000000000000000, -1.000000000000000000 ) ) ;
#169 = ADVANCED_FACE ( 'NONE', ( #471 ), #1607, .F. ) ;
#170 = CARTESIAN_POINT ( 'NONE',  ( -15.05039600214481155, -179.4853267415828100, 21.38767292711362700 ) ) ;
#171 = EDGE_LOOP ( 'NONE', ( #92, #1106, #1113, #564 ) ) ;
#172 = FACE_OUTER_BOUND ( 'NONE', #246, .T. ) ;
#173 = LINE ( 'NONE', #1033, #746 ) ;
#174 = VERTEX_POINT ( 'NONE', #75 ) ;
#175 = CARTESIAN_POINT ( 'NONE',  ( -25.08647081916207000, -246.3800000000000239, 57.40399999999999636 ) ) ;
#176 = CIRCLE ( 'NONE', #1228, 7.724451884327368845 ) ;
#177 = EDGE_CURVE ( 'NONE', #1263, #1269, #1229, .T. ) ;
#178 = DIRECTION ( 'NONE',  ( -0.000000000000000000, 1.000000000000000000, -0.000000000000000000 ) ) ;
#179 = AXIS2_PLACEMENT_3D ( 'NONE', #1686, #1550, #418 ) ;
#180 = ORIENTED_EDGE ( 'NONE', *, *, #1585, .T. ) ;
#181 = VECTOR ( 'NONE', #590, 1000.000000000000000 ) ;
#182 = DIRECTION ( 'NONE',  ( 0.000000000000000000, 0.000000000000000000, 1.000000000000000000 ) ) ;
#183 = ORIENTED_EDGE ( 'NONE', *, *, #1440, .F. ) ;
#184 = DIRECTION ( 'NONE',  ( -1.000000000000000000, 0.000000000000000000, 2.375519994490664161E-16 ) ) ;
#185 = CARTESIAN_POINT ( 'NONE',  ( -25.08647081916205934, -204.8910808520000160, -44.20000000000000284 ) ) ;
#186 = DIRECTION ( 'NONE',  ( 1.000000000000000000, -0.000000000000000000, -0.000000000000000000 ) ) ;
#187 = VERTEX_POINT ( 'NONE', #915 ) ;
#188 = ADVANCED_FACE ( 'NONE', ( #780, #789, #951 ), #368, .F. ) ;
#189 = CARTESIAN_POINT ( 'NONE',  ( -36.28647081916206929, -246.3800000000000239, 57.40399999999999636 ) ) ;
#190 = EDGE_LOOP ( 'NONE', ( #133, #1121, #706, #1411 ) ) ;
#191 = DIRECTION ( 'NONE',  ( -1.000000000000000000, 0.000000000000000000, -1.084912616036924143E-16 ) ) ;
#192 = DIRECTION ( 'NONE',  ( -1.000000000000000000, 0.000000000000000000, -1.084912616036924143E-16 ) ) ;
#193 = CARTESIAN_POINT ( 'NONE',  ( 3.091543583002316797, -246.3800000000000239, 44.45000000000000284 ) ) ;
#194 = ORIENTED_EDGE ( 'NONE', *, *, #96, .T. ) ;
#195 = ORIENTED_EDGE ( 'NONE', *, *, #1472, .F. ) ;
#196 = CONICAL_SURFACE ( 'NONE', #1484, 3.682999999999978069, 0.5235987755983033676 ) ;
#197 = EDGE_CURVE ( 'NONE', #1466, #689, #1788, .T. ) ;
#198 = VERTEX_POINT ( 'NONE', #1779 ) ;
#199 = DIRECTION ( 'NONE',  ( -1.000000000000000000, 0.000000000000000000, 0.000000000000000000 ) ) ;
#200 = CARTESIAN_POINT ( 'NONE',  ( -11.05039600214480799, -232.4853267415827531, -31.91232707288636661 ) ) ;
#201 = DIRECTION ( 'NONE',  ( -0.000000000000000000, 1.000000000000000000, 0.000000000000000000 ) ) ;
#202 = VERTEX_POINT ( 'NONE', #1650 ) ;
#203 = ORIENTED_EDGE ( 'NONE', *, *, #1741, .F. ) ;
#204 = VECTOR ( 'NONE', #1045, 1000.000000000000000 ) ;
#205 = AXIS2_PLACEMENT_3D ( 'NONE', #309, #463, #291 ) ;
#206 = AXIS2_PLACEMENT_3D ( 'NONE', #1814, #98, #1266 ) ;
#207 = VECTOR ( 'NONE', #1368, 1000.000000000000000 ) ;
#208 = CARTESIAN_POINT ( 'NONE',  ( 3.091543583002316797, -169.4319999999999879, -49.53000000000000114 ) ) ;
#209 = ORIENTED_EDGE ( 'NONE', *, *, #460, .T. ) ;
#210 = AXIS2_PLACEMENT_3D ( 'NONE', #438, #1468, #1008 ) ;
#211 = FACE_OUTER_BOUND ( 'NONE', #1619, .T. ) ;
#212 = EDGE_CURVE ( 'NONE', #340, #831, #1846, .T. ) ;
#213 = EDGE_CURVE ( 'NONE', #556, #773, #647, .T. ) ;
#214 = DIRECTION ( 'NONE',  ( -1.000000000000000000, -0.000000000000000000, -1.241749088029210621E-16 ) ) ;
#215 = CARTESIAN_POINT ( 'NONE',  ( 0.000000000000000000, -435.6100000000001273, -50.79999999999999716 ) ) ;
#216 = ORIENTED_EDGE ( 'NONE', *, *, #320, .T. ) ;
#217 = EDGE_LOOP ( 'NONE', ( #183, #1205, #778, #51 ) ) ;
#218 = CARTESIAN_POINT ( 'NONE',  ( 8.171543583002316424, -254.0000000000000000, 54.60999999999998522 ) ) ;
#219 = LINE ( 'NONE', #777, #14 ) ;
#220 = AXIS2_PLACEMENT_3D ( 'NONE', #1530, #1709, #94 ) ;
#221 = FACE_OUTER_BOUND ( 'NONE', #217, .T. ) ;
#222 = DIRECTION ( 'NONE',  ( -1.084912616036924143E-16, 0.000000000000000000, 1.000000000000000000 ) ) ;
#223 = CIRCLE ( 'NONE', #1746, 5.080000000000008065 ) ;
#224 = DIRECTION ( 'NONE',  ( 1.000000000000000000, 0.000000000000000000, 5.980805065379273823E-16 ) ) ;
#225 = ORIENTED_EDGE ( 'NONE', *, *, #529, .F. ) ;
#226 = ORIENTED_EDGE ( 'NONE', *, *, #31, .T. ) ;
#227 = AXIS2_PLACEMENT_3D ( 'NONE', #745, #324, #41 ) ;
#228 = DIRECTION ( 'NONE',  ( -0.000000000000000000, 1.000000000000000000, -0.000000000000000000 ) ) ;
#229 = CYLINDRICAL_SURFACE ( 'NONE', #1614, 2.200000000000007283 ) ;
#230 = CARTESIAN_POINT ( 'NONE',  ( -36.28647081916206218, -246.3800000000000239, -59.68999999999999062 ) ) ;
#231 = CARTESIAN_POINT ( 'NONE',  ( -4.050396002144792895, -232.4853267415828100, 19.90467292711365488 ) ) ;
#232 = EDGE_LOOP ( 'NONE', ( #1688, #1141 ) ) ;
#233 = ORIENTED_EDGE ( 'NONE', *, *, #943, .T. ) ;
#234 = CARTESIAN_POINT ( 'NONE',  ( -4.050396002144875496, -232.4853267415827531, -31.91232707288636661 ) ) ;
#235 = EDGE_CURVE ( 'NONE', #712, #269, #1522, .T. ) ;
#236 = EDGE_CURVE ( 'NONE', #355, #244, #1757, .T. ) ;
#237 = FACE_OUTER_BOUND ( 'NONE', #1461, .T. ) ;
#238 = AXIS2_PLACEMENT_3D ( 'NONE', #1624, #652, #905 ) ;
#239 = CARTESIAN_POINT ( 'NONE',  ( 3.091543583002315465, -169.4319999999999879, 54.60999999999998522 ) ) ;
#240 = DIRECTION ( 'NONE',  ( -2.245756076876467821E-16, 0.000000000000000000, 1.000000000000000000 ) ) ;
#241 = AXIS2_PLACEMENT_3D ( 'NONE', #959, #442, #1437 ) ;
#242 = PLANE ( 'NONE',  #141 ) ;
#243 = ORIENTED_EDGE ( 'NONE', *, *, #842, .T. ) ;
#244 = VERTEX_POINT ( 'NONE', #82 ) ;
#245 = CARTESIAN_POINT ( 'NONE',  ( -4.050396002144810659, -232.4853267415827531, -31.91232707288636661 ) ) ;
#246 = EDGE_LOOP ( 'NONE', ( #965, #161, #1697, #1588 ) ) ;
#247 = EDGE_CURVE ( 'NONE', #1701, #849, #1725, .T. ) ;
#248 = FACE_OUTER_BOUND ( 'NONE', #1339, .T. ) ;
#249 = CARTESIAN_POINT ( 'NONE',  ( 3.091543583002317241, -169.4319999999999879, -44.45000000000000284 ) ) ;
#250 = DIRECTION ( 'NONE',  ( 0.000000000000000000, 1.000000000000000000, 0.000000000000000000 ) ) ;
#251 = ORIENTED_EDGE ( 'NONE', *, *, #358, .T. ) ;
#252 = ORIENTED_EDGE ( 'NONE', *, *, #648, .F. ) ;
#253 = FACE_BOUND ( 'NONE', #1218, .T. ) ;
#254 = ORIENTED_EDGE ( 'NONE', *, *, #1034, .F. ) ;
#255 = EDGE_CURVE ( 'NONE', #540, #938, #1379, .T. ) ;
#256 = DIRECTION ( 'NONE',  ( -1.241749088029210621E-16, 0.000000000000000000, 1.000000000000000000 ) ) ;
#257 = DIRECTION ( 'NONE',  ( 0.000000000000000000, 0.000000000000000000, -1.000000000000000000 ) ) ;
#258 = ORIENTED_EDGE ( 'NONE', *, *, #586, .F. ) ;
#259 = ORIENTED_EDGE ( 'NONE', *, *, #722, .T. ) ;
#260 = LINE ( 'NONE', #511, #986 ) ;
#261 = EDGE_LOOP ( 'NONE', ( #1117, #1421 ) ) ;
#262 = VECTOR ( 'NONE', #1770, 1000.000000000000000 ) ;
#263 = DIRECTION ( 'NONE',  ( -0.8660254037844359321, 6.123233995736823968E-17, -0.5000000000000047740 ) ) ;
#264 = CIRCLE ( 'NONE', #206, 2.200000000000007283 ) ;
#265 = PLANE ( 'NONE',  #503 ) ;
#266 = EDGE_CURVE ( 'NONE', #646, #63, #983, .T. ) ;
#267 = EDGE_CURVE ( 'NONE', #1554, #567, #1322, .T. ) ;
#268 = CIRCLE ( 'NONE', #1414, 2.200000000000008615 ) ;
#269 = VERTEX_POINT ( 'NONE', #1061 ) ;
#270 = AXIS2_PLACEMENT_3D ( 'NONE', #1219, #65, #1786 ) ;
#271 = CARTESIAN_POINT ( 'NONE',  ( -20.08647081916205934, -204.8910808520000160, -44.20000000000000284 ) ) ;
#272 = ORIENTED_EDGE ( 'NONE', *, *, #1090, .T. ) ;
#273 = FACE_OUTER_BOUND ( 'NONE', #140, .T. ) ;
#274 = CARTESIAN_POINT ( 'NONE',  ( -20.08647081916205934, -204.8910808520000160, -21.00000000000000355 ) ) ;
#275 = ORIENTED_EDGE ( 'NONE', *, *, #889, .F. ) ;
#276 = ORIENTED_EDGE ( 'NONE', *, *, #1225, .T. ) ;
#277 = FACE_BOUND ( 'NONE', #1634, .T. ) ;
#278 = CARTESIAN_POINT ( 'NONE',  ( -25.08647081916206645, -204.8910808520000160, 18.79999999999998650 ) ) ;
#279 = CARTESIAN_POINT ( 'NONE',  ( 3.091543583002315465, -246.3800000000000239, -59.68999999999999062 ) ) ;
#280 = ORIENTED_EDGE ( 'NONE', *, *, #516, .T. ) ;
#281 = AXIS2_PLACEMENT_3D ( 'NONE', #968, #1532, #1520 ) ;
#282 = CYLINDRICAL_SURFACE ( 'NONE', #1278, 2.200000000000007283 ) ;
#283 = CYLINDRICAL_SURFACE ( 'NONE', #985, 2.200000000000010836 ) ;
#284 = ORIENTED_EDGE ( 'NONE', *, *, #817, .F. ) ;
#285 = AXIS2_PLACEMENT_3D ( 'NONE', #1029, #1312, #1196 ) ;
#286 = ORIENTED_EDGE ( 'NONE', *, *, #1616, .T. ) ;
#287 = LINE ( 'NONE', #1002, #449 ) ;
#288 = CARTESIAN_POINT ( 'NONE',  ( -15.05039600214481155, -232.4853267415827531, -29.71232707288636021 ) ) ;
#289 = ORIENTED_EDGE ( 'NONE', *, *, #1431, .F. ) ;
#290 = ADVANCED_FACE ( 'NONE', ( #944 ), #797, .T. ) ;
#291 = DIRECTION ( 'NONE',  ( 0.000000000000000000, 0.000000000000000000, -1.000000000000000000 ) ) ;
#292 = CLOSED_SHELL ( 'NONE', ( #1310, #1273, #756, #670, #1730, #1649, #132, #481, #1044, #731, #1540, #431, #1385, #695, #169, #188, #1816, #1397, #1596, #1483, #1375, #755, #829, #378, #1118, #1366, #1100, #1514, #1398, #66, #95, #669, #1549, #1342, #1167, #598, #967, #852, #379, #552, #1099, #166, #1224, #597, #802, #562, #290, #1408, #790, #976, #1079, #627, #19, #1116, #966, #1731, #1296, #1014, #1692, #1332, #1774, #1168, #630 ) ) ;
#293 = FACE_OUTER_BOUND ( 'NONE', #1571, .T. ) ;
#294 = CIRCLE ( 'NONE', #117, 2.540000000000000480 ) ;
#295 = DIRECTION ( 'NONE',  ( -1.000000000000000000, 0.000000000000000000, 2.375519994490664161E-16 ) ) ;
#296 = DIRECTION ( 'NONE',  ( 0.000000000000000000, 0.000000000000000000, -1.000000000000000000 ) ) ;
#297 = CYLINDRICAL_SURFACE ( 'NONE', #1487, 2.540000000000000480 ) ;
#298 = VECTOR ( 'NONE', #1085, 1000.000000000000000 ) ;
#299 = ORIENTED_EDGE ( 'NONE', *, *, #494, .T. ) ;
#300 = CARTESIAN_POINT ( 'NONE',  ( 8.171543583002316424, -169.4319999999999879, 54.60999999999998522 ) ) ;
#301 = VERTEX_POINT ( 'NONE', #362 ) ;
#302 = LINE ( 'NONE', #1316, #36 ) ;
#303 = CARTESIAN_POINT ( 'NONE',  ( -15.05039600214481155, -179.4853267415827816, -31.91232707288636661 ) ) ;
#304 = CARTESIAN_POINT ( 'NONE',  ( -15.05039600214481155, -179.4853267415827816, -29.71232707288636021 ) ) ;
#305 = AXIS2_PLACEMENT_3D ( 'NONE', #1139, #1160, #1699 ) ;
#306 = FACE_OUTER_BOUND ( 'NONE', #1181, .T. ) ;
#307 = ORIENTED_EDGE ( 'NONE', *, *, #406, .T. ) ;
#308 = CIRCLE ( 'NONE', #550, 2.540000000000000480 ) ;
#309 = CARTESIAN_POINT ( 'NONE',  ( 3.091543583002316797, -169.4319999999999879, 49.53000000000000114 ) ) ;
#310 = ORIENTED_EDGE ( 'NONE', *, *, #765, .F. ) ;
#311 = CARTESIAN_POINT ( 'NONE',  ( -20.08647081916205934, -204.8910808520000160, -18.79999999999999361 ) ) ;
#312 = ORIENTED_EDGE ( 'NONE', *, *, #1617, .F. ) ;
#313 = FACE_OUTER_BOUND ( 'NONE', #1197, .T. ) ;
#314 = AXIS2_PLACEMENT_3D ( 'NONE', #932, #641, #1360 ) ;
#315 = DIRECTION ( 'NONE',  ( 0.000000000000000000, 0.000000000000000000, 1.000000000000000000 ) ) ;
#316 = ORIENTED_EDGE ( 'NONE', *, *, #482, .F. ) ;
#317 = DIRECTION ( 'NONE',  ( 1.000000000000000000, 0.000000000000000000, 0.000000000000000000 ) ) ;
#318 = CARTESIAN_POINT ( 'NONE',  ( -11.05039600214480799, -246.3800000000000239, -41.90999999999999659 ) ) ;
#319 = EDGE_CURVE ( 'NONE', #800, #1807, #176, .T. ) ;
#320 = EDGE_CURVE ( 'NONE', #1759, #1466, #1505, .T. ) ;
#321 = DIRECTION ( 'NONE',  ( -2.245756076876455988E-16, 0.000000000000000000, 1.000000000000000000 ) ) ;
#322 = DIRECTION ( 'NONE',  ( 0.000000000000000000, 0.000000000000000000, 1.000000000000000000 ) ) ;
#323 = AXIS2_PLACEMENT_3D ( 'NONE', #1478, #1336, #439 ) ;
#324 = DIRECTION ( 'NONE',  ( 1.000000000000000000, 0.000000000000000000, 0.000000000000000000 ) ) ;
#325 = ORIENTED_EDGE ( 'NONE', *, *, #816, .F. ) ;
#326 = AXIS2_PLACEMENT_3D ( 'NONE', #1512, #923, #1769 ) ;
#327 = CARTESIAN_POINT ( 'NONE',  ( 8.171543583002316424, -246.3800000000000239, -49.53000000000000114 ) ) ;
#328 = ORIENTED_EDGE ( 'NONE', *, *, #1090, .F. ) ;
#329 = DIRECTION ( 'NONE',  ( -1.000000000000000000, 0.000000000000000000, -1.084912616036924143E-16 ) ) ;
#330 = AXIS2_PLACEMENT_3D ( 'NONE', #1247, #1213, #1771 ) ;
#331 = DIRECTION ( 'NONE',  ( 1.000000000000000000, -0.000000000000000000, -0.000000000000000000 ) ) ;
#332 = CARTESIAN_POINT ( 'NONE',  ( -20.08647081916205934, -204.8910808520000160, -21.00000000000000355 ) ) ;
#333 = EDGE_CURVE ( 'NONE', #984, #121, #834, .T. ) ;
#334 = LINE ( 'NONE', #458, #1286 ) ;
#335 = ORIENTED_EDGE ( 'NONE', *, *, #1297, .F. ) ;
#336 = AXIS2_PLACEMENT_3D ( 'NONE', #1267, #688, #257 ) ;
#337 = DIRECTION ( 'NONE',  ( -0.000000000000000000, 1.000000000000000000, -0.000000000000000000 ) ) ;
#338 = VECTOR ( 'NONE', #1350, 1000.000000000000114 ) ;
#339 = DIRECTION ( 'NONE',  ( 1.000000000000000000, 0.000000000000000000, 0.000000000000000000 ) ) ;
#340 = VERTEX_POINT ( 'NONE', #1346 ) ;
#341 = DIRECTION ( 'NONE',  ( 0.000000000000000000, 0.000000000000000000, 1.000000000000000000 ) ) ;
#342 =( GEOMETRIC_REPRESENTATION_CONTEXT ( 3 ) GLOBAL_UNCERTAINTY_ASSIGNED_CONTEXT ( ( #1464 ) ) GLOBAL_UNIT_ASSIGNED_CONTEXT ( ( #11, #870, #21 ) ) REPRESENTATION_CONTEXT ( 'NONE', 'WORKASPACE' ) );
#343 = VERTEX_POINT ( 'NONE', #56 ) ;
#344 = CIRCLE ( 'NONE', #1031, 2.200000000000008615 ) ;
#345 = CARTESIAN_POINT ( 'NONE',  ( 0.000000000000000000, -246.3800000000000239, 0.000000000000000000 ) ) ;
#346 = DIRECTION ( 'NONE',  ( -0.000000000000000000, 1.000000000000000000, -0.000000000000000000 ) ) ;
#347 = VERTEX_POINT ( 'NONE', #1089 ) ;
#348 = EDGE_CURVE ( 'NONE', #347, #1358, #1658, .T. ) ;
#349 = EDGE_CURVE ( 'NONE', #1563, #1361, #700, .T. ) ;
#350 = CARTESIAN_POINT ( 'NONE',  ( -4.050396002144810659, -179.4853267415828100, 23.58767292711363339 ) ) ;
#351 = ORIENTED_EDGE ( 'NONE', *, *, #1805, .F. ) ;
#352 = FACE_OUTER_BOUND ( 'NONE', #1124, .T. ) ;
#353 = DIRECTION ( 'NONE',  ( -1.000000000000000000, 0.000000000000000000, -1.084912616036924143E-16 ) ) ;
#354 = DIRECTION ( 'NONE',  ( -0.8660254037844359321, 0.000000000000000000, 0.5000000000000047740 ) ) ;
#355 = VERTEX_POINT ( 'NONE', #1246 ) ;
#356 = ORIENTED_EDGE ( 'NONE', *, *, #177, .F. ) ;
#357 = VECTOR ( 'NONE', #988, 1000.000000000000000 ) ;
#358 = EDGE_CURVE ( 'NONE', #556, #984, #1693, .T. ) ;
#359 = EDGE_CURVE ( 'NONE', #1093, #754, #620, .T. ) ;
#360 = AXIS2_PLACEMENT_3D ( 'NONE', #1194, #367, #787 ) ;
#361 = CYLINDRICAL_SURFACE ( 'NONE', #238, 2.200000000000007283 ) ;
#362 = CARTESIAN_POINT ( 'NONE',  ( -11.05039600214481688, -232.4853267415828100, 31.31212481144104842 ) ) ;
#363 = DIRECTION ( 'NONE',  ( 1.000000000000000000, 0.000000000000000000, 0.000000000000000000 ) ) ;
#364 = ORIENTED_EDGE ( 'NONE', *, *, #864, .T. ) ;
#365 = CARTESIAN_POINT ( 'NONE',  ( -8.510396002144808847, -254.0000000000000000, -44.44999999999999574 ) ) ;
#366 = AXIS2_PLACEMENT_3D ( 'NONE', #13, #650, #1802 ) ;
#367 = DIRECTION ( 'NONE',  ( 1.000000000000000000, 0.000000000000000000, 0.000000000000000000 ) ) ;
#368 = PLANE ( 'NONE',  #144 ) ;
#369 = EDGE_CURVE ( 'NONE', #1599, #808, #546, .T. ) ;
#370 = EDGE_CURVE ( 'NONE', #534, #492, #676, .T. ) ;
#371 = CARTESIAN_POINT ( 'NONE',  ( -36.28647081916206929, -246.3800000000000239, 57.40399999999999636 ) ) ;
#372 = EDGE_LOOP ( 'NONE', ( #1644, #289 ) ) ;
#373 = ORIENTED_EDGE ( 'NONE', *, *, #1307, .F. ) ;
#374 = CARTESIAN_POINT ( 'NONE',  ( -11.05039600214481688, -246.3800000000000239, 41.90999999999999659 ) ) ;
#375 = FACE_OUTER_BOUND ( 'NONE', #973, .T. ) ;
#376 = CARTESIAN_POINT ( 'NONE',  ( -36.28647081916206218, -169.4319999999999879, -59.68999999999999062 ) ) ;
#377 = CARTESIAN_POINT ( 'NONE',  ( 3.091543583002315465, -254.0000000000000000, 59.68999999999999062 ) ) ;
#378 = ADVANCED_FACE ( 'NONE', ( #1277, #680, #1133, #1570, #1399 ), #265, .F. ) ;
#379 = ADVANCED_FACE ( 'NONE', ( #1834 ), #838, .F. ) ;
#380 = DIRECTION ( 'NONE',  ( -0.8660254037844363761, 6.123233995736814107E-17, -0.5000000000000038858 ) ) ;
#381 = ORIENTED_EDGE ( 'NONE', *, *, #394, .F. ) ;
#382 = FACE_OUTER_BOUND ( 'NONE', #528, .T. ) ;
#383 = PRODUCT_DEFINITION_SHAPE ( 'NONE', 'NONE',  #696 ) ;
#384 = ORIENTED_EDGE ( 'NONE', *, *, #397, .F. ) ;
#385 = AXIS2_PLACEMENT_3D ( 'NONE', #200, #636, #480 ) ;
#386 = DIRECTION ( 'NONE',  ( -1.000000000000000000, 0.000000000000000000, 0.000000000000000000 ) ) ;
#387 = VECTOR ( 'NONE', #844, 1000.000000000000000 ) ;
#388 =( NAMED_UNIT ( * ) SI_UNIT ( $, .STERADIAN. ) SOLID_ANGLE_UNIT ( ) );
#389 = DIRECTION ( 'NONE',  ( 1.000000000000000000, -0.000000000000000000, -0.000000000000000000 ) ) ;
#390 = AXIS2_PLACEMENT_3D ( 'NONE', #1806, #798, #637 ) ;
#391 = ORIENTED_EDGE ( 'NONE', *, *, #1629, .F. ) ;
#392 = ORIENTED_EDGE ( 'NONE', *, *, #543, .F. ) ;
#393 = FACE_OUTER_BOUND ( 'NONE', #809, .T. ) ;
#394 = EDGE_CURVE ( 'NONE', #1125, #623, #828, .T. ) ;
#395 = ORIENTED_EDGE ( 'NONE', *, *, #748, .T. ) ;
#396 = EDGE_CURVE ( 'NONE', #1681, #938, #409, .T. ) ;
#397 = EDGE_CURVE ( 'NONE', #1050, #435, #1015, .T. ) ;
#398 = DIRECTION ( 'NONE',  ( 0.000000000000000000, -1.000000000000000000, -0.000000000000000000 ) ) ;
#399 = CARTESIAN_POINT ( 'NONE',  ( -25.08647081916205579, -246.3800000000000239, -57.40399999999999636 ) ) ;
#400 = ORIENTED_EDGE ( 'NONE', *, *, #1182, .F. ) ;
#401 = ORIENTED_EDGE ( 'NONE', *, *, #266, .F. ) ;
#402 = LINE ( 'NONE', #823, #504 ) ;
#403 = VECTOR ( 'NONE', #437, 1000.000000000000000 ) ;
#404 = ORIENTED_EDGE ( 'NONE', *, *, #943, .F. ) ;
#405 = EDGE_CURVE ( 'NONE', #1361, #995, #668, .T. ) ;
#406 = EDGE_CURVE ( 'NONE', #492, #534, #446, .T. ) ;
#407 = DIRECTION ( 'NONE',  ( 0.000000000000000000, 0.000000000000000000, 1.000000000000000000 ) ) ;
#408 = ORIENTED_EDGE ( 'NONE', *, *, #1155, .F. ) ;
#409 = LINE ( 'NONE', #399, #357 ) ;
#410 = DIRECTION ( 'NONE',  ( 1.000000000000000000, -0.000000000000000000, 1.084912616036924266E-16 ) ) ;
#411 = ORIENTED_EDGE ( 'NONE', *, *, #396, .F. ) ;
#412 = ORIENTED_EDGE ( 'NONE', *, *, #1171, .F. ) ;
#413 = DIRECTION ( 'NONE',  ( 0.000000000000000000, -1.000000000000000000, 0.000000000000000000 ) ) ;
#414 = ORIENTED_EDGE ( 'NONE', *, *, #781, .F. ) ;
#415 = AXIS2_PLACEMENT_3D ( 'NONE', #1470, #39, #1601 ) ;
#416 = EDGE_CURVE ( 'NONE', #104, #58, #264, .T. ) ;
#417 = CARTESIAN_POINT ( 'NONE',  ( -25.08647081916205934, -204.8910808520000160, -39.80000000000000426 ) ) ;
#418 = DIRECTION ( 'NONE',  ( 0.000000000000000000, 0.000000000000000000, 1.000000000000000000 ) ) ;
#419 = EDGE_CURVE ( 'NONE', #922, #130, #1556, .T. ) ;
#420 = VECTOR ( 'NONE', #618, 1000.000000000000000 ) ;
#421 = LINE ( 'NONE', #990, #971 ) ;
#422 = ORIENTED_EDGE ( 'NONE', *, *, #998, .T. ) ;
#423 = ORIENTED_EDGE ( 'NONE', *, *, #1257, .T. ) ;
#424 = DIRECTION ( 'NONE',  ( 0.000000000000000000, 0.000000000000000000, 1.000000000000000000 ) ) ;
#425 = DIRECTION ( 'NONE',  ( 1.000000000000000000, 0.000000000000000000, 0.000000000000000000 ) ) ;
#426 = ORIENTED_EDGE ( 'NONE', *, *, #441, .T. ) ;
#427 = CARTESIAN_POINT ( 'NONE',  ( -15.05039600214481155, -232.4853267415828100, 25.78767292711363979 ) ) ;
#428 = CARTESIAN_POINT ( 'NONE',  ( -20.08647081916205934, -204.8910808520000160, -39.80000000000000426 ) ) ;
#429 = DIRECTION ( 'NONE',  ( -1.000000000000000000, -0.000000000000000000, -1.241749088029210621E-16 ) ) ;
#430 = VERTEX_POINT ( 'NONE', #969 ) ;
#431 = ADVANCED_FACE ( 'NONE', ( #1289 ), #1533, .F. ) ;
#432 = ORIENTED_EDGE ( 'NONE', *, *, #348, .T. ) ;
#433 = CARTESIAN_POINT ( 'NONE',  ( -15.05039600214481155, -179.4853267415827816, -31.91232707288636661 ) ) ;
#434 = DIRECTION ( 'NONE',  ( -1.000000000000000000, 0.000000000000000000, -1.084912616036924266E-16 ) ) ;
#435 = VERTEX_POINT ( 'NONE', #1845 ) ;
#436 = CIRCLE ( 'NONE', #1479, 2.200000000000010836 ) ;
#437 = DIRECTION ( 'NONE',  ( -0.000000000000000000, 1.000000000000000000, -0.000000000000000000 ) ) ;
#438 = CARTESIAN_POINT ( 'NONE',  ( -11.05039600214480799, -179.4853267415827816, -31.91232707288636661 ) ) ;
#439 = DIRECTION ( 'NONE',  ( 0.000000000000000000, 0.000000000000000000, -1.000000000000000000 ) ) ;
#440 = CARTESIAN_POINT ( 'NONE',  ( -20.08647081916206290, -204.8910808520000160, -2.200000000000010836 ) ) ;
#441 = EDGE_CURVE ( 'NONE', #1759, #992, #565, .T. ) ;
#442 = DIRECTION ( 'NONE',  ( 1.084912616036924266E-16, 0.000000000000000000, -1.000000000000000000 ) ) ;
#443 = EDGE_LOOP ( 'NONE', ( #763, #1047, #1334, #1103 ) ) ;
#444 = DIRECTION ( 'NONE',  ( 0.000000000000000000, 0.000000000000000000, -1.000000000000000000 ) ) ;
#445 = CARTESIAN_POINT ( 'NONE',  ( -4.050396002144810659, -179.4853267415827816, -31.91232707288636661 ) ) ;
#446 = CIRCLE ( 'NONE', #1785, 3.682999999999978069 ) ;
#447 = CARTESIAN_POINT ( 'NONE',  ( -20.08647081916206645, -204.8910808520000160, 20.99999999999999645 ) ) ;
#448 = FACE_OUTER_BOUND ( 'NONE', #1820, .T. ) ;
#449 = VECTOR ( 'NONE', #138, 1000.000000000000000 ) ;
#450 = LINE ( 'NONE', #736, #1621 ) ;
#451 = VERTEX_POINT ( 'NONE', #661 ) ;
#452 = EDGE_CURVE ( 'NONE', #451, #712, #978, .T. ) ;
#453 = AXIS2_PLACEMENT_3D ( 'NONE', #916, #1633, #491 ) ;
#454 = CARTESIAN_POINT ( 'NONE',  ( -8.510396002144808847, -169.4319999999999879, -41.90999999999999659 ) ) ;
#455 = DIRECTION ( 'NONE',  ( -1.241749088029210621E-16, 0.000000000000000000, 1.000000000000000000 ) ) ;
#456 = DIRECTION ( 'NONE',  ( 1.000000000000000000, 0.000000000000000000, 0.000000000000000000 ) ) ;
#457 = DIRECTION ( 'NONE',  ( 1.000000000000000000, 0.000000000000000000, 0.000000000000000000 ) ) ;
#458 = CARTESIAN_POINT ( 'NONE',  ( 0.000000000000000000, -435.6100000000001273, 54.60999999999999943 ) ) ;
#459 = ORIENTED_EDGE ( 'NONE', *, *, #516, .F. ) ;
#460 = EDGE_CURVE ( 'NONE', #1430, #1819, #1326, .T. ) ;
#461 = CIRCLE ( 'NONE', #1189, 3.682999999999978069 ) ;
#462 = EDGE_CURVE ( 'NONE', #121, #984, #1323, .T. ) ;
#463 = DIRECTION ( 'NONE',  ( 0.000000000000000000, -1.000000000000000000, -0.000000000000000000 ) ) ;
#464 = LINE ( 'NONE', #311, #931 ) ;
#465 = CARTESIAN_POINT ( 'NONE',  ( -15.05039600214481155, -232.4853267415828100, 21.38767292711362700 ) ) ;
#466 = FACE_OUTER_BOUND ( 'NONE', #171, .T. ) ;
#467 = VERTEX_POINT ( 'NONE', #318 ) ;
#468 = DIRECTION ( 'NONE',  ( -0.000000000000000000, 1.000000000000000000, -0.000000000000000000 ) ) ;
#469 = ORIENTED_EDGE ( 'NONE', *, *, #1842, .F. ) ;
#470 = DIRECTION ( 'NONE',  ( 1.000000000000000000, 0.000000000000000000, 0.000000000000000000 ) ) ;
#471 = FACE_OUTER_BOUND ( 'NONE', #1288, .T. ) ;
#472 = CIRCLE ( 'NONE', #533, 2.200000000000007283 ) ;
#473 = CARTESIAN_POINT ( 'NONE',  ( -7.068456416997668690, -254.0000000000000000, -59.68999999999998352 ) ) ;
#474 = ORIENTED_EDGE ( 'NONE', *, *, #122, .T. ) ;
#475 = AXIS2_PLACEMENT_3D ( 'NONE', #125, #1526, #1671 ) ;
#476 = AXIS2_PLACEMENT_3D ( 'NONE', #1235, #803, #149 ) ;
#477 = DIRECTION ( 'NONE',  ( -1.000000000000000000, -0.000000000000000000, -1.084912616036924143E-16 ) ) ;
#478 = ORIENTED_EDGE ( 'NONE', *, *, #719, .F. ) ;
#479 = CARTESIAN_POINT ( 'NONE',  ( -15.05039600214481155, -232.4853267415828100, 23.58767292711363339 ) ) ;
#480 = DIRECTION ( 'NONE',  ( -2.245756076876467821E-16, 0.000000000000000000, 1.000000000000000000 ) ) ;
#481 = ADVANCED_FACE ( 'NONE', ( #868 ), #283, .F. ) ;
#482 = EDGE_CURVE ( 'NONE', #467, #1563, #294, .T. ) ;
#483 = LINE ( 'NONE', #1448, #1110 ) ;
#484 = VERTEX_POINT ( 'NONE', #38 ) ;
#485 = ORIENTED_EDGE ( 'NONE', *, *, #359, .T. ) ;
#486 = DIRECTION ( 'NONE',  ( 1.000000000000000000, -0.000000000000000000, 1.084912616036924266E-16 ) ) ;
#487 = ORIENTED_EDGE ( 'NONE', *, *, #333, .F. ) ;
#488 = DIRECTION ( 'NONE',  ( 1.000000000000000000, 0.000000000000000000, 0.000000000000000000 ) ) ;
#489 = VECTOR ( 'NONE', #1282, 1000.000000000000000 ) ;
#490 = DIRECTION ( 'NONE',  ( 0.000000000000000000, 0.000000000000000000, -1.000000000000000000 ) ) ;
#491 = DIRECTION ( 'NONE',  ( 0.000000000000000000, 0.000000000000000000, -1.000000000000000000 ) ) ;
#492 = VERTEX_POINT ( 'NONE', #1306 ) ;
#493 = VERTEX_POINT ( 'NONE', #1713 ) ;
#494 = EDGE_CURVE ( 'NONE', #130, #922, #866, .T. ) ;
#495 = VECTOR ( 'NONE', #354, 1000.000000000000227 ) ;
#496 = ORIENTED_EDGE ( 'NONE', *, *, #1452, .F. ) ;
#497 = DIRECTION ( 'NONE',  ( 0.000000000000000000, 0.000000000000000000, 1.000000000000000000 ) ) ;
#498 = DIRECTION ( 'NONE',  ( 0.000000000000000000, 0.000000000000000000, 1.000000000000000000 ) ) ;
#499 = FACE_OUTER_BOUND ( 'NONE', #232, .T. ) ;
#500 = EDGE_LOOP ( 'NONE', ( #902, #1710, #100, #750 ) ) ;
#501 = ORIENTED_EDGE ( 'NONE', *, *, #707, .T. ) ;
#502 = AXIS2_PLACEMENT_3D ( 'NONE', #1220, #628, #1073 ) ;
#503 = AXIS2_PLACEMENT_3D ( 'NONE', #1676, #1122, #256 ) ;
#504 = VECTOR ( 'NONE', #1403, 1000.000000000000000 ) ;
#505 = CARTESIAN_POINT ( 'NONE',  ( -20.08647081916206645, -204.8910808520000160, 44.20000000000000284 ) ) ;
#506 = CONICAL_SURFACE ( 'NONE', #595, 3.682999999999978069, 0.5235987755983033676 ) ;
#507 = CARTESIAN_POINT ( 'NONE',  ( -15.05039600214481155, -232.4853267415828100, 21.38767292711362700 ) ) ;
#508 = DIRECTION ( 'NONE',  ( 0.000000000000000000, -1.000000000000000000, -0.000000000000000000 ) ) ;
#509 = LINE ( 'NONE', #663, #4 ) ;
#510 = ORIENTED_EDGE ( 'NONE', *, *, #1638, .F. ) ;
#511 = CARTESIAN_POINT ( 'NONE',  ( -4.050396002144875496, -179.4853267415827816, -35.59532707288634867 ) ) ;
#512 = AXIS2_PLACEMENT_3D ( 'NONE', #539, #429, #1835 ) ;
#513 = PLANE ( 'NONE',  #241 ) ;
#514 = FACE_OUTER_BOUND ( 'NONE', #918, .T. ) ;
#515 = EDGE_CURVE ( 'NONE', #1050, #146, #302, .T. ) ;
#516 = EDGE_CURVE ( 'NONE', #849, #1701, #1500, .T. ) ;
#517 = DIRECTION ( 'NONE',  ( -1.000000000000000000, 0.000000000000000000, -1.084912616036924143E-16 ) ) ;
#518 = CARTESIAN_POINT ( 'NONE',  ( -25.08647081916207000, -169.4319999999999879, 63.44021100343570652 ) ) ;
#519 = LINE ( 'NONE', #629, #1108 ) ;
#520 = ORIENTED_EDGE ( 'NONE', *, *, #1482, .F. ) ;
#521 = DIRECTION ( 'NONE',  ( 0.000000000000000000, 0.000000000000000000, 1.000000000000000000 ) ) ;
#522 = CARTESIAN_POINT ( 'NONE',  ( -36.28647081916206929, -246.3800000000000239, 57.40399999999999636 ) ) ;
#523 =( LENGTH_UNIT ( ) NAMED_UNIT ( * ) SI_UNIT ( .MILLI., .METRE. ) );
#524 = DIRECTION ( 'NONE',  ( 1.000000000000000000, 0.000000000000000000, -5.980805065379277767E-16 ) ) ;
#525 = AXIS2_PLACEMENT_3D ( 'NONE', #952, #927, #782 ) ;
#526 = ADVANCED_BREP_SHAPE_REPRESENTATION ( 'Sled Base - Middle', ( #1039, #1396 ), #342 ) ;
#527 = DIRECTION ( 'NONE',  ( 0.000000000000000000, 0.000000000000000000, -1.000000000000000000 ) ) ;
#528 = EDGE_LOOP ( 'NONE', ( #958, #805, #631, #485 ) ) ;
#529 = EDGE_CURVE ( 'NONE', #1125, #656, #836, .T. ) ;
#530 = ORIENTED_EDGE ( 'NONE', *, *, #1057, .F. ) ;
#531 = DIRECTION ( 'NONE',  ( -1.084912616036924143E-16, 0.000000000000000000, 1.000000000000000000 ) ) ;
#532 = PRODUCT ( 'Sled Base - Middle', 'Sled Base - Middle', '', ( #896 ) ) ;
#533 = AXIS2_PLACEMENT_3D ( 'NONE', #690, #456, #1328 ) ;
#534 = VERTEX_POINT ( 'NONE', #155 ) ;
#535 = AXIS2_PLACEMENT_3D ( 'NONE', #1097, #1667, #1418 ) ;
#536 = VECTOR ( 'NONE', #337, 1000.000000000000000 ) ;
#537 = DIRECTION ( 'NONE',  ( -0.000000000000000000, -1.000000000000000000, -0.000000000000000000 ) ) ;
#538 = DIRECTION ( 'NONE',  ( -1.000000000000000000, 0.000000000000000000, -1.084912616036924143E-16 ) ) ;
#539 = CARTESIAN_POINT ( 'NONE',  ( -11.05039600214481510, -232.4853267415828100, 23.58767292711363339 ) ) ;
#540 = VERTEX_POINT ( 'NONE', #1299 ) ;
#541 = ORIENTED_EDGE ( 'NONE', *, *, #349, .F. ) ;
#542 = PLANE ( 'NONE',  #475 ) ;
#543 = EDGE_CURVE ( 'NONE', #1807, #800, #651, .T. ) ;
#544 = EDGE_LOOP ( 'NONE', ( #638, #1248, #671, #280 ) ) ;
#545 = CARTESIAN_POINT ( 'NONE',  ( -25.08647081916206645, -204.8910808520000160, 42.00000000000000000 ) ) ;
#546 = LINE ( 'NONE', #1407, #591 ) ;
#547 = VERTEX_POINT ( 'NONE', #1578 ) ;
#548 = ORIENTED_EDGE ( 'NONE', *, *, #197, .T. ) ;
#549 = FACE_OUTER_BOUND ( 'NONE', #645, .T. ) ;
#550 = AXIS2_PLACEMENT_3D ( 'NONE', #454, #1032, #444 ) ;
#551 = EDGE_LOOP ( 'NONE', ( #1064, #1517 ) ) ;
#552 = ADVANCED_FACE ( 'NONE', ( #293 ), #609, .F. ) ;
#553 = DIRECTION ( 'NONE',  ( -2.245756076876467821E-16, 0.000000000000000000, 1.000000000000000000 ) ) ;
#554 = DIRECTION ( 'NONE',  ( -1.000000000000000000, 0.000000000000000000, -1.084912616036924143E-16 ) ) ;
#555 = DIRECTION ( 'NONE',  ( -0.000000000000000000, 1.000000000000000000, 0.000000000000000000 ) ) ;
#556 = VERTEX_POINT ( 'NONE', #600 ) ;
#557 = ORIENTED_EDGE ( 'NONE', *, *, #764, .T. ) ;
#558 = CARTESIAN_POINT ( 'NONE',  ( -4.050396002144810659, -232.4853267415828100, 23.58767292711363339 ) ) ;
#559 = DIRECTION ( 'NONE',  ( 1.000000000000000000, -0.000000000000000000, -0.000000000000000000 ) ) ;
#560 = EDGE_LOOP ( 'NONE', ( #1823, #929, #259, #718 ) ) ;
#561 = CIRCLE ( 'NONE', #60, 7.724451884327409701 ) ;
#562 = ADVANCED_FACE ( 'NONE', ( #711, #1335 ), #581, .T. ) ;
#563 = DIRECTION ( 'NONE',  ( 1.000000000000000000, -0.000000000000000000, -0.000000000000000000 ) ) ;
#564 = ORIENTED_EDGE ( 'NONE', *, *, #177, .T. ) ;
#565 = LINE ( 'NONE', #1703, #1412 ) ;
#566 = ORIENTED_EDGE ( 'NONE', *, *, #1068, .T. ) ;
#567 = VERTEX_POINT ( 'NONE', #1744 ) ;
#568 = AXIS2_PLACEMENT_3D ( 'NONE', #1027, #1433, #730 ) ;
#569 = FACE_OUTER_BOUND ( 'NONE', #544, .T. ) ;
#570 = FACE_OUTER_BOUND ( 'NONE', #1405, .T. ) ;
#571 = ORIENTED_EDGE ( 'NONE', *, *, #723, .T. ) ;
#572 = AXIS2_PLACEMENT_3D ( 'NONE', #1456, #604, #900 ) ;
#573 = LINE ( 'NONE', #1152, #403 ) ;
#574 = DIRECTION ( 'NONE',  ( -1.000000000000000000, -0.000000000000000000, -1.084912616036924143E-16 ) ) ;
#575 = EDGE_CURVE ( 'NONE', #269, #1136, #1163, .T. ) ;
#576 = DIRECTION ( 'NONE',  ( -1.000000000000000000, 0.000000000000000000, -1.084912616036924143E-16 ) ) ;
#577 = DIRECTION ( 'NONE',  ( -1.000000000000000000, 0.000000000000000000, -1.084912616036924143E-16 ) ) ;
#578 = PLANE ( 'NONE',  #939 ) ;
#579 = VERTEX_POINT ( 'NONE', #1177 ) ;
#580 = DIRECTION ( 'NONE',  ( -1.000000000000000000, 0.000000000000000000, -1.084912616036924143E-16 ) ) ;
#581 = PLANE ( 'NONE',  #1733 ) ;
#582 = EDGE_CURVE ( 'NONE', #435, #1410, #464, .T. ) ;
#583 = FACE_OUTER_BOUND ( 'NONE', #821, .T. ) ;
#584 = DIRECTION ( 'NONE',  ( 0.000000000000000000, 0.000000000000000000, -1.000000000000000000 ) ) ;
#585 = VECTOR ( 'NONE', #32, 1000.000000000000000 ) ;
#586 = EDGE_CURVE ( 'NONE', #1358, #1038, #173, .T. ) ;
#587 = DIRECTION ( 'NONE',  ( -1.000000000000000000, 0.000000000000000000, -5.980805065379273823E-16 ) ) ;
#588 = ORIENTED_EDGE ( 'NONE', *, *, #575, .T. ) ;
#589 = DIRECTION ( 'NONE',  ( 0.000000000000000000, 0.000000000000000000, 1.000000000000000000 ) ) ;
#590 = DIRECTION ( 'NONE',  ( 0.000000000000000000, 0.000000000000000000, 1.000000000000000000 ) ) ;
#591 = VECTOR ( 'NONE', #1143, 1000.000000000000114 ) ;
#592 = CARTESIAN_POINT ( 'NONE',  ( -11.05039600214481510, -179.4853267415828100, 23.58767292711363339 ) ) ;
#593 = VECTOR ( 'NONE', #1708, 1000.000000000000000 ) ;
#594 = DIRECTION ( 'NONE',  ( -1.000000000000000000, -0.000000000000000000, -1.084912616036924143E-16 ) ) ;
#595 = AXIS2_PLACEMENT_3D ( 'NONE', #1486, #1051, #1640 ) ;
#596 = ORIENTED_EDGE ( 'NONE', *, *, #359, .F. ) ;
#597 = ADVANCED_FACE ( 'NONE', ( #740, #751 ), #47, .T. ) ;
#598 = ADVANCED_FACE ( 'NONE', ( #514 ), #81, .T. ) ;
#599 = DIRECTION ( 'NONE',  ( -5.980805065379277767E-16, 0.000000000000000000, -1.000000000000000000 ) ) ;
#600 = CARTESIAN_POINT ( 'NONE',  ( -20.08647081916205934, -204.8910808520000160, -39.80000000000000426 ) ) ;
#601 = VECTOR ( 'NONE', #410, 1000.000000000000000 ) ;
#602 = DIRECTION ( 'NONE',  ( -0.8660254037844363761, 0.000000000000000000, 0.5000000000000038858 ) ) ;
#603 = AXIS2_PLACEMENT_3D ( 'NONE', #1663, #1575, #106 ) ;
#604 = DIRECTION ( 'NONE',  ( -0.000000000000000000, -1.000000000000000000, -0.000000000000000000 ) ) ;
#605 = ORIENTED_EDGE ( 'NONE', *, *, #723, .F. ) ;
#606 = AXIS2_PLACEMENT_3D ( 'NONE', #6, #1324, #589 ) ;
#607 = DIRECTION ( 'NONE',  ( 0.000000000000000000, -1.000000000000000000, -0.000000000000000000 ) ) ;
#608 = ORIENTED_EDGE ( 'NONE', *, *, #122, .F. ) ;
#609 = CYLINDRICAL_SURFACE ( 'NONE', #568, 2.200000000000008615 ) ;
#610 = CYLINDRICAL_SURFACE ( 'NONE', #1700, 2.200000000000010836 ) ;
#611 = DIRECTION ( 'NONE',  ( 0.000000000000000000, 0.000000000000000000, 1.000000000000000000 ) ) ;
#612 = DIRECTION ( 'NONE',  ( 0.000000000000000000, 0.000000000000000000, -1.000000000000000000 ) ) ;
#613 = PLANE ( 'NONE',  #810 ) ;
#614 = EDGE_LOOP ( 'NONE', ( #1539, #364 ) ) ;
#615 = CIRCLE ( 'NONE', #1800, 3.810000000000000941 ) ;
#616 = DIRECTION ( 'NONE',  ( 0.000000000000000000, 0.000000000000000000, -1.000000000000000000 ) ) ;
#617 = ORIENTED_EDGE ( 'NONE', *, *, #1574, .T. ) ;
#618 = DIRECTION ( 'NONE',  ( -1.000000000000000000, 0.000000000000000000, 5.980805065379277767E-16 ) ) ;
#619 = DIRECTION ( 'NONE',  ( -0.000000000000000000, 1.000000000000000000, -0.000000000000000000 ) ) ;
#620 = CIRCLE ( 'NONE', #535, 2.200000000000000622 ) ;
#621 = LINE ( 'NONE', #1203, #8 ) ;
#622 = ORIENTED_EDGE ( 'NONE', *, *, #1817, .F. ) ;
#623 = VERTEX_POINT ( 'NONE', #1227 ) ;
#624 = AXIS2_PLACEMENT_3D ( 'NONE', #1060, #1631, #497 ) ;
#625 = EDGE_LOOP ( 'NONE', ( #856, #1374 ) ) ;
#626 = CARTESIAN_POINT ( 'NONE',  ( -4.050396002144810659, -232.4853267415827531, -31.91232707288636661 ) ) ;
#627 = ADVANCED_FACE ( 'NONE', ( #1071 ), #229, .F. ) ;
#628 = DIRECTION ( 'NONE',  ( 1.000000000000000000, 0.000000000000000000, 0.000000000000000000 ) ) ;
#629 = CARTESIAN_POINT ( 'NONE',  ( -36.28647081916206929, -169.4319999999999879, 57.40399999999999636 ) ) ;
#630 = ADVANCED_FACE ( 'NONE', ( #55 ), #506, .T. ) ;
#631 = ORIENTED_EDGE ( 'NONE', *, *, #1297, .T. ) ;
#632 = CARTESIAN_POINT ( 'NONE',  ( -15.05039600214481155, -179.4853267415828100, 23.58767292711363339 ) ) ;
#633 = ORIENTED_EDGE ( 'NONE', *, *, #394, .T. ) ;
#634 = FACE_OUTER_BOUND ( 'NONE', #1627, .T. ) ;
#635 = AXIS2_PLACEMENT_3D ( 'NONE', #1148, #22, #584 ) ;
#636 = DIRECTION ( 'NONE',  ( -1.000000000000000000, -0.000000000000000000, -1.241749088029210621E-16 ) ) ;
#637 = DIRECTION ( 'NONE',  ( 0.000000000000000000, 0.000000000000000000, -1.000000000000000000 ) ) ;
#638 = ORIENTED_EDGE ( 'NONE', *, *, #1527, .F. ) ;
#639 = ORIENTED_EDGE ( 'NONE', *, *, #405, .F. ) ;
#640 = EDGE_CURVE ( 'NONE', #1208, #1041, #1416, .T. ) ;
#641 = DIRECTION ( 'NONE',  ( -1.000000000000000000, 0.000000000000000000, 0.000000000000000000 ) ) ;
#642 = CARTESIAN_POINT ( 'NONE',  ( -4.050396002144810659, -232.4853267415828100, 27.27067292711361191 ) ) ;
#643 = CARTESIAN_POINT ( 'NONE',  ( 8.171543583002316424, -254.0000000000000000, 49.53000000000000114 ) ) ;
#644 = CARTESIAN_POINT ( 'NONE',  ( -4.050396002144810659, -179.4853267415827816, -29.71232707288636021 ) ) ;
#645 = EDGE_LOOP ( 'NONE', ( #1669, #655 ) ) ;
#646 = VERTEX_POINT ( 'NONE', #642 ) ;
#647 = CIRCLE ( 'NONE', #708, 2.200000000000000622 ) ;
#648 = EDGE_CURVE ( 'NONE', #992, #689, #759, .T. ) ;
#649 = AXIS2_PLACEMENT_3D ( 'NONE', #964, #1105, #1392 ) ;
#650 = DIRECTION ( 'NONE',  ( 1.000000000000000000, -0.000000000000000000, -0.000000000000000000 ) ) ;
#651 = CIRCLE ( 'NONE', #210, 7.724451884327368845 ) ;
#652 = DIRECTION ( 'NONE',  ( 1.000000000000000000, -0.000000000000000000, -0.000000000000000000 ) ) ;
#653 = DIRECTION ( 'NONE',  ( 0.000000000000000000, 0.000000000000000000, 1.000000000000000000 ) ) ;
#654 = CARTESIAN_POINT ( 'NONE',  ( -20.08647081916206645, -204.8910808520000160, 44.20000000000000284 ) ) ;
#655 = ORIENTED_EDGE ( 'NONE', *, *, #1155, .T. ) ;
#656 = VERTEX_POINT ( 'NONE', #507 ) ;
#657 = DIRECTION ( 'NONE',  ( 1.000000000000000000, 0.000000000000000000, 0.000000000000000000 ) ) ;
#658 = EDGE_CURVE ( 'NONE', #146, #1410, #1469, .T. ) ;
#659 = DIRECTION ( 'NONE',  ( 0.000000000000000000, 0.000000000000000000, 1.000000000000000000 ) ) ;
#660 = SURFACE_SIDE_STYLE ('',( #108 ) ) ;
#661 = CARTESIAN_POINT ( 'NONE',  ( 8.171543583002316424, -246.3800000000000239, 54.60999999999998522 ) ) ;
#662 = AXIS2_PLACEMENT_3D ( 'NONE', #142, #709, #1458 ) ;
#663 = CARTESIAN_POINT ( 'NONE',  ( 3.091543583002316797, -169.4319999999999879, 44.45000000000000284 ) ) ;
#664 = ORIENTED_EDGE ( 'NONE', *, *, #1191, .F. ) ;
#665 = ORIENTED_EDGE ( 'NONE', *, *, #989, .T. ) ;
#666 = DIRECTION ( 'NONE',  ( -0.000000000000000000, 1.000000000000000000, -0.000000000000000000 ) ) ;
#667 = ORIENTED_EDGE ( 'NONE', *, *, #1574, .F. ) ;
#668 = LINE ( 'NONE', #110, #1104 ) ;
#669 = ADVANCED_FACE ( 'NONE', ( #211 ), #796, .T. ) ;
#670 = ADVANCED_FACE ( 'NONE', ( #352 ), #1325, .T. ) ;
#671 = ORIENTED_EDGE ( 'NONE', *, *, #817, .T. ) ;
#672 = ORIENTED_EDGE ( 'NONE', *, *, #1492, .T. ) ;
#673 = DIRECTION ( 'NONE',  ( -2.245756076876455988E-16, 0.000000000000000000, 1.000000000000000000 ) ) ;
#674 = VECTOR ( 'NONE', #1488, 1000.000000000000000 ) ;
#675 = EDGE_LOOP ( 'NONE', ( #1294, #664, #1848, #873 ) ) ;
#676 = CIRCLE ( 'NONE', #61, 3.682999999999978069 ) ;
#677 = AXIS2_PLACEMENT_3D ( 'NONE', #245, #657, #1690 ) ;
#678 = AXIS2_PLACEMENT_3D ( 'NONE', #18, #1043, #1019 ) ;
#679 = CARTESIAN_POINT ( 'NONE',  ( -20.08647081916205934, -204.8910808520000160, -23.20000000000001705 ) ) ;
#680 = FACE_BOUND ( 'NONE', #1544, .T. ) ;
#681 = EDGE_CURVE ( 'NONE', #1781, #1524, #1234, .T. ) ;
#682 = ORIENTED_EDGE ( 'NONE', *, *, #482, .T. ) ;
#683 = ORIENTED_EDGE ( 'NONE', *, *, #1257, .F. ) ;
#684 = DIRECTION ( 'NONE',  ( -1.000000000000000000, 0.000000000000000000, -1.084912616036924143E-16 ) ) ;
#685 = ORIENTED_EDGE ( 'NONE', *, *, #1080, .F. ) ;
#686 = SURFACE_STYLE_USAGE ( .BOTH. , #660 ) ;
#687 = CARTESIAN_POINT ( 'NONE',  ( -4.050396002144810659, -179.4853267415827816, -31.91232707288636661 ) ) ;
#688 = DIRECTION ( 'NONE',  ( 1.000000000000000000, 0.000000000000000000, 0.000000000000000000 ) ) ;
#689 = VERTEX_POINT ( 'NONE', #88 ) ;
#690 = CARTESIAN_POINT ( 'NONE',  ( -15.05039600214481155, -232.4853267415828100, 23.58767292711363339 ) ) ;
#691 = LINE ( 'NONE', #1566, #1176 ) ;
#692 = CIRCLE ( 'NONE', #1453, 3.810000000000000941 ) ;
#693 = CARTESIAN_POINT ( 'NONE',  ( -25.08647081916205934, -204.8910808520000160, -18.79999999999999361 ) ) ;
#694 = EDGE_LOOP ( 'NONE', ( #530, #1175, #710, #1645 ) ) ;
#695 = ADVANCED_FACE ( 'NONE', ( #221 ), #361, .F. ) ;
#696 = PRODUCT_DEFINITION ( 'UNKNOWN', '', #163, #813 ) ;
#697 = EDGE_CURVE ( 'NONE', #995, #202, #1777, .T. ) ;
#698 = CARTESIAN_POINT ( 'NONE',  ( 0.000000000000000000, -246.3800000000000239, -50.79999999999999716 ) ) ;
#699 = ORIENTED_EDGE ( 'NONE', *, *, #1013, .T. ) ;
#700 = LINE ( 'NONE', #1825, #1352 ) ;
#701 = VECTOR ( 'NONE', #1389, 1000.000000000000000 ) ;
#702 = ORIENTED_EDGE ( 'NONE', *, *, #1472, .T. ) ;
#703 = ORIENTED_EDGE ( 'NONE', *, *, #462, .F. ) ;
#704 = CARTESIAN_POINT ( 'NONE',  ( -25.08647081916205579, -169.4319999999999879, -57.40399999999999636 ) ) ;
#705 = DIRECTION ( 'NONE',  ( -5.980805065379273823E-16, 0.000000000000000000, 1.000000000000000000 ) ) ;
#706 = ORIENTED_EDGE ( 'NONE', *, *, #197, .F. ) ;
#707 = EDGE_CURVE ( 'NONE', #962, #1584, #1295, .T. ) ;
#708 = AXIS2_PLACEMENT_3D ( 'NONE', #1202, #770, #1082 ) ;
#709 = DIRECTION ( 'NONE',  ( -1.000000000000000000, -0.000000000000000000, -1.084912616036924143E-16 ) ) ;
#710 = ORIENTED_EDGE ( 'NONE', *, *, #1657, .T. ) ;
#711 = FACE_OUTER_BOUND ( 'NONE', #1740, .T. ) ;
#712 = VERTEX_POINT ( 'NONE', #1353 ) ;
#713 = ORIENTED_EDGE ( 'NONE', *, *, #405, .T. ) ;
#714 = CARTESIAN_POINT ( 'NONE',  ( 0.000000000000000000, 0.000000000000000000, 0.000000000000000000 ) ) ;
#715 = DIRECTION ( 'NONE',  ( -0.8660254037844359321, 0.000000000000000000, 0.5000000000000047740 ) ) ;
#716 = CONICAL_SURFACE ( 'NONE', #1674, 3.682999999999978069, 0.5235987755983033676 ) ;
#717 = CARTESIAN_POINT ( 'NONE',  ( -15.05039600214481155, -179.4853267415827816, -34.11232707288637300 ) ) ;
#718 = ORIENTED_EDGE ( 'NONE', *, *, #921, .F. ) ;
#719 = EDGE_CURVE ( 'NONE', #1678, #73, #1078, .T. ) ;
#720 = CARTESIAN_POINT ( 'NONE',  ( -15.05039600214481155, -232.4853267415827531, -31.91232707288636661 ) ) ;
#721 = CARTESIAN_POINT ( 'NONE',  ( -25.08647081916205934, -204.8910808520000160, -42.00000000000000000 ) ) ;
#722 = EDGE_CURVE ( 'NONE', #1390, #343, #1441, .T. ) ;
#723 = EDGE_CURVE ( 'NONE', #1524, #1819, #779, .T. ) ;
#724 = DIRECTION ( 'NONE',  ( 0.000000000000000000, 0.000000000000000000, 1.000000000000000000 ) ) ;
#725 = CARTESIAN_POINT ( 'NONE',  ( -20.08647081916206290, -204.8910808520000160, -2.179206560336645595E-15 ) ) ;
#726 = DIRECTION ( 'NONE',  ( 0.000000000000000000, 0.000000000000000000, -1.000000000000000000 ) ) ;
#727 = ORIENTED_EDGE ( 'NONE', *, *, #1551, .F. ) ;
#728 = VECTOR ( 'NONE', #1036, 1000.000000000000000 ) ;
#729 = FACE_BOUND ( 'NONE', #54, .T. ) ;
#730 = DIRECTION ( 'NONE',  ( 0.000000000000000000, 0.000000000000000000, 1.000000000000000000 ) ) ;
#731 = ADVANCED_FACE ( 'NONE', ( #634 ), #610, .F. ) ;
#732 = EDGE_CURVE ( 'NONE', #150, #484, #940, .T. ) ;
#733 = CARTESIAN_POINT ( 'NONE',  ( 3.091543583002315465, -254.0000000000000000, 54.60999999999998522 ) ) ;
#734 = LINE ( 'NONE', #1022, #910 ) ;
#735 = CIRCLE ( 'NONE', #825, 2.200000000000007283 ) ;
#736 = CARTESIAN_POINT ( 'NONE',  ( -15.05039600214481155, -179.4853267415827816, -29.71232707288636021 ) ) ;
#737 = ORIENTED_EDGE ( 'NONE', *, *, #1211, .F. ) ;
#738 = CARTESIAN_POINT ( 'NONE',  ( 8.171543583002316424, -169.4319999999999879, -49.53000000000000114 ) ) ;
#739 = AXIS2_PLACEMENT_3D ( 'NONE', #1513, #1632, #222 ) ;
#740 = FACE_OUTER_BOUND ( 'NONE', #863, .T. ) ;
#741 = VECTOR ( 'NONE', #619, 1000.000000000000000 ) ;
#742 = CYLINDRICAL_SURFACE ( 'NONE', #1409, 2.200000000000000622 ) ;
#743 = DIRECTION ( 'NONE',  ( -1.000000000000000000, 0.000000000000000000, -1.084912616036924143E-16 ) ) ;
#744 = VECTOR ( 'NONE', #715, 1000.000000000000227 ) ;
#745 = CARTESIAN_POINT ( 'NONE',  ( -4.050396002144810659, -179.4853267415828100, 23.58767292711363339 ) ) ;
#746 = VECTOR ( 'NONE', #184, 1000.000000000000000 ) ;
#747 = ORIENTED_EDGE ( 'NONE', *, *, #1271, .T. ) ;
#748 = EDGE_CURVE ( 'NONE', #451, #1136, #1620, .T. ) ;
#749 = CARTESIAN_POINT ( 'NONE',  ( 3.091543583002316797, -254.0000000000000000, -44.45000000000000284 ) ) ;
#750 = ORIENTED_EDGE ( 'NONE', *, *, #875, .F. ) ;
#751 = FACE_BOUND ( 'NONE', #372, .T. ) ;
#752 = CARTESIAN_POINT ( 'NONE',  ( 4.665904304751412537E-16, -246.3800000000000239, -54.60999999999999943 ) ) ;
#753 = CARTESIAN_POINT ( 'NONE',  ( -15.05039600214481155, -232.4853267415827531, -31.91232707288636661 ) ) ;
#754 = VERTEX_POINT ( 'NONE', #1546 ) ;
#755 = ADVANCED_FACE ( 'NONE', ( #393 ), #1250, .T. ) ;
#756 = ADVANCED_FACE ( 'NONE', ( #1384 ), #1107, .T. ) ;
#757 = CIRCLE ( 'NONE', #1600, 2.200000000000007283 ) ;
#758 = ORIENTED_EDGE ( 'NONE', *, *, #1783, .T. ) ;
#759 = LINE ( 'NONE', #933, #901 ) ;
#760 = CARTESIAN_POINT ( 'NONE',  ( -4.050396002144810659, -232.4853267415827531, -29.71232707288636021 ) ) ;
#761 = CARTESIAN_POINT ( 'NONE',  ( -8.510396002144808847, -246.3800000000000239, -44.44999999999999574 ) ) ;
#762 = EDGE_LOOP ( 'NONE', ( #1536, #1528, #980, #392 ) ) ;
#763 = ORIENTED_EDGE ( 'NONE', *, *, #1272, .F. ) ;
#764 = EDGE_CURVE ( 'NONE', #534, #1807, #260, .T. ) ;
#765 = EDGE_CURVE ( 'NONE', #1232, #1564, #402, .T. ) ;
#766 = DIRECTION ( 'NONE',  ( -1.000000000000000000, -0.000000000000000000, -1.084912616036924143E-16 ) ) ;
#767 = ORIENTED_EDGE ( 'NONE', *, *, #267, .F. ) ;
#768 = CARTESIAN_POINT ( 'NONE',  ( -20.08647081916206290, -204.8910808520000160, -2.179206560336645595E-15 ) ) ;
#769 = VECTOR ( 'NONE', #602, 1000.000000000000114 ) ;
#770 = DIRECTION ( 'NONE',  ( -1.000000000000000000, 0.000000000000000000, -1.084912616036924143E-16 ) ) ;
#771 = VECTOR ( 'NONE', #653, 1000.000000000000000 ) ;
#772 = LINE ( 'NONE', #231, #1547 ) ;
#773 = VERTEX_POINT ( 'NONE', #271 ) ;
#774 = VERTEX_POINT ( 'NONE', #1822 ) ;
#775 = AXIS2_PLACEMENT_3D ( 'NONE', #1580, #1311, #1138 ) ;
#776 = AXIS2_PLACEMENT_3D ( 'NONE', #1302, #1724, #871 ) ;
#777 = CARTESIAN_POINT ( 'NONE',  ( -15.05039600214481155, -179.4853267415828100, 25.78767292711363979 ) ) ;
#778 = ORIENTED_EDGE ( 'NONE', *, *, #816, .T. ) ;
#779 = LINE ( 'NONE', #1362, #2 ) ;
#780 = FACE_BOUND ( 'NONE', #111, .T. ) ;
#781 = EDGE_CURVE ( 'NONE', #1038, #430, #1518, .T. ) ;
#782 = DIRECTION ( 'NONE',  ( 0.000000000000000000, 0.000000000000000000, 1.000000000000000000 ) ) ;
#783 = ORIENTED_EDGE ( 'NONE', *, *, #575, .F. ) ;
#784 = ORIENTED_EDGE ( 'NONE', *, *, #1715, .F. ) ;
#785 = CARTESIAN_POINT ( 'NONE',  ( -20.08647081916205934, -204.8910808520000160, -21.00000000000000355 ) ) ;
#786 = PLANE ( 'NONE',  #1803 ) ;
#787 = DIRECTION ( 'NONE',  ( 0.000000000000000000, 0.000000000000000000, -1.000000000000000000 ) ) ;
#788 = PRESENTATION_LAYER_ASSIGNMENT (  '', '', ( #853 ) ) ;
#789 = FACE_BOUND ( 'NONE', #1691, .T. ) ;
#790 = ADVANCED_FACE ( 'NONE', ( #956 ), #1422, .T. ) ;
#791 = EDGE_CURVE ( 'NONE', #1844, #1367, #1558, .T. ) ;
#792 = DIRECTION ( 'NONE',  ( 0.000000000000000000, 0.000000000000000000, 1.000000000000000000 ) ) ;
#793 = ORIENTED_EDGE ( 'NONE', *, *, #732, .F. ) ;
#794 = VERTEX_POINT ( 'NONE', #974 ) ;
#795 = CARTESIAN_POINT ( 'NONE',  ( -15.05039600214481155, -232.4853267415827531, -31.91232707288636661 ) ) ;
#796 = PLANE ( 'NONE',  #1789 ) ;
#797 = PLANE ( 'NONE',  #739 ) ;
#798 = DIRECTION ( 'NONE',  ( 1.000000000000000000, 0.000000000000000000, 0.000000000000000000 ) ) ;
#799 = ORIENTED_EDGE ( 'NONE', *, *, #1244, .T. ) ;
#800 = VERTEX_POINT ( 'NONE', #93 ) ;
#801 = CARTESIAN_POINT ( 'NONE',  ( 3.091543583002316797, -254.0000000000000000, 49.53000000000000114 ) ) ;
#802 = ADVANCED_FACE ( 'NONE', ( #549, #253 ), #542, .T. ) ;
#803 = DIRECTION ( 'NONE',  ( -1.000000000000000000, 0.000000000000000000, -1.084912616036924143E-16 ) ) ;
#804 = CARTESIAN_POINT ( 'NONE',  ( -20.08647081916205934, -204.8910808520000160, -21.00000000000000355 ) ) ;
#805 = ORIENTED_EDGE ( 'NONE', *, *, #998, .F. ) ;
#806 = DIRECTION ( 'NONE',  ( -0.000000000000000000, 1.000000000000000000, -0.000000000000000000 ) ) ;
#807 = FACE_OUTER_BOUND ( 'NONE', #500, .T. ) ;
#808 = VERTEX_POINT ( 'NONE', #1793 ) ;
#809 = EDGE_LOOP ( 'NONE', ( #1420, #194, #617, #1474 ) ) ;
#810 = AXIS2_PLACEMENT_3D ( 'NONE', #473, #1046, #1320 ) ;
#811 = CYLINDRICAL_SURFACE ( 'NONE', #776, 2.200000000000000622 ) ;
#812 = ORIENTED_EDGE ( 'NONE', *, *, #452, .T. ) ;
#813 = PRODUCT_DEFINITION_CONTEXT ( 'detailed design', #1810, 'design' ) ;
#814 = AXIS2_PLACEMENT_3D ( 'NONE', #208, #607, #1058 ) ;
#815 = FACE_OUTER_BOUND ( 'NONE', #1076, .T. ) ;
#816 = EDGE_CURVE ( 'NONE', #73, #1678, #64, .T. ) ;
#817 = EDGE_CURVE ( 'NONE', #1367, #849, #1242, .T. ) ;
#818 = FACE_OUTER_BOUND ( 'NONE', #1836, .T. ) ;
#819 = CARTESIAN_POINT ( 'NONE',  ( 8.171543583002316424, -246.3800000000000239, 54.60999999999998522 ) ) ;
#820 = CONICAL_SURFACE ( 'NONE', #1711, 3.682999999999978069, 0.5235987755983043668 ) ;
#821 = EDGE_LOOP ( 'NONE', ( #520, #1847, #251, #1490 ) ) ;
#822 = ORIENTED_EDGE ( 'NONE', *, *, #1684, .T. ) ;
#823 = CARTESIAN_POINT ( 'NONE',  ( 8.171543583002316424, -246.3800000000000239, -54.60999999999998522 ) ) ;
#824 = ORIENTED_EDGE ( 'NONE', *, *, #397, .T. ) ;
#825 = AXIS2_PLACEMENT_3D ( 'NONE', #1381, #1780, #1230 ) ;
#826 = EDGE_CURVE ( 'NONE', #301, #937, #1355, .T. ) ;
#827 = LINE ( 'NONE', #1088, #942 ) ;
#828 = LINE ( 'NONE', #118, #1074 ) ;
#829 = ADVANCED_FACE ( 'NONE', ( #1557 ), #1233, .F. ) ;
#830 = VERTEX_POINT ( 'NONE', #1413 ) ;
#831 = VERTEX_POINT ( 'NONE', #1127 ) ;
#832 = CARTESIAN_POINT ( 'NONE',  ( -11.05039600214481510, -232.4853267415828100, 23.58767292711363339 ) ) ;
#833 = EDGE_LOOP ( 'NONE', ( #1200, #727 ) ) ;
#834 = CIRCLE ( 'NONE', #1438, 2.200000000000000622 ) ;
#835 = AXIS2_PLACEMENT_3D ( 'NONE', #1436, #1717, #148 ) ;
#836 = CIRCLE ( 'NONE', #678, 2.200000000000007283 ) ;
#837 = DIRECTION ( 'NONE',  ( -1.084912616036924143E-16, 0.000000000000000000, 1.000000000000000000 ) ) ;
#838 = CYLINDRICAL_SURFACE ( 'NONE', #179, 2.200000000000010836 ) ;
#839 = CARTESIAN_POINT ( 'NONE',  ( -4.050396002144875496, -232.4853267415827531, -31.91232707288636661 ) ) ;
#840 = ORIENTED_EDGE ( 'NONE', *, *, #1190, .F. ) ;
#841 = EDGE_CURVE ( 'NONE', #1038, #1269, #1679, .T. ) ;
#842 = EDGE_CURVE ( 'NONE', #1524, #467, #982, .T. ) ;
#843 = VERTEX_POINT ( 'NONE', #1095 ) ;
#844 = DIRECTION ( 'NONE',  ( 0.000000000000000000, 0.000000000000000000, -1.000000000000000000 ) ) ;
#845 = ORIENTED_EDGE ( 'NONE', *, *, #1595, .T. ) ;
#846 = LINE ( 'NONE', #977, #1087 ) ;
#847 = DIRECTION ( 'NONE',  ( 1.000000000000000000, 0.000000000000000000, 0.000000000000000000 ) ) ;
#848 = ORIENTED_EDGE ( 'NONE', *, *, #842, .F. ) ;
#849 = VERTEX_POINT ( 'NONE', #1661 ) ;
#850 = PLANE ( 'NONE',  #103 ) ;
#851 = CARTESIAN_POINT ( 'NONE',  ( -11.05039600214481332, -232.4853267415828100, 15.86322104278622191 ) ) ;
#852 = ADVANCED_FACE ( 'NONE', ( #382 ), #811, .F. ) ;
#853 = STYLED_ITEM ( 'NONE', ( #1245 ), #1039 ) ;
#854 = EDGE_CURVE ( 'NONE', #830, #150, #1821, .T. ) ;
#855 = CARTESIAN_POINT ( 'NONE',  ( 3.091543583002316797, -254.0000000000000000, -49.53000000000000114 ) ) ;
#856 = ORIENTED_EDGE ( 'NONE', *, *, #5, .T. ) ;
#857 = CARTESIAN_POINT ( 'NONE',  ( -25.08647081916207000, -169.4319999999999879, 63.44021100343570652 ) ) ;
#858 = DIRECTION ( 'NONE',  ( 0.000000000000000000, 0.000000000000000000, 1.000000000000000000 ) ) ;
#859 = EDGE_LOOP ( 'NONE', ( #928, #226 ) ) ;
#860 = EDGE_LOOP ( 'NONE', ( #1001, #501 ) ) ;
#861 = LINE ( 'NONE', #1447, #744 ) ;
#862 = CARTESIAN_POINT ( 'NONE',  ( -11.05039600214480799, -169.4319999999999879, -41.90999999999999659 ) ) ;
#863 = EDGE_LOOP ( 'NONE', ( #145, #9 ) ) ;
#864 = EDGE_CURVE ( 'NONE', #63, #646, #1815, .T. ) ;
#865 = AXIS2_PLACEMENT_3D ( 'NONE', #1217, #339, #1475 ) ;
#866 = CIRCLE ( 'NONE', #124, 2.200000000000010836 ) ;
#867 = DIRECTION ( 'NONE',  ( -1.084912616036924143E-16, 0.000000000000000000, 1.000000000000000000 ) ) ;
#868 = FACE_OUTER_BOUND ( 'NONE', #1476, .T. ) ;
#869 = CARTESIAN_POINT ( 'NONE',  ( -15.05039600214481155, -179.4853267415828100, 25.78767292711363979 ) ) ;
#870 =( NAMED_UNIT ( * ) PLANE_ANGLE_UNIT ( ) SI_UNIT ( $, .RADIAN. ) );
#871 = DIRECTION ( 'NONE',  ( 0.000000000000000000, 0.000000000000000000, 1.000000000000000000 ) ) ;
#872 = LINE ( 'NONE', #1593, #1130 ) ;
#873 = ORIENTED_EDGE ( 'NONE', *, *, #107, .F. ) ;
#874 = CIRCLE ( 'NONE', #72, 2.200000000000007283 ) ;
#875 = EDGE_CURVE ( 'NONE', #830, #794, #287, .T. ) ;
#876 = DIRECTION ( 'NONE',  ( 0.000000000000000000, 0.000000000000000000, -1.000000000000000000 ) ) ;
#877 = ORIENTED_EDGE ( 'NONE', *, *, #1482, .T. ) ;
#878 = DIRECTION ( 'NONE',  ( 1.000000000000000000, 0.000000000000000000, 0.000000000000000000 ) ) ;
#879 = DIRECTION ( 'NONE',  ( 0.000000000000000000, 0.000000000000000000, -1.000000000000000000 ) ) ;
#880 = UNCERTAINTY_MEASURE_WITH_UNIT (LENGTH_MEASURE( 1.000000000000000082E-05 ), #523, 'distance_accuracy_value', 'NONE');
#881 = CARTESIAN_POINT ( 'NONE',  ( -4.050396002144810659, -179.4853267415828100, 27.27067292711361191 ) ) ;
#882 = ORIENTED_EDGE ( 'NONE', *, *, #247, .T. ) ;
#883 = AXIS2_PLACEMENT_3D ( 'NONE', #1406, #987, #1560 ) ;
#884 = CIRCLE ( 'NONE', #1156, 3.810000000000000941 ) ;
#885 = FACE_OUTER_BOUND ( 'NONE', #1623, .T. ) ;
#886 = ORIENTED_EDGE ( 'NONE', *, *, #854, .F. ) ;
#887 = VECTOR ( 'NONE', #1646, 1000.000000000000000 ) ;
#888 = DIRECTION ( 'NONE',  ( 0.000000000000000000, 0.000000000000000000, 1.000000000000000000 ) ) ;
#889 = EDGE_CURVE ( 'NONE', #962, #1390, #691, .T. ) ;
#890 = CARTESIAN_POINT ( 'NONE',  ( -11.05039600214481510, -179.4853267415828100, 23.58767292711363339 ) ) ;
#891 = CARTESIAN_POINT ( 'NONE',  ( -20.08647081916205934, -204.8910808520000160, -44.20000000000000284 ) ) ;
#892 = ORIENTED_EDGE ( 'NONE', *, *, #1715, .T. ) ;
#893 = DIRECTION ( 'NONE',  ( 0.000000000000000000, 0.000000000000000000, -1.000000000000000000 ) ) ;
#894 = DIRECTION ( 'NONE',  ( 0.000000000000000000, 0.000000000000000000, -1.000000000000000000 ) ) ;
#895 = DIRECTION ( 'NONE',  ( -0.000000000000000000, 1.000000000000000000, -0.000000000000000000 ) ) ;
#896 = PRODUCT_CONTEXT ( 'NONE', #1380, 'mechanical' ) ;
#897 = AXIS2_PLACEMENT_3D ( 'NONE', #832, #131, #673 ) ;
#898 = EDGE_CURVE ( 'NONE', #1584, #962, #268, .T. ) ;
#899 = EDGE_CURVE ( 'NONE', #492, #800, #861, .T. ) ;
#900 = DIRECTION ( 'NONE',  ( 0.000000000000000000, 0.000000000000000000, 1.000000000000000000 ) ) ;
#901 = VECTOR ( 'NONE', #1613, 1000.000000000000000 ) ;
#902 = ORIENTED_EDGE ( 'NONE', *, *, #854, .T. ) ;
#903 = LINE ( 'NONE', #1758, #1151 ) ;
#904 = ORIENTED_EDGE ( 'NONE', *, *, #640, .T. ) ;
#905 = DIRECTION ( 'NONE',  ( 0.000000000000000000, 0.000000000000000000, -1.000000000000000000 ) ) ;
#906 = FACE_OUTER_BOUND ( 'NONE', #443, .T. ) ;
#907 = VECTOR ( 'NONE', #468, 1000.000000000000000 ) ;
#908 = CARTESIAN_POINT ( 'NONE',  ( 3.091543583002315465, -169.4319999999999879, -59.68999999999999062 ) ) ;
#909 = ORIENTED_EDGE ( 'NONE', *, *, #1515, .F. ) ;
#910 = VECTOR ( 'NONE', #1337, 1000.000000000000000 ) ;
#911 = AXIS2_PLACEMENT_3D ( 'NONE', #1287, #517, #867 ) ;
#912 = DIRECTION ( 'NONE',  ( 1.000000000000000000, -0.000000000000000000, -0.000000000000000000 ) ) ;
#913 = ORIENTED_EDGE ( 'NONE', *, *, #697, .F. ) ;
#914 = CARTESIAN_POINT ( 'NONE',  ( -8.510396002144819505, -246.3800000000000239, 41.90999999999999659 ) ) ;
#915 = CARTESIAN_POINT ( 'NONE',  ( -4.050396002144810659, -232.4853267415827531, -35.59532707288634867 ) ) ;
#916 = CARTESIAN_POINT ( 'NONE',  ( -15.05039600214481155, -179.4853267415828100, 23.58767292711363339 ) ) ;
#917 = EDGE_LOOP ( 'NONE', ( #1415, #203, #426, #1251 ) ) ;
#918 = EDGE_LOOP ( 'NONE', ( #737, #1290, #699, #1321 ) ) ;
#919 = DIRECTION ( 'NONE',  ( -1.000000000000000000, -0.000000000000000000, -1.084912616036924143E-16 ) ) ;
#920 = CARTESIAN_POINT ( 'NONE',  ( 4.665904304751412537E-16, -246.3800000000000239, 46.98999999999999488 ) ) ;
#921 = EDGE_CURVE ( 'NONE', #1584, #343, #1159, .T. ) ;
#922 = VERTEX_POINT ( 'NONE', #278 ) ;
#923 = DIRECTION ( 'NONE',  ( -1.000000000000000000, 0.000000000000000000, 0.000000000000000000 ) ) ;
#924 = CARTESIAN_POINT ( 'NONE',  ( 3.091543583002315465, -169.4319999999999879, -54.60999999999998522 ) ) ;
#925 = CIRCLE ( 'NONE', #205, 5.080000000000000959 ) ;
#926 = AXIS2_PLACEMENT_3D ( 'NONE', #721, #1605, #1598 ) ;
#927 = DIRECTION ( 'NONE',  ( -1.000000000000000000, 0.000000000000000000, -1.084912616036924143E-16 ) ) ;
#928 = ORIENTED_EDGE ( 'NONE', *, *, #236, .T. ) ;
#929 = ORIENTED_EDGE ( 'NONE', *, *, #889, .T. ) ;
#930 = AXIS2_PLACEMENT_3D ( 'NONE', #234, #1538, #1115 ) ;
#931 = VECTOR ( 'NONE', #1460, 1000.000000000000000 ) ;
#932 = CARTESIAN_POINT ( 'NONE',  ( -4.050396002144875496, -179.4853267415827816, -31.91232707288636661 ) ) ;
#933 = CARTESIAN_POINT ( 'NONE',  ( -36.28647081916206218, -169.4319999999999879, -59.68999999999999062 ) ) ;
#934 = EDGE_CURVE ( 'NONE', #484, #794, #1641, .T. ) ;
#935 = DIRECTION ( 'NONE',  ( -0.000000000000000000, 1.000000000000000000, -0.000000000000000000 ) ) ;
#936 = DIRECTION ( 'NONE',  ( 0.000000000000000000, 0.000000000000000000, -1.000000000000000000 ) ) ;
#937 = VERTEX_POINT ( 'NONE', #851 ) ;
#938 = VERTEX_POINT ( 'NONE', #704 ) ;
#939 = AXIS2_PLACEMENT_3D ( 'NONE', #522, #1582, #434 ) ;
#940 = LINE ( 'NONE', #1198, #207 ) ;
#941 = DIRECTION ( 'NONE',  ( -0.000000000000000000, 1.000000000000000000, -0.000000000000000000 ) ) ;
#942 = VECTOR ( 'NONE', #1656, 1000.000000000000000 ) ;
#943 = EDGE_CURVE ( 'NONE', #244, #922, #1010, .T. ) ;
#944 = FACE_OUTER_BOUND ( 'NONE', #1423, .T. ) ;
#945 = DIRECTION ( 'NONE',  ( 0.000000000000000000, 0.000000000000000000, -1.000000000000000000 ) ) ;
#946 = ORIENTED_EDGE ( 'NONE', *, *, #69, .F. ) ;
#947 = VERTEX_POINT ( 'NONE', #1166 ) ;
#948 = DIRECTION ( 'NONE',  ( -0.8660254037844359321, 6.123233995736823968E-17, -0.5000000000000047740 ) ) ;
#949 = CARTESIAN_POINT ( 'NONE',  ( 3.091543583002317241, -246.3800000000000239, -44.45000000000000284 ) ) ;
#950 = PLANE ( 'NONE',  #281 ) ;
#951 = FACE_OUTER_BOUND ( 'NONE', #953, .T. ) ;
#952 = CARTESIAN_POINT ( 'NONE',  ( -25.08647081916205934, -204.8910808520000160, -21.00000000000000355 ) ) ;
#953 = EDGE_LOOP ( 'NONE', ( #1609, #1012, #79, #469, #310, #195, #541, #316, #848, #1304, #1268, #1357, #1707, #685, #1025, #356, #423, #400 ) ) ;
#954 = EDGE_LOOP ( 'NONE', ( #1222, #1729 ) ) ;
#955 = AXIS2_PLACEMENT_3D ( 'NONE', #67, #1642, #89 ) ;
#956 = FACE_OUTER_BOUND ( 'NONE', #860, .T. ) ;
#957 = EDGE_CURVE ( 'NONE', #1367, #1844, #757, .T. ) ;
#958 = ORIENTED_EDGE ( 'NONE', *, *, #1225, .F. ) ;
#959 = CARTESIAN_POINT ( 'NONE',  ( -36.28647081916206218, -246.3800000000000239, -57.40399999999999636 ) ) ;
#960 = VECTOR ( 'NONE', #1651, 1000.000000000000000 ) ;
#961 = DIRECTION ( 'NONE',  ( 0.000000000000000000, 0.000000000000000000, 1.000000000000000000 ) ) ;
#962 = VERTEX_POINT ( 'NONE', #440 ) ;
#963 = ORIENTED_EDGE ( 'NONE', *, *, #1440, .T. ) ;
#964 = CARTESIAN_POINT ( 'NONE',  ( -15.05039600214481155, -179.4853267415827816, -31.91232707288636661 ) ) ;
#965 = ORIENTED_EDGE ( 'NONE', *, *, #1704, .F. ) ;
#966 = ADVANCED_FACE ( 'NONE', ( #569 ), #1572, .F. ) ;
#967 = ADVANCED_FACE ( 'NONE', ( #448 ), #1023, .F. ) ;
#968 = CARTESIAN_POINT ( 'NONE',  ( -15.05039600214481155, -232.4853267415827531, -31.91232707288636661 ) ) ;
#969 = CARTESIAN_POINT ( 'NONE',  ( -36.28647081916206929, -169.4319999999999879, 57.40399999999999636 ) ) ;
#970 = CIRCLE ( 'NONE', #1714, 5.080000000000008065 ) ;
#971 = VECTOR ( 'NONE', #1562, 1000.000000000000000 ) ;
#972 = ORIENTED_EDGE ( 'NONE', *, *, #648, .T. ) ;
#973 = EDGE_LOOP ( 'NONE', ( #1768, #1059, #1791, #1749 ) ) ;
#974 = CARTESIAN_POINT ( 'NONE',  ( 0.000000000000000000, -169.4319999999999595, -46.98999999999999488 ) ) ;
#975 = ORIENTED_EDGE ( 'NONE', *, *, #107, .T. ) ;
#976 = ADVANCED_FACE ( 'NONE', ( #1813 ), #1824, .T. ) ;
#977 = CARTESIAN_POINT ( 'NONE',  ( -4.050396002144875496, -232.4853267415827531, -35.59532707288634867 ) ) ;
#978 = LINE ( 'NONE', #819, #1728 ) ;
#979 = CARTESIAN_POINT ( 'NONE',  ( 0.000000000000000000, -169.4319999999999595, -50.79999999999999716 ) ) ;
#980 = ORIENTED_EDGE ( 'NONE', *, *, #899, .T. ) ;
#981 = ORIENTED_EDGE ( 'NONE', *, *, #1056, .T. ) ;
#982 = LINE ( 'NONE', #374, #1018 ) ;
#983 = CIRCLE ( 'NONE', #955, 3.682999999999978069 ) ;
#984 = VERTEX_POINT ( 'NONE', #417 ) ;
#985 = AXIS2_PLACEMENT_3D ( 'NONE', #7, #574, #888 ) ;
#986 = VECTOR ( 'NONE', #948, 1000.000000000000227 ) ;
#987 = DIRECTION ( 'NONE',  ( -1.000000000000000000, -0.000000000000000000, -1.084912616036924143E-16 ) ) ;
#988 = DIRECTION ( 'NONE',  ( 0.000000000000000000, 1.000000000000000000, 0.000000000000000000 ) ) ;
#989 = EDGE_CURVE ( 'NONE', #150, #830, #692, .T. ) ;
#990 = CARTESIAN_POINT ( 'NONE',  ( -36.28647081916206929, -246.3800000000000239, 59.68999999999999062 ) ) ;
#991 = EDGE_LOOP ( 'NONE', ( #605, #243, #799, #209 ) ) ;
#992 = VERTEX_POINT ( 'NONE', #376 ) ;
#993 = FACE_BOUND ( 'NONE', #261, .T. ) ;
#994 = CARTESIAN_POINT ( 'NONE',  ( -20.08647081916206290, -204.8910808520000160, 2.200000000000006839 ) ) ;
#995 = VERTEX_POINT ( 'NONE', #249 ) ;
#996 = FACE_BOUND ( 'NONE', #1070, .T. ) ;
#997 = DIRECTION ( 'NONE',  ( 0.000000000000000000, 0.000000000000000000, -1.000000000000000000 ) ) ;
#998 = EDGE_CURVE ( 'NONE', #1594, #1545, #1510, .T. ) ;
#999 = DIRECTION ( 'NONE',  ( -1.000000000000000000, 0.000000000000000000, 0.000000000000000000 ) ) ;
#1000 = AXIS2_PLACEMENT_3D ( 'NONE', #147, #30, #1591 ) ;
#1001 = ORIENTED_EDGE ( 'NONE', *, *, #898, .T. ) ;
#1002 = CARTESIAN_POINT ( 'NONE',  ( 0.000000000000000000, -435.6100000000001273, -46.98999999999999488 ) ) ;
#1003 = AXIS2_PLACEMENT_3D ( 'NONE', #804, #1265, #837 ) ;
#1004 = FACE_OUTER_BOUND ( 'NONE', #1827, .T. ) ;
#1005 = ORIENTED_EDGE ( 'NONE', *, *, #640, .F. ) ;
#1006 = PLANE ( 'NONE',  #1369 ) ;
#1007 = ORIENTED_EDGE ( 'NONE', *, *, #875, .T. ) ;
#1008 = DIRECTION ( 'NONE',  ( -2.245756076876467821E-16, 0.000000000000000000, 1.000000000000000000 ) ) ;
#1009 = CYLINDRICAL_SURFACE ( 'NONE', #1521, 2.200000000000000622 ) ;
#1010 = LINE ( 'NONE', #12, #1787 ) ;
#1011 = CARTESIAN_POINT ( 'NONE',  ( -8.510396002144819505, -169.4319999999999879, 44.44999999999999574 ) ) ;
#1012 = ORIENTED_EDGE ( 'NONE', *, *, #320, .F. ) ;
#1013 = EDGE_CURVE ( 'NONE', #1313, #1554, #827, .T. ) ;
#1014 = ADVANCED_FACE ( 'NONE', ( #818 ), #950, .T. ) ;
#1015 = CIRCLE ( 'NONE', #1666, 2.200000000000010836 ) ;
#1016 = CARTESIAN_POINT ( 'NONE',  ( 3.091543583002315465, -246.3800000000000239, 54.60999999999998522 ) ) ;
#1017 = ORIENTED_EDGE ( 'NONE', *, *, #586, .T. ) ;
#1018 = VECTOR ( 'NONE', #1799, 1000.000000000000000 ) ;
#1019 = DIRECTION ( 'NONE',  ( 0.000000000000000000, 0.000000000000000000, -1.000000000000000000 ) ) ;
#1020 = EDGE_LOOP ( 'NONE', ( #1193, #892, #42, #1402 ) ) ;
#1021 = CARTESIAN_POINT ( 'NONE',  ( -15.05039600214481155, -179.4853267415828100, 21.38767292711362700 ) ) ;
#1022 = CARTESIAN_POINT ( 'NONE',  ( -36.28647081916206218, -169.4319999999999879, -59.68999999999999062 ) ) ;
#1023 = PLANE ( 'NONE',  #1654 ) ;
#1024 = DIRECTION ( 'NONE',  ( 1.000000000000000000, 0.000000000000000000, 0.000000000000000000 ) ) ;
#1025 = ORIENTED_EDGE ( 'NONE', *, *, #1783, .F. ) ;
#1026 = CARTESIAN_POINT ( 'NONE',  ( -25.08647081916207000, -246.3800000000000239, 63.44021100343570652 ) ) ;
#1027 = CARTESIAN_POINT ( 'NONE',  ( -20.08647081916206290, -204.8910808520000160, -2.179206560336645595E-15 ) ) ;
#1028 = CYLINDRICAL_SURFACE ( 'NONE', #1812, 5.080000000000008065 ) ;
#1029 = CARTESIAN_POINT ( 'NONE',  ( -36.28647081916206929, 0.000000000000000000, -1.215102129961355060E-15 ) ) ;
#1030 = ORIENTED_EDGE ( 'NONE', *, *, #460, .F. ) ;
#1031 = AXIS2_PLACEMENT_3D ( 'NONE', #1442, #580, #1843 ) ;
#1032 = DIRECTION ( 'NONE',  ( -0.000000000000000000, 1.000000000000000000, 0.000000000000000000 ) ) ;
#1033 = CARTESIAN_POINT ( 'NONE',  ( -36.27845641699767754, -169.4319999999999879, 59.68999999999999062 ) ) ;
#1034 = EDGE_CURVE ( 'NONE', #1136, #1358, #970, .T. ) ;
#1035 = CARTESIAN_POINT ( 'NONE',  ( -25.08647081916205934, -204.8910808520000160, -23.20000000000001705 ) ) ;
#1036 = DIRECTION ( 'NONE',  ( 1.000000000000000000, -0.000000000000000000, 1.084912616036924266E-16 ) ) ;
#1037 = LINE ( 'NONE', #170, #585 ) ;
#1038 = VERTEX_POINT ( 'NONE', #127 ) ;
#1039 = MANIFOLD_SOLID_BREP ( 'Stock-Sled base-1', #292 ) ;
#1040 = DIRECTION ( 'NONE',  ( -0.000000000000000000, 1.000000000000000000, -0.000000000000000000 ) ) ;
#1041 = VERTEX_POINT ( 'NONE', #1685 ) ;
#1042 = VECTOR ( 'NONE', #935, 1000.000000000000000 ) ;
#1043 = DIRECTION ( 'NONE',  ( 1.000000000000000000, 0.000000000000000000, 0.000000000000000000 ) ) ;
#1044 = ADVANCED_FACE ( 'NONE', ( #1252 ), #1387, .F. ) ;
#1045 = DIRECTION ( 'NONE',  ( 1.000000000000000000, -0.000000000000000000, -0.000000000000000000 ) ) ;
#1046 = DIRECTION ( 'NONE',  ( 6.829619984160667907E-16, 0.000000000000000000, 1.000000000000000000 ) ) ;
#1047 = ORIENTED_EDGE ( 'NONE', *, *, #416, .F. ) ;
#1048 = CIRCLE ( 'NONE', #453, 2.200000000000007283 ) ;
#1049 = CARTESIAN_POINT ( 'NONE',  ( -36.28647081916206929, -246.3800000000000239, 57.40399999999999636 ) ) ;
#1050 = VERTEX_POINT ( 'NONE', #679 ) ;
#1051 = DIRECTION ( 'NONE',  ( -1.000000000000000000, 0.000000000000000000, 0.000000000000000000 ) ) ;
#1052 = DIRECTION ( 'NONE',  ( -1.000000000000000000, 0.000000000000000000, -1.084912616036924143E-16 ) ) ;
#1053 = DIRECTION ( 'NONE',  ( -1.000000000000000000, -0.000000000000000000, -1.084912616036924143E-16 ) ) ;
#1054 = ORIENTED_EDGE ( 'NONE', *, *, #31, .F. ) ;
#1055 = ORIENTED_EDGE ( 'NONE', *, *, #791, .F. ) ;
#1056 = EDGE_CURVE ( 'NONE', #754, #1093, #1801, .T. ) ;
#1057 = EDGE_CURVE ( 'NONE', #187, #831, #846, .T. ) ;
#1058 = DIRECTION ( 'NONE',  ( 0.000000000000000000, 0.000000000000000000, -1.000000000000000000 ) ) ;
#1059 = ORIENTED_EDGE ( 'NONE', *, *, #369, .T. ) ;
#1060 = CARTESIAN_POINT ( 'NONE',  ( -25.08647081916206290, -204.8910808520000160, -2.721662868355107876E-15 ) ) ;
#1061 = CARTESIAN_POINT ( 'NONE',  ( 8.171543583002316424, -169.4319999999999879, 49.53000000000000114 ) ) ;
#1062 = CYLINDRICAL_SURFACE ( 'NONE', #1065, 3.810000000000000941 ) ;
#1063 = ORIENTED_EDGE ( 'NONE', *, *, #1617, .T. ) ;
#1064 = ORIENTED_EDGE ( 'NONE', *, *, #826, .T. ) ;
#1065 = AXIS2_PLACEMENT_3D ( 'NONE', #215, #346, #792 ) ;
#1066 = CIRCLE ( 'NONE', #1720, 2.200000000000007283 ) ;
#1067 = DIRECTION ( 'NONE',  ( 0.000000000000000000, 0.000000000000000000, 1.000000000000000000 ) ) ;
#1068 = EDGE_CURVE ( 'NONE', #831, #340, #1123, .T. ) ;
#1069 = PLANE ( 'NONE',  #865 ) ;
#1070 = EDGE_LOOP ( 'NONE', ( #596, #1170 ) ) ;
#1071 = FACE_OUTER_BOUND ( 'NONE', #1719, .T. ) ;
#1072 = CIRCLE ( 'NONE', #1378, 2.200000000000000622 ) ;
#1073 = DIRECTION ( 'NONE',  ( 0.000000000000000000, 0.000000000000000000, -1.000000000000000000 ) ) ;
#1074 = VECTOR ( 'NONE', #389, 1000.000000000000000 ) ;
#1075 = CARTESIAN_POINT ( 'NONE',  ( -15.05039600214481155, -179.4853267415827816, -31.91232707288636661 ) ) ;
#1076 = EDGE_LOOP ( 'NONE', ( #784, #904, #1837, #1063 ) ) ;
#1077 = EDGE_LOOP ( 'NONE', ( #1811, #824 ) ) ;
#1078 = CIRCLE ( 'NONE', #1760, 2.200000000000007283 ) ;
#1079 = ADVANCED_FACE ( 'NONE', ( #273 ), #134, .T. ) ;
#1080 = EDGE_CURVE ( 'NONE', #347, #451, #223, .T. ) ;
#1081 = LINE ( 'NONE', #365, #1091 ) ;
#1082 = DIRECTION ( 'NONE',  ( 0.000000000000000000, 0.000000000000000000, 1.000000000000000000 ) ) ;
#1083 = DIRECTION ( 'NONE',  ( 0.000000000000000000, 1.000000000000000000, 0.000000000000000000 ) ) ;
#1084 = ORIENTED_EDGE ( 'NONE', *, *, #1452, .T. ) ;
#1085 = DIRECTION ( 'NONE',  ( 1.000000000000000000, -0.000000000000000000, -0.000000000000000000 ) ) ;
#1086 = CARTESIAN_POINT ( 'NONE',  ( -4.050396002144792895, -232.4853267415828100, 23.58767292711363339 ) ) ;
#1087 = VECTOR ( 'NONE', #263, 1000.000000000000227 ) ;
#1088 = CARTESIAN_POINT ( 'NONE',  ( 3.091543583002315465, -254.0000000000000000, -59.68999999999999062 ) ) ;
#1089 = CARTESIAN_POINT ( 'NONE',  ( 3.091543583002315465, -246.3800000000000239, 59.68999999999999062 ) ) ;
#1090 = EDGE_CURVE ( 'NONE', #343, #1390, #344, .T. ) ;
#1091 = VECTOR ( 'NONE', #228, 1000.000000000000000 ) ;
#1092 = CARTESIAN_POINT ( 'NONE',  ( -8.510396002144819505, -169.4319999999999879, 41.90999999999999659 ) ) ;
#1093 = VERTEX_POINT ( 'NONE', #1597 ) ;
#1094 = ORIENTED_EDGE ( 'NONE', *, *, #236, .F. ) ;
#1095 = CARTESIAN_POINT ( 'NONE',  ( 0.000000000000000000, -169.4319999999999595, 54.60999999999999943 ) ) ;
#1096 = PLANE ( 'NONE',  #603 ) ;
#1097 = CARTESIAN_POINT ( 'NONE',  ( -25.08647081916206645, -204.8910808520000160, 42.00000000000000000 ) ) ;
#1098 = AXIS2_PLACEMENT_3D ( 'NONE', #447, #192, #1454 ) ;
#1099 = ADVANCED_FACE ( 'NONE', ( #1432 ), #1467, .F. ) ;
#1100 = ADVANCED_FACE ( 'NONE', ( #172 ), #1006, .F. ) ;
#1101 = FACE_OUTER_BOUND ( 'NONE', #1020, .T. ) ;
#1102 = ORIENTED_EDGE ( 'NONE', *, *, #864, .F. ) ;
#1103 = ORIENTED_EDGE ( 'NONE', *, *, #1497, .T. ) ;
#1104 = VECTOR ( 'NONE', #806, 1000.000000000000000 ) ;
#1105 = DIRECTION ( 'NONE',  ( 1.000000000000000000, 0.000000000000000000, 0.000000000000000000 ) ) ;
#1106 = ORIENTED_EDGE ( 'NONE', *, *, #781, .T. ) ;
#1107 = CONICAL_SURFACE ( 'NONE', #930, 3.682999999999978069, 0.5235987755983043668 ) ;
#1108 = VECTOR ( 'NONE', #77, 1000.000000000000000 ) ;
#1109 = DIRECTION ( 'NONE',  ( -1.000000000000000000, 0.000000000000000000, -1.084912616036924143E-16 ) ) ;
#1110 = VECTOR ( 'NONE', #1221, 1000.000000000000000 ) ;
#1111 = DIRECTION ( 'NONE',  ( 0.000000000000000000, 0.000000000000000000, 1.000000000000000000 ) ) ;
#1112 = CARTESIAN_POINT ( 'NONE',  ( -36.28647081916206218, -246.3800000000000239, -59.68999999999999062 ) ) ;
#1113 = ORIENTED_EDGE ( 'NONE', *, *, #1595, .F. ) ;
#1114 = VERTEX_POINT ( 'NONE', #738 ) ;
#1115 = DIRECTION ( 'NONE',  ( 0.000000000000000000, 0.000000000000000000, 1.000000000000000000 ) ) ;
#1116 = ADVANCED_FACE ( 'NONE', ( #1314 ), #282, .F. ) ;
#1117 = ORIENTED_EDGE ( 'NONE', *, *, #1762, .F. ) ;
#1118 = ADVANCED_FACE ( 'NONE', ( #885 ), #17, .F. ) ;
#1119 = VECTOR ( 'NONE', #559, 1000.000000000000000 ) ;
#1120 = DIRECTION ( 'NONE',  ( -1.000000000000000000, 0.000000000000000000, -1.084912616036924143E-16 ) ) ;
#1121 = ORIENTED_EDGE ( 'NONE', *, *, #1831, .F. ) ;
#1122 = DIRECTION ( 'NONE',  ( -1.000000000000000000, 0.000000000000000000, -1.241749088029210621E-16 ) ) ;
#1123 = CIRCLE ( 'NONE', #105, 7.724451884327368845 ) ;
#1124 = EDGE_LOOP ( 'NONE', ( #1102, #1773, #1630, #946 ) ) ;
#1125 = VERTEX_POINT ( 'NONE', #427 ) ;
#1126 = CARTESIAN_POINT ( 'NONE',  ( 8.171543583002316424, -169.4319999999999879, -54.60999999999998522 ) ) ;
#1127 = CARTESIAN_POINT ( 'NONE',  ( -11.05039600214480622, -232.4853267415827531, -39.63677895721373545 ) ) ;
#1128 = CONICAL_SURFACE ( 'NONE', #314, 3.682999999999978069, 0.5235987755983043668 ) ;
#1129 = ORIENTED_EDGE ( 'NONE', *, *, #1629, .T. ) ;
#1130 = VECTOR ( 'NONE', #587, 1000.000000000000000 ) ;
#1131 = EDGE_CURVE ( 'NONE', #202, #1430, #308, .T. ) ;
#1132 = FILL_AREA_STYLE ('',( #1541 ) ) ;
#1133 = FACE_BOUND ( 'NONE', #954, .T. ) ;
#1134 = DIRECTION ( 'NONE',  ( 0.000000000000000000, 0.000000000000000000, 1.000000000000000000 ) ) ;
#1135 = VERTEX_POINT ( 'NONE', #1743 ) ;
#1136 = VERTEX_POINT ( 'NONE', #300 ) ;
#1137 = CARTESIAN_POINT ( 'NONE',  ( -11.05039600214480622, -179.4853267415827816, -39.63677895721373545 ) ) ;
#1138 = DIRECTION ( 'NONE',  ( 0.000000000000000000, 0.000000000000000000, 1.000000000000000000 ) ) ;
#1139 = CARTESIAN_POINT ( 'NONE',  ( -4.050396002144810659, -179.4853267415828100, 23.58767292711363339 ) ) ;
#1140 = VECTOR ( 'NONE', #1723, 1000.000000000000000 ) ;
#1141 = ORIENTED_EDGE ( 'NONE', *, *, #791, .T. ) ;
#1142 = DIRECTION ( 'NONE',  ( 1.000000000000000000, 0.000000000000000000, 0.000000000000000000 ) ) ;
#1143 = DIRECTION ( 'NONE',  ( -0.8660254037844363761, 6.123233995736814107E-17, -0.5000000000000038858 ) ) ;
#1144 = CARTESIAN_POINT ( 'NONE',  ( -11.05039600214481688, -179.4853267415828100, 31.31212481144104842 ) ) ;
#1145 = ORIENTED_EDGE ( 'NONE', *, *, #53, .F. ) ;
#1146 = ORIENTED_EDGE ( 'NONE', *, *, #462, .T. ) ;
#1147 = CARTESIAN_POINT ( 'NONE',  ( 0.000000000000000000, -169.4319999999999879, 0.000000000000000000 ) ) ;
#1148 = CARTESIAN_POINT ( 'NONE',  ( -15.05039600214481155, -179.4853267415827816, -31.91232707288636661 ) ) ;
#1149 = DIRECTION ( 'NONE',  ( 1.000000000000000000, 0.000000000000000000, 5.980805065379273823E-16 ) ) ;
#1150 = ORIENTED_EDGE ( 'NONE', *, *, #247, .F. ) ;
#1151 = VECTOR ( 'NONE', #477, 1000.000000000000000 ) ;
#1152 = CARTESIAN_POINT ( 'NONE',  ( -8.510396002144819505, -254.0000000000000000, 44.44999999999999574 ) ) ;
#1153 = ORIENTED_EDGE ( 'NONE', *, *, #212, .T. ) ;
#1154 = CARTESIAN_POINT ( 'NONE',  ( -8.510396002144808847, -246.3800000000000239, -41.90999999999999659 ) ) ;
#1155 = EDGE_CURVE ( 'NONE', #187, #1502, #461, .T. ) ;
#1156 = AXIS2_PLACEMENT_3D ( 'NONE', #1158, #40, #612 ) ;
#1157 = DIRECTION ( 'NONE',  ( -2.245756076876455988E-16, 0.000000000000000000, 1.000000000000000000 ) ) ;
#1158 = CARTESIAN_POINT ( 'NONE',  ( 0.000000000000000000, -169.4319999999999595, 50.79999999999999716 ) ) ;
#1159 = LINE ( 'NONE', #994, #593 ) ;
#1160 = DIRECTION ( 'NONE',  ( 1.000000000000000000, 0.000000000000000000, 0.000000000000000000 ) ) ;
#1161 = ORIENTED_EDGE ( 'NONE', *, *, #1057, .T. ) ;
#1162 = DIRECTION ( 'NONE',  ( -1.000000000000000000, 0.000000000000000000, 5.980805065379277767E-16 ) ) ;
#1163 = LINE ( 'NONE', #28, #181 ) ;
#1164 = VECTOR ( 'NONE', #1053, 1000.000000000000000 ) ;
#1165 = CARTESIAN_POINT ( 'NONE',  ( -20.08647081916205934, -204.8910808520000160, -42.00000000000000000 ) ) ;
#1166 = CARTESIAN_POINT ( 'NONE',  ( 3.091543583002316797, -169.4319999999999879, 44.45000000000000284 ) ) ;
#1167 = ADVANCED_FACE ( 'NONE', ( #996, #1450, #164, #1298, #729, #1569 ), #37, .F. ) ;
#1168 = ADVANCED_FACE ( 'NONE', ( #1734 ), #1425, .T. ) ;
#1169 = DIRECTION ( 'NONE',  ( -0.000000000000000000, 1.000000000000000000, -0.000000000000000000 ) ) ;
#1170 = ORIENTED_EDGE ( 'NONE', *, *, #1056, .F. ) ;
#1171 = EDGE_CURVE ( 'NONE', #1781, #1394, #573, .T. ) ;
#1172 = CIRCLE ( 'NONE', #1098, 2.200000000000010836 ) ;
#1173 = AXIS2_PLACEMENT_3D ( 'NONE', #350, #45, #616 ) ;
#1174 = LINE ( 'NONE', #1026, #1727 ) ;
#1175 = ORIENTED_EDGE ( 'NONE', *, *, #1635, .F. ) ;
#1176 = VECTOR ( 'NONE', #1428, 1000.000000000000000 ) ;
#1177 = CARTESIAN_POINT ( 'NONE',  ( -4.050396002144810659, -232.4853267415828100, 21.38767292711362700 ) ) ;
#1178 = ORIENTED_EDGE ( 'NONE', *, *, #416, .T. ) ;
#1179 = DIRECTION ( 'NONE',  ( 0.000000000000000000, 0.000000000000000000, 1.000000000000000000 ) ) ;
#1180 = CARTESIAN_POINT ( 'NONE',  ( -4.050396002144810659, -232.4853267415827531, -28.22932707288639165 ) ) ;
#1181 = EDGE_LOOP ( 'NONE', ( #1281, #682, #1706, #136 ) ) ;
#1182 = EDGE_CURVE ( 'NONE', #1681, #174, #1174, .T. ) ;
#1183 = DIRECTION ( 'NONE',  ( 1.000000000000000000, -0.000000000000000000, 1.084912616036924266E-16 ) ) ;
#1184 = CARTESIAN_POINT ( 'NONE',  ( -4.050396002144810659, -179.4853267415827816, -31.91232707288636661 ) ) ;
#1185 = EDGE_LOOP ( 'NONE', ( #1485, #622, #1204, #822 ) ) ;
#1186 = CARTESIAN_POINT ( 'NONE',  ( -36.27845641699767754, -254.0000000000000000, 59.68999999999999062 ) ) ;
#1187 = CARTESIAN_POINT ( 'NONE',  ( -20.08647081916206645, -204.8910808520000160, 39.80000000000000426 ) ) ;
#1188 = ORIENTED_EDGE ( 'NONE', *, *, #349, .T. ) ;
#1189 = AXIS2_PLACEMENT_3D ( 'NONE', #1712, #1142, #876 ) ;
#1190 = EDGE_CURVE ( 'NONE', #947, #269, #925, .T. ) ;
#1191 = EDGE_CURVE ( 'NONE', #1555, #1599, #1664, .T. ) ;
#1192 = FACE_OUTER_BOUND ( 'NONE', #1535, .T. ) ;
#1193 = ORIENTED_EDGE ( 'NONE', *, *, #1515, .T. ) ;
#1194 = CARTESIAN_POINT ( 'NONE',  ( -4.050396002144810659, -179.4853267415828100, 23.58767292711363339 ) ) ;
#1195 = FACE_OUTER_BOUND ( 'NONE', #1427, .T. ) ;
#1196 = DIRECTION ( 'NONE',  ( 0.000000000000000000, 0.000000000000000000, -1.000000000000000000 ) ) ;
#1197 = EDGE_LOOP ( 'NONE', ( #758, #432, #1017, #1508 ) ) ;
#1198 = CARTESIAN_POINT ( 'NONE',  ( 4.665904304751414509E-16, -435.6100000000001273, -54.60999999999999943 ) ) ;
#1199 = CARTESIAN_POINT ( 'NONE',  ( -11.05039600214480799, -254.0000000000000000, -41.90999999999999659 ) ) ;
#1200 = ORIENTED_EDGE ( 'NONE', *, *, #1672, .F. ) ;
#1201 = CARTESIAN_POINT ( 'NONE',  ( 3.091543583002315465, -254.0000000000000000, -54.60999999999998522 ) ) ;
#1202 = CARTESIAN_POINT ( 'NONE',  ( -20.08647081916205934, -204.8910808520000160, -42.00000000000000000 ) ) ;
#1203 = CARTESIAN_POINT ( 'NONE',  ( -15.05039600214481155, -232.4853267415827531, -34.11232707288637300 ) ) ;
#1204 = ORIENTED_EDGE ( 'NONE', *, *, #582, .T. ) ;
#1205 = ORIENTED_EDGE ( 'NONE', *, *, #1419, .T. ) ;
#1206 = AXIS2_PLACEMENT_3D ( 'NONE', #1092, #201, #945 ) ;
#1207 = LINE ( 'NONE', #1611, #1680 ) ;
#1208 = VERTEX_POINT ( 'NONE', #920 ) ;
#1209 = CARTESIAN_POINT ( 'NONE',  ( -36.28647081916206218, 0.000000000000000000, -1.215102129961355060E-15 ) ) ;
#1210 = DIRECTION ( 'NONE',  ( 0.000000000000000000, 0.000000000000000000, 1.000000000000000000 ) ) ;
#1211 = EDGE_CURVE ( 'NONE', #1564, #567, #1333, .T. ) ;
#1212 = EDGE_CURVE ( 'NONE', #1599, #1555, #1259, .T. ) ;
#1213 = DIRECTION ( 'NONE',  ( -0.000000000000000000, 1.000000000000000000, -0.000000000000000000 ) ) ;
#1214 = ORIENTED_EDGE ( 'NONE', *, *, #1573, .T. ) ;
#1215 = ORIENTED_EDGE ( 'NONE', *, *, #358, .F. ) ;
#1216 = AXIS2_PLACEMENT_3D ( 'NONE', #857, #1183, #27 ) ;
#1217 = CARTESIAN_POINT ( 'NONE',  ( -4.050396002144810659, -232.4853267415828100, 23.58767292711363339 ) ) ;
#1218 = EDGE_LOOP ( 'NONE', ( #478, #325 ) ) ;
#1219 = CARTESIAN_POINT ( 'NONE',  ( 0.000000000000000000, -246.3800000000000239, 50.79999999999999716 ) ) ;
#1220 = CARTESIAN_POINT ( 'NONE',  ( -4.050396002144810659, -179.4853267415827816, -31.91232707288636661 ) ) ;
#1221 = DIRECTION ( 'NONE',  ( -0.000000000000000000, 1.000000000000000000, -0.000000000000000000 ) ) ;
#1222 = ORIENTED_EDGE ( 'NONE', *, *, #319, .T. ) ;
#1223 = EDGE_LOOP ( 'NONE', ( #408, #1161, #1256, #1660 ) ) ;
#1224 = ADVANCED_FACE ( 'NONE', ( #62, #80 ), #1069, .T. ) ;
#1225 = EDGE_CURVE ( 'NONE', #1545, #754, #1207, .T. ) ;
#1226 = DIRECTION ( 'NONE',  ( 1.000000000000000000, 0.000000000000000000, 0.000000000000000000 ) ) ;
#1227 = CARTESIAN_POINT ( 'NONE',  ( -4.050396002144810659, -232.4853267415828100, 25.78767292711363979 ) ) ;
#1228 = AXIS2_PLACEMENT_3D ( 'NONE', #1499, #214, #240 ) ;
#1229 = LINE ( 'NONE', #1354, #86 ) ;
#1230 = DIRECTION ( 'NONE',  ( 0.000000000000000000, 0.000000000000000000, -1.000000000000000000 ) ) ;
#1231 = ORIENTED_EDGE ( 'NONE', *, *, #370, .T. ) ;
#1232 = VERTEX_POINT ( 'NONE', #327 ) ;
#1233 = CYLINDRICAL_SURFACE ( 'NONE', #1586, 2.540000000000000480 ) ;
#1234 = CIRCLE ( 'NONE', #1498, 2.540000000000000480 ) ;
#1235 = CARTESIAN_POINT ( 'NONE',  ( -20.08647081916206645, -204.8910808520000160, 42.00000000000000000 ) ) ;
#1236 = EDGE_CURVE ( 'NONE', #1555, #1751, #1503, .T. ) ;
#1237 = DIRECTION ( 'NONE',  ( 1.000000000000000000, -0.000000000000000000, -0.000000000000000000 ) ) ;
#1238 = CARTESIAN_POINT ( 'NONE',  ( -25.08647081916205934, -204.8910808520000160, -42.00000000000000000 ) ) ;
#1239 = LINE ( 'NONE', #371, #1359 ) ;
#1240 = ORIENTED_EDGE ( 'NONE', *, *, #53, .T. ) ;
#1241 = ORIENTED_EDGE ( 'NONE', *, *, #1419, .F. ) ;
#1242 = LINE ( 'NONE', #102, #298 ) ;
#1243 = FACE_OUTER_BOUND ( 'NONE', #1351, .T. ) ;
#1244 = EDGE_CURVE ( 'NONE', #467, #1430, #1493, .T. ) ;
#1245 = PRESENTATION_STYLE_ASSIGNMENT (( #686 ) ) ;
#1246 = CARTESIAN_POINT ( 'NONE',  ( -20.08647081916206645, -204.8910808520000160, 23.20000000000000995 ) ) ;
#1247 = CARTESIAN_POINT ( 'NONE',  ( 0.000000000000000000, -435.6100000000001273, -50.79999999999999716 ) ) ;
#1248 = ORIENTED_EDGE ( 'NONE', *, *, #957, .F. ) ;
#1249 = ORIENTED_EDGE ( 'NONE', *, *, #1431, .T. ) ;
#1250 = CYLINDRICAL_SURFACE ( 'NONE', #1732, 5.080000000000000959 ) ;
#1251 = ORIENTED_EDGE ( 'NONE', *, *, #1841, .T. ) ;
#1252 = FACE_OUTER_BOUND ( 'NONE', #560, .T. ) ;
#1253 = EDGE_CURVE ( 'NONE', #355, #130, #903, .T. ) ;
#1254 = DIRECTION ( 'NONE',  ( 1.000000000000000000, 0.000000000000000000, 0.000000000000000000 ) ) ;
#1255 = AXIS2_PLACEMENT_3D ( 'NONE', #890, #1747, #1157 ) ;
#1256 = ORIENTED_EDGE ( 'NONE', *, *, #212, .F. ) ;
#1257 = EDGE_CURVE ( 'NONE', #1263, #174, #1767, .T. ) ;
#1258 = ORIENTED_EDGE ( 'NONE', *, *, #419, .T. ) ;
#1259 = CIRCLE ( 'NONE', #1173, 3.682999999999978069 ) ;
#1260 = AXIS2_PLACEMENT_3D ( 'NONE', #1804, #1542, #1388 ) ;
#1261 = DIRECTION ( 'NONE',  ( 0.000000000000000000, 0.000000000000000000, 1.000000000000000000 ) ) ;
#1262 = AXIS2_PLACEMENT_3D ( 'NONE', #558, #1698, #296 ) ;
#1263 = VERTEX_POINT ( 'NONE', #1049 ) ;
#1264 = AXIS2_PLACEMENT_3D ( 'NONE', #1201, #941, #1761 ) ;
#1265 = DIRECTION ( 'NONE',  ( -1.000000000000000000, 0.000000000000000000, -1.084912616036924143E-16 ) ) ;
#1266 = DIRECTION ( 'NONE',  ( 0.000000000000000000, 0.000000000000000000, -1.000000000000000000 ) ) ;
#1267 = CARTESIAN_POINT ( 'NONE',  ( -15.05039600214481155, -232.4853267415828100, 23.58767292711363339 ) ) ;
#1268 = ORIENTED_EDGE ( 'NONE', *, *, #1492, .F. ) ;
#1269 = VERTEX_POINT ( 'NONE', #1637 ) ;
#1270 = CARTESIAN_POINT ( 'NONE',  ( -36.28647081916206929, -169.4319999999999879, 59.68999999999999062 ) ) ;
#1271 = EDGE_CURVE ( 'NONE', #1114, #995, #1393, .T. ) ;
#1272 = EDGE_CURVE ( 'NONE', #58, #493, #219, .T. ) ;
#1273 = ADVANCED_FACE ( 'NONE', ( #1622 ), #1128, .T. ) ;
#1274 = ORIENTED_EDGE ( 'NONE', *, *, #899, .F. ) ;
#1275 = CIRCLE ( 'NONE', #305, 2.200000000000007283 ) ;
#1276 = DIRECTION ( 'NONE',  ( -1.000000000000000000, -0.000000000000000000, -1.241749088029210621E-16 ) ) ;
#1277 = FACE_BOUND ( 'NONE', #551, .T. ) ;
#1278 = AXIS2_PLACEMENT_3D ( 'NONE', #720, #563, #1587 ) ;
#1279 = CARTESIAN_POINT ( 'NONE',  ( -36.28647081916206218, -246.3800000000000239, -59.68999999999999062 ) ) ;
#1280 = ORIENTED_EDGE ( 'NONE', *, *, #1462, .F. ) ;
#1281 = ORIENTED_EDGE ( 'NONE', *, *, #1244, .F. ) ;
#1282 = DIRECTION ( 'NONE',  ( 0.000000000000000000, 0.000000000000000000, 1.000000000000000000 ) ) ;
#1283 = DIRECTION ( 'NONE',  ( -1.000000000000000000, 0.000000000000000000, -0.000000000000000000 ) ) ;
#1284 = DIRECTION ( 'NONE',  ( 0.000000000000000000, 0.000000000000000000, 1.000000000000000000 ) ) ;
#1285 = ORIENTED_EDGE ( 'NONE', *, *, #921, .T. ) ;
#1286 = VECTOR ( 'NONE', #1169, 1000.000000000000000 ) ;
#1287 = CARTESIAN_POINT ( 'NONE',  ( -20.08647081916205934, -204.8910808520000160, -42.00000000000000000 ) ) ;
#1288 = EDGE_LOOP ( 'NONE', ( #1055, #1792, #882, #284 ) ) ;
#1289 = FACE_OUTER_BOUND ( 'NONE', #1548, .T. ) ;
#1290 = ORIENTED_EDGE ( 'NONE', *, *, #1842, .T. ) ;
#1291 = ORIENTED_EDGE ( 'NONE', *, *, #658, .T. ) ;
#1292 = DIRECTION ( 'NONE',  ( -1.000000000000000000, -0.000000000000000000, -1.084912616036924143E-16 ) ) ;
#1293 = CARTESIAN_POINT ( 'NONE',  ( -25.08647081916206290, -204.8910808520000160, -2.200000000000011280 ) ) ;
#1294 = ORIENTED_EDGE ( 'NONE', *, *, #369, .F. ) ;
#1295 = CIRCLE ( 'NONE', #35, 2.200000000000008615 ) ;
#1296 = ADVANCED_FACE ( 'NONE', ( #1192 ), #786, .T. ) ;
#1297 = EDGE_CURVE ( 'NONE', #1594, #1093, #1784, .T. ) ;
#1298 = FACE_BOUND ( 'NONE', #1766, .T. ) ;
#1299 = CARTESIAN_POINT ( 'NONE',  ( -25.08647081916207000, -169.4319999999999879, 57.40399999999999636 ) ) ;
#1300 = ORIENTED_EDGE ( 'NONE', *, *, #1171, .T. ) ;
#1301 = APPLICATION_PROTOCOL_DEFINITION ( 'draft international standard', 'automotive_design', 1998, #1810 ) ;
#1302 = CARTESIAN_POINT ( 'NONE',  ( -20.08647081916206645, -204.8910808520000160, 42.00000000000000000 ) ) ;
#1303 = CARTESIAN_POINT ( 'NONE',  ( -4.050396002144792895, -179.4853267415828100, 23.58767292711363339 ) ) ;
#1304 = ORIENTED_EDGE ( 'NONE', *, *, #681, .F. ) ;
#1305 = DIRECTION ( 'NONE',  ( 0.000000000000000000, 1.000000000000000000, 0.000000000000000000 ) ) ;
#1306 = CARTESIAN_POINT ( 'NONE',  ( -4.050396002144810659, -179.4853267415827816, -28.22932707288639165 ) ) ;
#1307 = EDGE_CURVE ( 'NONE', #1563, #202, #1081, .T. ) ;
#1308 = PLANE ( 'NONE',  #1694 ) ;
#1309 = DIRECTION ( 'NONE',  ( 0.000000000000000000, 0.000000000000000000, 1.000000000000000000 ) ) ;
#1310 = ADVANCED_FACE ( 'NONE', ( #375 ), #196, .T. ) ;
#1311 = DIRECTION ( 'NONE',  ( -0.000000000000000000, -1.000000000000000000, -0.000000000000000000 ) ) ;
#1312 = DIRECTION ( 'NONE',  ( 1.000000000000000000, -0.000000000000000000, 0.000000000000000000 ) ) ;
#1313 = VERTEX_POINT ( 'NONE', #279 ) ;
#1314 = FACE_OUTER_BOUND ( 'NONE', #1331, .T. ) ;
#1315 = ORIENTED_EDGE ( 'NONE', *, *, #255, .T. ) ;
#1316 = CARTESIAN_POINT ( 'NONE',  ( -20.08647081916205934, -204.8910808520000160, -23.20000000000001705 ) ) ;
#1317 = CIRCLE ( 'NONE', #1778, 5.080000000000000959 ) ;
#1318 = FACE_OUTER_BOUND ( 'NONE', #1798, .T. ) ;
#1319 = LINE ( 'NONE', #1455, #728 ) ;
#1320 = DIRECTION ( 'NONE',  ( 1.000000000000000000, 0.000000000000000000, -6.829619984160667907E-16 ) ) ;
#1321 = ORIENTED_EDGE ( 'NONE', *, *, #267, .T. ) ;
#1322 = CIRCLE ( 'NONE', #1552, 5.080000000000008065 ) ;
#1323 = CIRCLE ( 'NONE', #926, 2.200000000000000622 ) ;
#1324 = DIRECTION ( 'NONE',  ( -1.000000000000000000, 0.000000000000000000, 0.000000000000000000 ) ) ;
#1325 = CONICAL_SURFACE ( 'NONE', #326, 3.682999999999978069, 0.5235987755983033676 ) ;
#1326 = LINE ( 'NONE', #1735, #1495 ) ;
#1327 = AXIS2_PLACEMENT_3D ( 'NONE', #1647, #329, #1344 ) ;
#1328 = DIRECTION ( 'NONE',  ( 0.000000000000000000, 0.000000000000000000, -1.000000000000000000 ) ) ;
#1329 = SHAPE_DEFINITION_REPRESENTATION ( #383, #526 ) ;
#1330 = PLANE ( 'NONE',  #285 ) ;
#1331 = EDGE_LOOP ( 'NONE', ( #1241, #496, #1214, #1772 ) ) ;
#1332 = ADVANCED_FACE ( 'NONE', ( #1004 ), #716, .T. ) ;
#1333 = LINE ( 'NONE', #1341, #1639 ) ;
#1334 = ORIENTED_EDGE ( 'NONE', *, *, #1462, .T. ) ;
#1335 = FACE_BOUND ( 'NONE', #24, .T. ) ;
#1336 = DIRECTION ( 'NONE',  ( 1.000000000000000000, -0.000000000000000000, -0.000000000000000000 ) ) ;
#1337 = DIRECTION ( 'NONE',  ( 1.000000000000000000, -0.000000000000000000, 1.084912616036924266E-16 ) ) ;
#1338 = FACE_OUTER_BOUND ( 'NONE', #1673, .T. ) ;
#1339 = EDGE_LOOP ( 'NONE', ( #667, #672, #1300, #180 ) ) ;
#1340 = MECHANICAL_DESIGN_GEOMETRIC_PRESENTATION_REPRESENTATION (  '', ( #853 ), #48 ) ;
#1341 = CARTESIAN_POINT ( 'NONE',  ( 8.171543583002319977, -254.0000000000000000, -54.60999999999998522 ) ) ;
#1342 = ADVANCED_FACE ( 'NONE', ( #1567 ), #513, .F. ) ;
#1343 = ORIENTED_EDGE ( 'NONE', *, *, #989, .F. ) ;
#1344 = DIRECTION ( 'NONE',  ( 0.000000000000000000, 0.000000000000000000, 1.000000000000000000 ) ) ;
#1345 = CIRCLE ( 'NONE', #572, 3.810000000000000941 ) ;
#1346 = CARTESIAN_POINT ( 'NONE',  ( -11.05039600214480977, -232.4853267415827531, -24.18787518855899421 ) ) ;
#1347 = DIRECTION ( 'NONE',  ( 1.000000000000000000, 0.000000000000000000, 0.000000000000000000 ) ) ;
#1348 = ORIENTED_EDGE ( 'NONE', *, *, #494, .F. ) ;
#1349 = EDGE_LOOP ( 'NONE', ( #328, #1662 ) ) ;
#1350 = DIRECTION ( 'NONE',  ( -0.8660254037844363761, 0.000000000000000000, 0.5000000000000038858 ) ) ;
#1351 = EDGE_LOOP ( 'NONE', ( #639, #702, #1576, #747 ) ) ;
#1352 = VECTOR ( 'NONE', #524, 1000.000000000000000 ) ;
#1353 = CARTESIAN_POINT ( 'NONE',  ( 8.171543583002316424, -246.3800000000000239, 49.53000000000000114 ) ) ;
#1354 = CARTESIAN_POINT ( 'NONE',  ( -36.28647081916206929, -246.3800000000000239, 57.40399999999999636 ) ) ;
#1355 = CIRCLE ( 'NONE', #897, 7.724451884327409701 ) ;
#1356 = CARTESIAN_POINT ( 'NONE',  ( 0.000000000000000000, -169.4319999999999595, 50.79999999999999716 ) ) ;
#1357 = ORIENTED_EDGE ( 'NONE', *, *, #96, .F. ) ;
#1358 = VERTEX_POINT ( 'NONE', #1 ) ;
#1359 = VECTOR ( 'NONE', #1083, 1000.000000000000000 ) ;
#1360 = DIRECTION ( 'NONE',  ( 0.000000000000000000, 0.000000000000000000, 1.000000000000000000 ) ) ;
#1361 = VERTEX_POINT ( 'NONE', #949 ) ;
#1362 = CARTESIAN_POINT ( 'NONE',  ( -11.05039600214481688, -254.0000000000000000, 41.90999999999999659 ) ) ;
#1363 = EDGE_CURVE ( 'NONE', #1545, #1594, #151, .T. ) ;
#1364 = DIRECTION ( 'NONE',  ( 0.000000000000000000, 1.000000000000000000, 0.000000000000000000 ) ) ;
#1365 = LINE ( 'NONE', #1516, #960 ) ;
#1366 = ADVANCED_FACE ( 'NONE', ( #1243 ), #1429, .T. ) ;
#1367 = VERTEX_POINT ( 'NONE', #717 ) ;
#1368 = DIRECTION ( 'NONE',  ( -0.000000000000000000, 1.000000000000000000, -0.000000000000000000 ) ) ;
#1369 = AXIS2_PLACEMENT_3D ( 'NONE', #1702, #1721, #182 ) ;
#1370 = DIRECTION ( 'NONE',  ( 0.000000000000000000, 0.000000000000000000, -1.000000000000000000 ) ) ;
#1371 = CARTESIAN_POINT ( 'NONE',  ( -20.08647081916206645, -204.8910808520000160, 20.99999999999999645 ) ) ;
#1372 = CARTESIAN_POINT ( 'NONE',  ( -4.050396002144810659, -232.4853267415827531, -34.11232707288637300 ) ) ;
#1373 = EDGE_LOOP ( 'NONE', ( #793, #665, #1007, #1457 ) ) ;
#1374 = ORIENTED_EDGE ( 'NONE', *, *, #529, .T. ) ;
#1375 = ADVANCED_FACE ( 'NONE', ( #248 ), #139, .F. ) ;
#1376 = DIRECTION ( 'NONE',  ( 0.000000000000000000, 0.000000000000000000, 1.000000000000000000 ) ) ;
#1377 = DIRECTION ( 'NONE',  ( 0.000000000000000000, 0.000000000000000000, 1.000000000000000000 ) ) ;
#1378 = AXIS2_PLACEMENT_3D ( 'NONE', #29, #576, #1179 ) ;
#1379 = LINE ( 'NONE', #518, #262 ) ;
#1380 = APPLICATION_CONTEXT ( 'automotive_design' ) ;
#1381 = CARTESIAN_POINT ( 'NONE',  ( -4.050396002144810659, -232.4853267415828100, 23.58767292711363339 ) ) ;
#1382 = ORIENTED_EDGE ( 'NONE', *, *, #1551, .T. ) ;
#1383 = ORIENTED_EDGE ( 'NONE', *, *, #1131, .F. ) ;
#1384 = FACE_OUTER_BOUND ( 'NONE', #1223, .T. ) ;
#1385 = ADVANCED_FACE ( 'NONE', ( #237 ), #1386, .F. ) ;
#1386 = CYLINDRICAL_SURFACE ( 'NONE', #366, 2.200000000000007283 ) ;
#1387 = CYLINDRICAL_SURFACE ( 'NONE', #883, 2.200000000000008615 ) ;
#1388 = DIRECTION ( 'NONE',  ( 0.000000000000000000, 0.000000000000000000, -1.000000000000000000 ) ) ;
#1389 = DIRECTION ( 'NONE',  ( -0.000000000000000000, 1.000000000000000000, -0.000000000000000000 ) ) ;
#1390 = VERTEX_POINT ( 'NONE', #1293 ) ;
#1391 = ORIENTED_EDGE ( 'NONE', *, *, #1841, .F. ) ;
#1392 = DIRECTION ( 'NONE',  ( 0.000000000000000000, 0.000000000000000000, -1.000000000000000000 ) ) ;
#1393 = CIRCLE ( 'NONE', #814, 5.080000000000000959 ) ;
#1394 = VERTEX_POINT ( 'NONE', #1011 ) ;
#1395 = CYLINDRICAL_SURFACE ( 'NONE', #220, 3.810000000000000941 ) ;
#1396 = AXIS2_PLACEMENT_3D ( 'NONE', #714, #1309, #457 ) ;
#1397 = ADVANCED_FACE ( 'NONE', ( #815 ), #1395, .F. ) ;
#1398 = ADVANCED_FACE ( 'NONE', ( #570 ), #578, .T. ) ;
#1399 = FACE_OUTER_BOUND ( 'NONE', #991, .T. ) ;
#1400 = LINE ( 'NONE', #1279, #601 ) ;
#1401 = ORIENTED_EDGE ( 'NONE', *, *, #1080, .T. ) ;
#1402 = ORIENTED_EDGE ( 'NONE', *, *, #1506, .F. ) ;
#1403 = DIRECTION ( 'NONE',  ( 0.000000000000000000, 0.000000000000000000, -1.000000000000000000 ) ) ;
#1404 = CIRCLE ( 'NONE', #26, 2.200000000000007283 ) ;
#1405 = EDGE_LOOP ( 'NONE', ( #608, #683, #845, #1129 ) ) ;
#1406 = CARTESIAN_POINT ( 'NONE',  ( -20.08647081916206290, -204.8910808520000160, -2.179206560336645595E-15 ) ) ;
#1407 = CARTESIAN_POINT ( 'NONE',  ( -4.050396002144792895, -179.4853267415828100, 19.90467292711365488 ) ) ;
#1408 = ADVANCED_FACE ( 'NONE', ( #1794 ), #1096, .T. ) ;
#1409 = AXIS2_PLACEMENT_3D ( 'NONE', #49, #1754, #724 ) ;
#1410 = VERTEX_POINT ( 'NONE', #693 ) ;
#1411 = ORIENTED_EDGE ( 'NONE', *, *, #1628, .T. ) ;
#1412 = VECTOR ( 'NONE', #250, 1000.000000000000000 ) ;
#1413 = CARTESIAN_POINT ( 'NONE',  ( 0.000000000000000000, -246.3800000000000239, -46.98999999999999488 ) ) ;
#1414 = AXIS2_PLACEMENT_3D ( 'NONE', #725, #577, #424 ) ;
#1415 = ORIENTED_EDGE ( 'NONE', *, *, #1013, .F. ) ;
#1416 = CIRCLE ( 'NONE', #270, 3.810000000000000941 ) ;
#1417 = CARTESIAN_POINT ( 'NONE',  ( -11.05039600214480799, -232.4853267415827531, -31.91232707288636661 ) ) ;
#1418 = DIRECTION ( 'NONE',  ( 0.000000000000000000, 0.000000000000000000, 1.000000000000000000 ) ) ;
#1419 = EDGE_CURVE ( 'NONE', #547, #73, #1839, .T. ) ;
#1420 = ORIENTED_EDGE ( 'NONE', *, *, #235, .F. ) ;
#1421 = ORIENTED_EDGE ( 'NONE', *, *, #934, .F. ) ;
#1422 = PLANE ( 'NONE',  #1670 ) ;
#1423 = EDGE_LOOP ( 'NONE', ( #422, #1494 ) ) ;
#1424 = DIRECTION ( 'NONE',  ( 0.000000000000000000, 0.000000000000000000, -1.000000000000000000 ) ) ;
#1425 = CONICAL_SURFACE ( 'NONE', #606, 3.682999999999978069, 0.5235987755983043668 ) ;
#1426 = ORIENTED_EDGE ( 'NONE', *, *, #1253, .F. ) ;
#1427 = EDGE_LOOP ( 'NONE', ( #1612, #276, #981, #335 ) ) ;
#1428 = DIRECTION ( 'NONE',  ( -1.000000000000000000, -0.000000000000000000, -1.084912616036924143E-16 ) ) ;
#1429 = CYLINDRICAL_SURFACE ( 'NONE', #68, 5.080000000000000959 ) ;
#1430 = VERTEX_POINT ( 'NONE', #862 ) ;
#1431 = EDGE_CURVE ( 'NONE', #493, #774, #1275, .T. ) ;
#1432 = FACE_OUTER_BOUND ( 'NONE', #1185, .T. ) ;
#1433 = DIRECTION ( 'NONE',  ( -1.000000000000000000, -0.000000000000000000, -1.084912616036924143E-16 ) ) ;
#1434 = DIRECTION ( 'NONE',  ( -0.000000000000000000, 1.000000000000000000, -0.000000000000000000 ) ) ;
#1435 = ORIENTED_EDGE ( 'NONE', *, *, #1182, .T. ) ;
#1436 = CARTESIAN_POINT ( 'NONE',  ( 0.000000000000000000, -169.4319999999999595, -50.79999999999999716 ) ) ;
#1437 = DIRECTION ( 'NONE',  ( -1.000000000000000000, 0.000000000000000000, -1.084912616036924266E-16 ) ) ;
#1438 = AXIS2_PLACEMENT_3D ( 'NONE', #1238, #1052, #1796 ) ;
#1439 = ORIENTED_EDGE ( 'NONE', *, *, #1830, .F. ) ;
#1440 = EDGE_CURVE ( 'NONE', #547, #198, #1066, .T. ) ;
#1441 = CIRCLE ( 'NONE', #624, 2.200000000000008615 ) ;
#1442 = CARTESIAN_POINT ( 'NONE',  ( -25.08647081916206290, -204.8910808520000160, -2.721662868355107876E-15 ) ) ;
#1443 = DIRECTION ( 'NONE',  ( -1.000000000000000000, -0.000000000000000000, -1.084912616036924143E-16 ) ) ;
#1444 = AXIS2_PLACEMENT_3D ( 'NONE', #1655, #705, #1149 ) ;
#1445 = CARTESIAN_POINT ( 'NONE',  ( -4.050396002144810659, -232.4853267415828100, 19.90467292711365488 ) ) ;
#1446 = DIRECTION ( 'NONE',  ( 0.000000000000000000, -1.000000000000000000, 0.000000000000000000 ) ) ;
#1447 = CARTESIAN_POINT ( 'NONE',  ( -4.050396002144875496, -179.4853267415827816, -28.22932707288639165 ) ) ;
#1448 = CARTESIAN_POINT ( 'NONE',  ( 3.091543583002316797, -254.0000000000000000, 44.45000000000000284 ) ) ;
#1449 = ORIENTED_EDGE ( 'NONE', *, *, #1034, .T. ) ;
#1450 = FACE_BOUND ( 'NONE', #101, .T. ) ;
#1451 = DIRECTION ( 'NONE',  ( 0.000000000000000000, 0.000000000000000000, -1.000000000000000000 ) ) ;
#1452 = EDGE_CURVE ( 'NONE', #198, #547, #1404, .T. ) ;
#1453 = AXIS2_PLACEMENT_3D ( 'NONE', #698, #537, #1833 ) ;
#1454 = DIRECTION ( 'NONE',  ( 0.000000000000000000, 0.000000000000000000, 1.000000000000000000 ) ) ;
#1455 = CARTESIAN_POINT ( 'NONE',  ( -36.28647081916206218, -169.4319999999999879, -57.40399999999999636 ) ) ;
#1456 = CARTESIAN_POINT ( 'NONE',  ( 0.000000000000000000, -246.3800000000000239, 50.79999999999999716 ) ) ;
#1457 = ORIENTED_EDGE ( 'NONE', *, *, #1762, .T. ) ;
#1458 = DIRECTION ( 'NONE',  ( 0.000000000000000000, 0.000000000000000000, 1.000000000000000000 ) ) ;
#1459 = ORIENTED_EDGE ( 'NONE', *, *, #515, .T. ) ;
#1460 = DIRECTION ( 'NONE',  ( -1.000000000000000000, -0.000000000000000000, -1.084912616036924143E-16 ) ) ;
#1461 = EDGE_LOOP ( 'NONE', ( #1677, #112, #1249, #1280 ) ) ;
#1462 = EDGE_CURVE ( 'NONE', #104, #774, #1037, .T. ) ;
#1463 = LINE ( 'NONE', #175, #1140 ) ;
#1464 = UNCERTAINTY_MEASURE_WITH_UNIT (LENGTH_MEASURE( 1.000000000000000082E-05 ), #11, 'distance_accuracy_value', 'NONE');
#1465 = DIRECTION ( 'NONE',  ( 0.000000000000000000, 0.000000000000000000, 1.000000000000000000 ) ) ;
#1466 = VERTEX_POINT ( 'NONE', #159 ) ;
#1467 = CYLINDRICAL_SURFACE ( 'NONE', #662, 2.200000000000010836 ) ;
#1468 = DIRECTION ( 'NONE',  ( -1.000000000000000000, -0.000000000000000000, -1.241749088029210621E-16 ) ) ;
#1469 = CIRCLE ( 'NONE', #1327, 2.200000000000010836 ) ;
#1470 = CARTESIAN_POINT ( 'NONE',  ( 3.091543583002316797, -246.3800000000000239, 49.53000000000000114 ) ) ;
#1471 = APPLICATION_PROTOCOL_DEFINITION ( 'draft international standard', 'automotive_design', 1998, #1380 ) ;
#1472 = EDGE_CURVE ( 'NONE', #1361, #1232, #1317, .T. ) ;
#1473 = CARTESIAN_POINT ( 'NONE',  ( -11.05039600214481688, -246.3800000000000239, 41.90999999999999659 ) ) ;
#1474 = ORIENTED_EDGE ( 'NONE', *, *, #1190, .T. ) ;
#1475 = DIRECTION ( 'NONE',  ( 0.000000000000000000, 0.000000000000000000, -1.000000000000000000 ) ) ;
#1476 = EDGE_LOOP ( 'NONE', ( #1054, #233, #1258, #1426 ) ) ;
#1477 = CARTESIAN_POINT ( 'NONE',  ( 3.091543583002316797, -169.4319999999999879, -44.45000000000000284 ) ) ;
#1478 = CARTESIAN_POINT ( 'NONE',  ( -15.05039600214481155, -179.4853267415828100, 23.58767292711363339 ) ) ;
#1479 = AXIS2_PLACEMENT_3D ( 'NONE', #332, #743, #322 ) ;
#1480 = CARTESIAN_POINT ( 'NONE',  ( 3.091543583002316797, -246.3800000000000239, -49.53000000000000114 ) ) ;
#1481 = ORIENTED_EDGE ( 'NONE', *, *, #1585, .F. ) ;
#1482 = EDGE_CURVE ( 'NONE', #773, #121, #1608, .T. ) ;
#1483 = ADVANCED_FACE ( 'NONE', ( #306 ), #297, .F. ) ;
#1484 = AXIS2_PLACEMENT_3D ( 'NONE', #1303, #87, #659 ) ;
#1485 = ORIENTED_EDGE ( 'NONE', *, *, #515, .F. ) ;
#1486 = CARTESIAN_POINT ( 'NONE',  ( -4.050396002144792895, -179.4853267415828100, 23.58767292711363339 ) ) ;
#1487 = AXIS2_PLACEMENT_3D ( 'NONE', #23, #178, #1465 ) ;
#1488 = DIRECTION ( 'NONE',  ( 0.000000000000000000, 1.000000000000000000, 0.000000000000000000 ) ) ;
#1489 = CARTESIAN_POINT ( 'NONE',  ( -4.050396002144875496, -232.4853267415827531, -28.22932707288639165 ) ) ;
#1490 = ORIENTED_EDGE ( 'NONE', *, *, #333, .T. ) ;
#1491 = AXIS2_PLACEMENT_3D ( 'NONE', #303, #331, #879 ) ;
#1492 = EDGE_CURVE ( 'NONE', #1559, #1781, #872, .T. ) ;
#1493 = LINE ( 'NONE', #1199, #907 ) ;
#1494 = ORIENTED_EDGE ( 'NONE', *, *, #1363, .T. ) ;
#1495 = VECTOR ( 'NONE', #455, 1000.000000000000000 ) ;
#1496 = DIRECTION ( 'NONE',  ( 0.000000000000000000, 0.000000000000000000, -1.000000000000000000 ) ) ;
#1497 = EDGE_CURVE ( 'NONE', #774, #493, #52, .T. ) ;
#1498 = AXIS2_PLACEMENT_3D ( 'NONE', #914, #1504, #1377 ) ;
#1499 = CARTESIAN_POINT ( 'NONE',  ( -11.05039600214480799, -179.4853267415827816, -31.91232707288636661 ) ) ;
#1500 = CIRCLE ( 'NONE', #90, 2.200000000000007283 ) ;
#1501 = CARTESIAN_POINT ( 'NONE',  ( -20.08647081916206290, -204.8910808520000160, 2.200000000000006839 ) ) ;
#1502 = VERTEX_POINT ( 'NONE', #1180 ) ;
#1503 = LINE ( 'NONE', #1750, #338 ) ;
#1504 = DIRECTION ( 'NONE',  ( -0.000000000000000000, -1.000000000000000000, -0.000000000000000000 ) ) ;
#1505 = LINE ( 'NONE', #230, #771 ) ;
#1506 = EDGE_CURVE ( 'NONE', #1041, #843, #334, .T. ) ;
#1507 = DIRECTION ( 'NONE',  ( -0.000000000000000000, 1.000000000000000000, 0.000000000000000000 ) ) ;
#1508 = ORIENTED_EDGE ( 'NONE', *, *, #841, .T. ) ;
#1509 = EDGE_LOOP ( 'NONE', ( #46, #557, #137, #1274 ) ) ;
#1510 = CIRCLE ( 'NONE', #1683, 2.200000000000000622 ) ;
#1511 = DIRECTION ( 'NONE',  ( 0.000000000000000000, 0.000000000000000000, -1.000000000000000000 ) ) ;
#1512 = CARTESIAN_POINT ( 'NONE',  ( -4.050396002144792895, -232.4853267415828100, 23.58767292711363339 ) ) ;
#1513 = CARTESIAN_POINT ( 'NONE',  ( -20.08647081916206645, -204.8910808520000160, 42.00000000000000000 ) ) ;
#1514 = ADVANCED_FACE ( 'NONE', ( #466 ), #1330, .F. ) ;
#1515 = EDGE_CURVE ( 'NONE', #1041, #1208, #1345, .T. ) ;
#1516 = CARTESIAN_POINT ( 'NONE',  ( -36.28647081916206218, -246.3800000000000239, -57.40399999999999636 ) ) ;
#1517 = ORIENTED_EDGE ( 'NONE', *, *, #1742, .T. ) ;
#1518 = LINE ( 'NONE', #1270, #387 ) ;
#1519 = DIRECTION ( 'NONE',  ( -0.000000000000000000, 1.000000000000000000, -0.000000000000000000 ) ) ;
#1520 = DIRECTION ( 'NONE',  ( 0.000000000000000000, 0.000000000000000000, -1.000000000000000000 ) ) ;
#1521 = AXIS2_PLACEMENT_3D ( 'NONE', #1165, #1590, #611 ) ;
#1522 = LINE ( 'NONE', #643, #1042 ) ;
#1523 = LINE ( 'NONE', #1489, #495 ) ;
#1524 = VERTEX_POINT ( 'NONE', #1473 ) ;
#1525 = ORIENTED_EDGE ( 'NONE', *, *, #69, .T. ) ;
#1526 = DIRECTION ( 'NONE',  ( 1.000000000000000000, 0.000000000000000000, 0.000000000000000000 ) ) ;
#1527 = EDGE_CURVE ( 'NONE', #1844, #1701, #450, .T. ) ;
#1528 = ORIENTED_EDGE ( 'NONE', *, *, #406, .F. ) ;
#1529 = AXIS2_PLACEMENT_3D ( 'NONE', #1356, #1507, #936 ) ;
#1530 = CARTESIAN_POINT ( 'NONE',  ( 0.000000000000000000, -435.6100000000001273, 50.79999999999999716 ) ) ;
#1531 = AXIS2_PLACEMENT_3D ( 'NONE', #50, #594, #1602 ) ;
#1532 = DIRECTION ( 'NONE',  ( 1.000000000000000000, 0.000000000000000000, 0.000000000000000000 ) ) ;
#1533 = CYLINDRICAL_SURFACE ( 'NONE', #1260, 2.200000000000007283 ) ;
#1534 = DIRECTION ( 'NONE',  ( 0.000000000000000000, 0.000000000000000000, 1.000000000000000000 ) ) ;
#1535 = EDGE_LOOP ( 'NONE', ( #1178, #286 ) ) ;
#1536 = ORIENTED_EDGE ( 'NONE', *, *, #764, .F. ) ;
#1537 = LINE ( 'NONE', #1126, #489 ) ;
#1538 = DIRECTION ( 'NONE',  ( -1.000000000000000000, 0.000000000000000000, 0.000000000000000000 ) ) ;
#1539 = ORIENTED_EDGE ( 'NONE', *, *, #266, .T. ) ;
#1540 = ADVANCED_FACE ( 'NONE', ( #1338 ), #1755, .F. ) ;
#1541 = FILL_AREA_STYLE_COLOUR ( '', #76 ) ;
#1542 = DIRECTION ( 'NONE',  ( 1.000000000000000000, -0.000000000000000000, -0.000000000000000000 ) ) ;
#1543 = FACE_OUTER_BOUND ( 'NONE', #625, .T. ) ;
#1544 = EDGE_LOOP ( 'NONE', ( #1153, #566 ) ) ;
#1545 = VERTEX_POINT ( 'NONE', #1187 ) ;
#1546 = CARTESIAN_POINT ( 'NONE',  ( -25.08647081916206645, -204.8910808520000160, 39.80000000000000426 ) ) ;
#1547 = VECTOR ( 'NONE', #380, 1000.000000000000114 ) ;
#1548 = EDGE_LOOP ( 'NONE', ( #225, #633, #1382, #1776 ) ) ;
#1549 = ADVANCED_FACE ( 'NONE', ( #1748 ), #613, .F. ) ;
#1550 = DIRECTION ( 'NONE',  ( -1.000000000000000000, -0.000000000000000000, -1.084912616036924143E-16 ) ) ;
#1551 = EDGE_CURVE ( 'NONE', #623, #579, #874, .T. ) ;
#1552 = AXIS2_PLACEMENT_3D ( 'NONE', #924, #508, #490 ) ;
#1553 = FACE_OUTER_BOUND ( 'NONE', #694, .T. ) ;
#1554 = VERTEX_POINT ( 'NONE', #908 ) ;
#1555 = VERTEX_POINT ( 'NONE', #881 ) ;
#1556 = CIRCLE ( 'NONE', #1583, 2.200000000000010836 ) ;
#1557 = FACE_OUTER_BOUND ( 'NONE', #1745, .T. ) ;
#1558 = CIRCLE ( 'NONE', #649, 2.200000000000007283 ) ;
#1559 = VERTEX_POINT ( 'NONE', #193 ) ;
#1560 = DIRECTION ( 'NONE',  ( 0.000000000000000000, 0.000000000000000000, 1.000000000000000000 ) ) ;
#1561 = CARTESIAN_POINT ( 'NONE',  ( -4.050396002144810659, -179.4853267415827816, -31.91232707288636661 ) ) ;
#1562 = DIRECTION ( 'NONE',  ( 1.000000000000000000, -0.000000000000000000, 1.084912616036924266E-16 ) ) ;
#1563 = VERTEX_POINT ( 'NONE', #761 ) ;
#1564 = VERTEX_POINT ( 'NONE', #57 ) ;
#1565 = FACE_OUTER_BOUND ( 'NONE', #1756, .T. ) ;
#1566 = CARTESIAN_POINT ( 'NONE',  ( -20.08647081916206290, -204.8910808520000160, -2.200000000000010836 ) ) ;
#1567 = FACE_OUTER_BOUND ( 'NONE', #190, .T. ) ;
#1568 = ORIENTED_EDGE ( 'NONE', *, *, #1684, .F. ) ;
#1569 = FACE_OUTER_BOUND ( 'NONE', #1606, .T. ) ;
#1570 = FACE_BOUND ( 'NONE', #109, .T. ) ;
#1571 = EDGE_LOOP ( 'NONE', ( #275, #1689, #1285, #272 ) ) ;
#1572 = CYLINDRICAL_SURFACE ( 'NONE', #635, 2.200000000000007283 ) ;
#1573 = EDGE_CURVE ( 'NONE', #198, #1678, #621, .T. ) ;
#1574 = EDGE_CURVE ( 'NONE', #1559, #947, #483, .T. ) ;
#1575 = DIRECTION ( 'NONE',  ( -1.000000000000000000, 0.000000000000000000, -1.084912616036924143E-16 ) ) ;
#1576 = ORIENTED_EDGE ( 'NONE', *, *, #1704, .T. ) ;
#1577 = DIRECTION ( 'NONE',  ( -1.084912616036924266E-16, 0.000000000000000000, 1.000000000000000000 ) ) ;
#1578 = CARTESIAN_POINT ( 'NONE',  ( -15.05039600214481155, -232.4853267415827531, -29.71232707288636021 ) ) ;
#1579 = LINE ( 'NONE', #1615, #769 ) ;
#1580 = CARTESIAN_POINT ( 'NONE',  ( 0.000000000000000000, -246.3800000000000239, -50.79999999999999716 ) ) ;
#1581 = CIRCLE ( 'NONE', #1255, 7.724451884327409701 ) ;
#1582 = DIRECTION ( 'NONE',  ( 1.084912616036924266E-16, 0.000000000000000000, -1.000000000000000000 ) ) ;
#1583 = AXIS2_PLACEMENT_3D ( 'NONE', #135, #538, #1111 ) ;
#1584 = VERTEX_POINT ( 'NONE', #1501 ) ;
#1585 = EDGE_CURVE ( 'NONE', #1394, #947, #509, .T. ) ;
#1586 = AXIS2_PLACEMENT_3D ( 'NONE', #113, #1828, #1261 ) ;
#1587 = DIRECTION ( 'NONE',  ( 0.000000000000000000, 0.000000000000000000, -1.000000000000000000 ) ) ;
#1588 = ORIENTED_EDGE ( 'NONE', *, *, #1805, .T. ) ;
#1589 = DIRECTION ( 'NONE',  ( 0.000000000000000000, 0.000000000000000000, -1.000000000000000000 ) ) ;
#1590 = DIRECTION ( 'NONE',  ( -1.000000000000000000, -0.000000000000000000, -1.084912616036924143E-16 ) ) ;
#1591 = DIRECTION ( 'NONE',  ( 0.000000000000000000, 0.000000000000000000, 1.000000000000000000 ) ) ;
#1592 = CARTESIAN_POINT ( 'NONE',  ( 8.171543583002316424, -254.0000000000000000, 54.60999999999998522 ) ) ;
#1593 = CARTESIAN_POINT ( 'NONE',  ( 3.091543583002316797, -246.3800000000000239, 44.45000000000000284 ) ) ;
#1594 = VERTEX_POINT ( 'NONE', #654 ) ;
#1595 = EDGE_CURVE ( 'NONE', #1263, #430, #1239, .T. ) ;
#1596 = ADVANCED_FACE ( 'NONE', ( #1659 ), #83, .F. ) ;
#1597 = CARTESIAN_POINT ( 'NONE',  ( -25.08647081916206645, -204.8910808520000160, 44.20000000000000284 ) ) ;
#1598 = DIRECTION ( 'NONE',  ( 0.000000000000000000, 0.000000000000000000, 1.000000000000000000 ) ) ;
#1599 = VERTEX_POINT ( 'NONE', #1797 ) ;
#1600 = AXIS2_PLACEMENT_3D ( 'NONE', #433, #1849, #158 ) ;
#1601 = DIRECTION ( 'NONE',  ( 0.000000000000000000, 0.000000000000000000, 1.000000000000000000 ) ) ;
#1602 = DIRECTION ( 'NONE',  ( 0.000000000000000000, 0.000000000000000000, 1.000000000000000000 ) ) ;
#1603 = ORIENTED_EDGE ( 'NONE', *, *, #5, .F. ) ;
#1604 = CARTESIAN_POINT ( 'NONE',  ( -4.050396002144810659, -179.4853267415828100, 23.58767292711363339 ) ) ;
#1605 = DIRECTION ( 'NONE',  ( -1.000000000000000000, 0.000000000000000000, -1.084912616036924143E-16 ) ) ;
#1606 = EDGE_LOOP ( 'NONE', ( #474, #1315, #411, #1435 ) ) ;
#1607 = CYLINDRICAL_SURFACE ( 'NONE', #1491, 2.200000000000007283 ) ;
#1608 = LINE ( 'NONE', #891, #1164 ) ;
#1609 = ORIENTED_EDGE ( 'NONE', *, *, #1628, .F. ) ;
#1610 = CIRCLE ( 'NONE', #415, 5.080000000000000959 ) ;
#1611 = CARTESIAN_POINT ( 'NONE',  ( -20.08647081916206645, -204.8910808520000160, 39.80000000000000426 ) ) ;
#1612 = ORIENTED_EDGE ( 'NONE', *, *, #1363, .F. ) ;
#1613 = DIRECTION ( 'NONE',  ( 0.000000000000000000, 0.000000000000000000, 1.000000000000000000 ) ) ;
#1614 = AXIS2_PLACEMENT_3D ( 'NONE', #479, #1237, #1370 ) ;
#1615 = CARTESIAN_POINT ( 'NONE',  ( -4.050396002144792895, -232.4853267415828100, 27.27067292711361191 ) ) ;
#1616 = EDGE_CURVE ( 'NONE', #58, #104, #1048, .T. ) ;
#1617 = EDGE_CURVE ( 'NONE', #843, #1135, #1736, .T. ) ;
#1618 = CARTESIAN_POINT ( 'NONE',  ( -4.050396002144810659, -232.4853267415828100, 23.58767292711363339 ) ) ;
#1619 = EDGE_LOOP ( 'NONE', ( #252, #3, #216, #548 ) ) ;
#1620 = LINE ( 'NONE', #218, #536 ) ;
#1621 = VECTOR ( 'NONE', #186, 1000.000000000000000 ) ;
#1622 = FACE_OUTER_BOUND ( 'NONE', #1509, .T. ) ;
#1623 = EDGE_LOOP ( 'NONE', ( #373, #1188, #713, #1668 ) ) ;
#1624 = CARTESIAN_POINT ( 'NONE',  ( -15.05039600214481155, -232.4853267415827531, -31.91232707288636661 ) ) ;
#1625 = CARTESIAN_POINT ( 'NONE',  ( -36.28647081916206218, -246.3800000000000239, -57.40399999999999636 ) ) ;
#1626 = DIRECTION ( 'NONE',  ( -0.000000000000000000, 1.000000000000000000, -0.000000000000000000 ) ) ;
#1627 = EDGE_LOOP ( 'NONE', ( #384, #1459, #1291, #34 ) ) ;
#1628 = EDGE_CURVE ( 'NONE', #1466, #1681, #1365, .T. ) ;
#1629 = EDGE_CURVE ( 'NONE', #430, #540, #519, .T. ) ;
#1630 = ORIENTED_EDGE ( 'NONE', *, *, #826, .F. ) ;
#1631 = DIRECTION ( 'NONE',  ( -1.000000000000000000, 0.000000000000000000, -1.084912616036924143E-16 ) ) ;
#1632 = DIRECTION ( 'NONE',  ( -1.000000000000000000, 0.000000000000000000, -1.084912616036924143E-16 ) ) ;
#1633 = DIRECTION ( 'NONE',  ( 1.000000000000000000, 0.000000000000000000, 0.000000000000000000 ) ) ;
#1634 = EDGE_LOOP ( 'NONE', ( #312, #1439 ) ) ;
#1635 = EDGE_CURVE ( 'NONE', #1502, #187, #1764, .T. ) ;
#1636 = AXIS2_PLACEMENT_3D ( 'NONE', #1371, #353, #498 ) ;
#1637 = CARTESIAN_POINT ( 'NONE',  ( -36.28647081916206929, -246.3800000000000239, 59.68999999999999062 ) ) ;
#1638 = EDGE_CURVE ( 'NONE', #1819, #1394, #152, .T. ) ;
#1639 = VECTOR ( 'NONE', #1040, 1000.000000000000000 ) ;
#1640 = DIRECTION ( 'NONE',  ( 0.000000000000000000, 0.000000000000000000, 1.000000000000000000 ) ) ;
#1641 = CIRCLE ( 'NONE', #835, 3.810000000000000941 ) ;
#1642 = DIRECTION ( 'NONE',  ( 1.000000000000000000, 0.000000000000000000, 0.000000000000000000 ) ) ;
#1643 = LINE ( 'NONE', #1790, #701 ) ;
#1644 = ORIENTED_EDGE ( 'NONE', *, *, #1497, .F. ) ;
#1645 = ORIENTED_EDGE ( 'NONE', *, *, #1068, .F. ) ;
#1646 = DIRECTION ( 'NONE',  ( -1.000000000000000000, -0.000000000000000000, -1.084912616036924143E-16 ) ) ;
#1647 = CARTESIAN_POINT ( 'NONE',  ( -25.08647081916205934, -204.8910808520000160, -21.00000000000000355 ) ) ;
#1648 = CIRCLE ( 'NONE', #512, 7.724451884327409701 ) ;
#1649 = ADVANCED_FACE ( 'NONE', ( #807 ), #1062, .F. ) ;
#1650 = CARTESIAN_POINT ( 'NONE',  ( -8.510396002144808847, -169.4319999999999879, -44.44999999999999574 ) ) ;
#1651 = DIRECTION ( 'NONE',  ( 1.000000000000000000, -0.000000000000000000, 1.084912616036924266E-16 ) ) ;
#1652 = ORIENTED_EDGE ( 'NONE', *, *, #1742, .F. ) ;
#1653 = CARTESIAN_POINT ( 'NONE',  ( -36.28647081916206929, -169.4319999999999879, 59.68999999999999062 ) ) ;
#1654 = AXIS2_PLACEMENT_3D ( 'NONE', #1592, #1283, #1838 ) ;
#1655 = CARTESIAN_POINT ( 'NONE',  ( 3.091543583002316797, -254.0000000000000000, 44.45000000000000284 ) ) ;
#1656 = DIRECTION ( 'NONE',  ( -0.000000000000000000, 1.000000000000000000, -0.000000000000000000 ) ) ;
#1657 = EDGE_CURVE ( 'NONE', #1502, #340, #1523, .T. ) ;
#1658 = LINE ( 'NONE', #377, #741 ) ;
#1659 = FACE_OUTER_BOUND ( 'NONE', #1373, .T. ) ;
#1660 = ORIENTED_EDGE ( 'NONE', *, *, #1657, .F. ) ;
#1661 = CARTESIAN_POINT ( 'NONE',  ( -4.050396002144810659, -179.4853267415827816, -34.11232707288637300 ) ) ;
#1662 = ORIENTED_EDGE ( 'NONE', *, *, #722, .F. ) ;
#1663 = CARTESIAN_POINT ( 'NONE',  ( -20.08647081916206645, -204.8910808520000160, 20.99999999999999645 ) ) ;
#1664 = CIRCLE ( 'NONE', #115, 3.682999999999978069 ) ;
#1665 = DIRECTION ( 'NONE',  ( 0.000000000000000000, 0.000000000000000000, 1.000000000000000000 ) ) ;
#1666 = AXIS2_PLACEMENT_3D ( 'NONE', #274, #554, #961 ) ;
#1667 = DIRECTION ( 'NONE',  ( -1.000000000000000000, 0.000000000000000000, -1.084912616036924143E-16 ) ) ;
#1668 = ORIENTED_EDGE ( 'NONE', *, *, #697, .T. ) ;
#1669 = ORIENTED_EDGE ( 'NONE', *, *, #1635, .T. ) ;
#1670 = AXIS2_PLACEMENT_3D ( 'NONE', #1809, #684, #531 ) ;
#1671 = DIRECTION ( 'NONE',  ( 0.000000000000000000, 0.000000000000000000, -1.000000000000000000 ) ) ;
#1672 = EDGE_CURVE ( 'NONE', #579, #623, #735, .T. ) ;
#1673 = EDGE_LOOP ( 'NONE', ( #1145, #877, #1146, #1215 ) ) ;
#1674 = AXIS2_PLACEMENT_3D ( 'NONE', #1086, #386, #1376 ) ;
#1675 = DIRECTION ( 'NONE',  ( 0.000000000000000000, 0.000000000000000000, -1.000000000000000000 ) ) ;
#1676 = CARTESIAN_POINT ( 'NONE',  ( -11.05039600214481688, -254.0000000000000000, 41.90999999999999659 ) ) ;
#1677 = ORIENTED_EDGE ( 'NONE', *, *, #1616, .F. ) ;
#1678 = VERTEX_POINT ( 'NONE', #1372 ) ;
#1679 = LINE ( 'NONE', #1653, #119 ) ;
#1680 = VECTOR ( 'NONE', #766, 1000.000000000000000 ) ;
#1681 = VERTEX_POINT ( 'NONE', #70 ) ;
#1682 = EDGE_CURVE ( 'NONE', #63, #937, #772, .T. ) ;
#1683 = AXIS2_PLACEMENT_3D ( 'NONE', #97, #1109, #1665 ) ;
#1684 = EDGE_CURVE ( 'NONE', #1410, #146, #25, .T. ) ;
#1685 = CARTESIAN_POINT ( 'NONE',  ( 0.000000000000000000, -246.3800000000000239, 54.60999999999999943 ) ) ;
#1686 = CARTESIAN_POINT ( 'NONE',  ( -20.08647081916206645, -204.8910808520000160, 20.99999999999999645 ) ) ;
#1687 = PLANE ( 'NONE',  #336 ) ;
#1688 = ORIENTED_EDGE ( 'NONE', *, *, #957, .T. ) ;
#1689 = ORIENTED_EDGE ( 'NONE', *, *, #898, .F. ) ;
#1690 = DIRECTION ( 'NONE',  ( 0.000000000000000000, 0.000000000000000000, -1.000000000000000000 ) ) ;
#1691 = EDGE_LOOP ( 'NONE', ( #909, #1005 ) ) ;
#1692 = ADVANCED_FACE ( 'NONE', ( #499 ), #242, .T. ) ;
#1693 = LINE ( 'NONE', #428, #33 ) ;
#1694 = AXIS2_PLACEMENT_3D ( 'NONE', #1186, #1716, #295 ) ;
#1695 = CARTESIAN_POINT ( 'NONE',  ( -8.510396002144819505, -246.3800000000000239, 44.44999999999999574 ) ) ;
#1696 = ORIENTED_EDGE ( 'NONE', *, *, #658, .F. ) ;
#1697 = ORIENTED_EDGE ( 'NONE', *, *, #1211, .T. ) ;
#1698 = DIRECTION ( 'NONE',  ( 1.000000000000000000, 0.000000000000000000, 0.000000000000000000 ) ) ;
#1699 = DIRECTION ( 'NONE',  ( 0.000000000000000000, 0.000000000000000000, -1.000000000000000000 ) ) ;
#1700 = AXIS2_PLACEMENT_3D ( 'NONE', #785, #919, #1067 ) ;
#1701 = VERTEX_POINT ( 'NONE', #644 ) ;
#1702 = CARTESIAN_POINT ( 'NONE',  ( 8.171543583002316424, -254.0000000000000000, -54.60999999999998522 ) ) ;
#1703 = CARTESIAN_POINT ( 'NONE',  ( -36.28647081916206218, -246.3800000000000239, -59.68999999999999062 ) ) ;
#1704 = EDGE_CURVE ( 'NONE', #1232, #1114, #1643, .T. ) ;
#1705 = DIRECTION ( 'NONE',  ( 0.000000000000000000, 0.000000000000000000, -1.000000000000000000 ) ) ;
#1706 = ORIENTED_EDGE ( 'NONE', *, *, #1307, .T. ) ;
#1707 = ORIENTED_EDGE ( 'NONE', *, *, #452, .F. ) ;
#1708 = DIRECTION ( 'NONE',  ( -1.000000000000000000, -0.000000000000000000, -1.084912616036924143E-16 ) ) ;
#1709 = DIRECTION ( 'NONE',  ( -0.000000000000000000, 1.000000000000000000, -0.000000000000000000 ) ) ;
#1710 = ORIENTED_EDGE ( 'NONE', *, *, #732, .T. ) ;
#1711 = AXIS2_PLACEMENT_3D ( 'NONE', #839, #999, #1134 ) ;
#1712 = CARTESIAN_POINT ( 'NONE',  ( -4.050396002144810659, -232.4853267415827531, -31.91232707288636661 ) ) ;
#1713 = CARTESIAN_POINT ( 'NONE',  ( -4.050396002144810659, -179.4853267415828100, 25.78767292711363979 ) ) ;
#1714 = AXIS2_PLACEMENT_3D ( 'NONE', #239, #398, #1675 ) ;
#1715 = EDGE_CURVE ( 'NONE', #1208, #1135, #91, .T. ) ;
#1716 = DIRECTION ( 'NONE',  ( -2.375519994490664161E-16, 0.000000000000000000, -1.000000000000000000 ) ) ;
#1717 = DIRECTION ( 'NONE',  ( -0.000000000000000000, 1.000000000000000000, 0.000000000000000000 ) ) ;
#1718 = DIRECTION ( 'NONE',  ( 0.000000000000000000, 0.000000000000000000, -1.000000000000000000 ) ) ;
#1719 = EDGE_LOOP ( 'NONE', ( #381, #1603, #59, #78 ) ) ;
#1720 = AXIS2_PLACEMENT_3D ( 'NONE', #795, #425, #1718 ) ;
#1721 = DIRECTION ( 'NONE',  ( -1.000000000000000000, 0.000000000000000000, 0.000000000000000000 ) ) ;
#1722 = DIRECTION ( 'NONE',  ( -0.000000000000000000, -1.000000000000000000, -0.000000000000000000 ) ) ;
#1723 = DIRECTION ( 'NONE',  ( 0.000000000000000000, 1.000000000000000000, 0.000000000000000000 ) ) ;
#1724 = DIRECTION ( 'NONE',  ( -1.000000000000000000, -0.000000000000000000, -1.084912616036924143E-16 ) ) ;
#1725 = CIRCLE ( 'NONE', #502, 2.200000000000007283 ) ;
#1726 = DIRECTION ( 'NONE',  ( 0.000000000000000000, 1.000000000000000000, 0.000000000000000000 ) ) ;
#1727 = VECTOR ( 'NONE', #1577, 1000.000000000000000 ) ;
#1728 = VECTOR ( 'NONE', #1589, 1000.000000000000000 ) ;
#1729 = ORIENTED_EDGE ( 'NONE', *, *, #543, .T. ) ;
#1730 = ADVANCED_FACE ( 'NONE', ( #1101 ), #120, .F. ) ;
#1731 = ADVANCED_FACE ( 'NONE', ( #1543 ), #1687, .T. ) ;
#1732 = AXIS2_PLACEMENT_3D ( 'NONE', #801, #666, #521 ) ;
#1733 = AXIS2_PLACEMENT_3D ( 'NONE', #1184, #878, #1451 ) ;
#1734 = FACE_OUTER_BOUND ( 'NONE', #762, .T. ) ;
#1735 = CARTESIAN_POINT ( 'NONE',  ( -11.05039600214481688, -169.4319999999999879, 41.90999999999999659 ) ) ;
#1736 = CIRCLE ( 'NONE', #1529, 3.810000000000000941 ) ;
#1737 = ORIENTED_EDGE ( 'NONE', *, *, #213, .T. ) ;
#1738 = CYLINDRICAL_SURFACE ( 'NONE', #323, 2.200000000000007283 ) ;
#1739 = DIRECTION ( 'NONE',  ( 0.000000000000000000, 0.000000000000000000, -1.000000000000000000 ) ) ;
#1740 = EDGE_LOOP ( 'NONE', ( #307, #1231 ) ) ;
#1741 = EDGE_CURVE ( 'NONE', #1759, #1313, #1400, .T. ) ;
#1742 = EDGE_CURVE ( 'NONE', #937, #301, #1648, .T. ) ;
#1743 = CARTESIAN_POINT ( 'NONE',  ( 4.665904304751412537E-16, -169.4319999999999595, 46.98999999999999488 ) ) ;
#1744 = CARTESIAN_POINT ( 'NONE',  ( 8.171543583002319977, -169.4319999999999879, -54.60999999999998522 ) ) ;
#1745 = EDGE_LOOP ( 'NONE', ( #412, #126, #571, #1782 ) ) ;
#1746 = AXIS2_PLACEMENT_3D ( 'NONE', #1016, #1305, #154 ) ;
#1747 = DIRECTION ( 'NONE',  ( -1.000000000000000000, -0.000000000000000000, -1.241749088029210621E-16 ) ) ;
#1748 = FACE_OUTER_BOUND ( 'NONE', #917, .T. ) ;
#1749 = ORIENTED_EDGE ( 'NONE', *, *, #1236, .F. ) ;
#1750 = CARTESIAN_POINT ( 'NONE',  ( -4.050396002144792895, -179.4853267415828100, 27.27067292711361191 ) ) ;
#1751 = VERTEX_POINT ( 'NONE', #1144 ) ;
#1752 = DIRECTION ( 'NONE',  ( 0.000000000000000000, 0.000000000000000000, 1.000000000000000000 ) ) ;
#1753 = VECTOR ( 'NONE', #1626, 1000.000000000000000 ) ;
#1754 = DIRECTION ( 'NONE',  ( -1.000000000000000000, -0.000000000000000000, -1.084912616036924143E-16 ) ) ;
#1755 = CYLINDRICAL_SURFACE ( 'NONE', #1531, 2.200000000000000622 ) ;
#1756 = EDGE_LOOP ( 'NONE', ( #85, #391, #414, #258, #254, #783, #840, #1481, #510, #1030, #1383, #913, #15, #351, #767, #1391, #972, #1840 ) ) ;
#1757 = CIRCLE ( 'NONE', #1636, 2.200000000000010836 ) ;
#1758 = CARTESIAN_POINT ( 'NONE',  ( -20.08647081916206645, -204.8910808520000160, 23.20000000000000995 ) ) ;
#1759 = VERTEX_POINT ( 'NONE', #1112 ) ;
#1760 = AXIS2_PLACEMENT_3D ( 'NONE', #626, #488, #1496 ) ;
#1761 = DIRECTION ( 'NONE',  ( 0.000000000000000000, 0.000000000000000000, 1.000000000000000000 ) ) ;
#1762 = EDGE_CURVE ( 'NONE', #794, #484, #615, .T. ) ;
#1763 = DIRECTION ( 'NONE',  ( 0.000000000000000000, -0.000000000000000000, 1.000000000000000000 ) ) ;
#1764 = CIRCLE ( 'NONE', #390, 3.682999999999978069 ) ;
#1765 = DIRECTION ( 'NONE',  ( 1.000000000000000000, -0.000000000000000000, -0.000000000000000000 ) ) ;
#1766 = EDGE_LOOP ( 'NONE', ( #1568, #1696 ) ) ;
#1767 = LINE ( 'NONE', #189, #160 ) ;
#1768 = ORIENTED_EDGE ( 'NONE', *, *, #1212, .F. ) ;
#1769 = DIRECTION ( 'NONE',  ( 0.000000000000000000, 0.000000000000000000, 1.000000000000000000 ) ) ;
#1770 = DIRECTION ( 'NONE',  ( 1.084912616036924266E-16, 0.000000000000000000, -1.000000000000000000 ) ) ;
#1771 = DIRECTION ( 'NONE',  ( 0.000000000000000000, 0.000000000000000000, 1.000000000000000000 ) ) ;
#1772 = ORIENTED_EDGE ( 'NONE', *, *, #719, .T. ) ;
#1773 = ORIENTED_EDGE ( 'NONE', *, *, #1682, .T. ) ;
#1774 = ADVANCED_FACE ( 'NONE', ( #1553 ), #820, .T. ) ;
#1775 = PRODUCT_RELATED_PRODUCT_CATEGORY ( 'part', '', ( #532 ) ) ;
#1776 = ORIENTED_EDGE ( 'NONE', *, *, #153, .F. ) ;
#1777 = LINE ( 'NONE', #1477, #420 ) ;
#1778 = AXIS2_PLACEMENT_3D ( 'NONE', #1480, #1726, #315 ) ;
#1779 = CARTESIAN_POINT ( 'NONE',  ( -15.05039600214481155, -232.4853267415827531, -34.11232707288637300 ) ) ;
#1780 = DIRECTION ( 'NONE',  ( 1.000000000000000000, 0.000000000000000000, 0.000000000000000000 ) ) ;
#1781 = VERTEX_POINT ( 'NONE', #1695 ) ;
#1782 = ORIENTED_EDGE ( 'NONE', *, *, #1638, .T. ) ;
#1783 = EDGE_CURVE ( 'NONE', #1269, #347, #421, .T. ) ;
#1784 = LINE ( 'NONE', #505, #887 ) ;
#1785 = AXIS2_PLACEMENT_3D ( 'NONE', #1561, #1254, #1424 ) ;
#1786 = DIRECTION ( 'NONE',  ( 0.000000000000000000, 0.000000000000000000, 1.000000000000000000 ) ) ;
#1787 = VECTOR ( 'NONE', #1292, 1000.000000000000000 ) ;
#1788 = LINE ( 'NONE', #1625, #674 ) ;
#1789 = AXIS2_PLACEMENT_3D ( 'NONE', #1209, #199, #1795 ) ;
#1790 = CARTESIAN_POINT ( 'NONE',  ( 8.171543583002316424, -254.0000000000000000, -49.53000000000000114 ) ) ;
#1791 = ORIENTED_EDGE ( 'NONE', *, *, #44, .F. ) ;
#1792 = ORIENTED_EDGE ( 'NONE', *, *, #1527, .T. ) ;
#1793 = CARTESIAN_POINT ( 'NONE',  ( -11.05039600214481332, -179.4853267415828100, 15.86322104278622191 ) ) ;
#1794 = FACE_OUTER_BOUND ( 'NONE', #859, .T. ) ;
#1795 = DIRECTION ( 'NONE',  ( 0.000000000000000000, 0.000000000000000000, 1.000000000000000000 ) ) ;
#1796 = DIRECTION ( 'NONE',  ( 0.000000000000000000, 0.000000000000000000, 1.000000000000000000 ) ) ;
#1797 = CARTESIAN_POINT ( 'NONE',  ( -4.050396002144810659, -179.4853267415828100, 19.90467292711365488 ) ) ;
#1798 = EDGE_LOOP ( 'NONE', ( #129, #1401, #395, #1449 ) ) ;
#1799 = DIRECTION ( 'NONE',  ( 1.241749088029210621E-16, 0.000000000000000000, -1.000000000000000000 ) ) ;
#1800 = AXIS2_PLACEMENT_3D ( 'NONE', #979, #555, #1705 ) ;
#1801 = CIRCLE ( 'NONE', #1832, 2.200000000000000622 ) ;
#1802 = DIRECTION ( 'NONE',  ( 0.000000000000000000, 0.000000000000000000, -1.000000000000000000 ) ) ;
#1803 = AXIS2_PLACEMENT_3D ( 'NONE', #632, #1226, #1511 ) ;
#1804 = CARTESIAN_POINT ( 'NONE',  ( -15.05039600214481155, -232.4853267415828100, 23.58767292711363339 ) ) ;
#1805 = EDGE_CURVE ( 'NONE', #567, #1114, #1537, .T. ) ;
#1806 = CARTESIAN_POINT ( 'NONE',  ( -4.050396002144810659, -232.4853267415827531, -31.91232707288636661 ) ) ;
#1807 = VERTEX_POINT ( 'NONE', #1137 ) ;
#1808 = ORIENTED_EDGE ( 'NONE', *, *, #748, .F. ) ;
#1809 = CARTESIAN_POINT ( 'NONE',  ( -20.08647081916206290, -204.8910808520000160, -2.179206560336645595E-15 ) ) ;
#1810 = APPLICATION_CONTEXT ( 'automotive_design' ) ;
#1811 = ORIENTED_EDGE ( 'NONE', *, *, #1817, .T. ) ;
#1812 = AXIS2_PLACEMENT_3D ( 'NONE', #733, #895, #156 ) ;
#1813 = FACE_OUTER_BOUND ( 'NONE', #1077, .T. ) ;
#1814 = CARTESIAN_POINT ( 'NONE',  ( -15.05039600214481155, -179.4853267415828100, 23.58767292711363339 ) ) ;
#1815 = CIRCLE ( 'NONE', #1262, 3.682999999999978069 ) ;
#1816 = ADVANCED_FACE ( 'NONE', ( #993, #1565, #277 ), #850, .F. ) ;
#1817 = EDGE_CURVE ( 'NONE', #435, #1050, #436, .T. ) ;
#1818 = CARTESIAN_POINT ( 'NONE',  ( 0.000000000000000000, -435.6100000000001273, 50.79999999999999716 ) ) ;
#1819 = VERTEX_POINT ( 'NONE', #157 ) ;
#1820 = EDGE_LOOP ( 'NONE', ( #1808, #812, #71, #588 ) ) ;
#1821 = CIRCLE ( 'NONE', #775, 3.810000000000000941 ) ;
#1822 = CARTESIAN_POINT ( 'NONE',  ( -4.050396002144810659, -179.4853267415828100, 21.38767292711362700 ) ) ;
#1823 = ORIENTED_EDGE ( 'NONE', *, *, #707, .F. ) ;
#1824 = PLANE ( 'NONE',  #1003 ) ;
#1825 = CARTESIAN_POINT ( 'NONE',  ( 3.091543583002316797, -246.3800000000000239, -44.45000000000000284 ) ) ;
#1826 = ORIENTED_EDGE ( 'NONE', *, *, #1253, .T. ) ;
#1827 = EDGE_LOOP ( 'NONE', ( #84, #401, #1525, #1652 ) ) ;
#1828 = DIRECTION ( 'NONE',  ( -0.000000000000000000, 1.000000000000000000, -0.000000000000000000 ) ) ;
#1829 = EDGE_LOOP ( 'NONE', ( #404, #1094, #1826, #299 ) ) ;
#1830 = EDGE_CURVE ( 'NONE', #1135, #843, #884, .T. ) ;
#1831 = EDGE_CURVE ( 'NONE', #689, #938, #1319, .T. ) ;
#1832 = AXIS2_PLACEMENT_3D ( 'NONE', #545, #1120, #407 ) ;
#1833 = DIRECTION ( 'NONE',  ( 0.000000000000000000, 0.000000000000000000, 1.000000000000000000 ) ) ;
#1834 = FACE_OUTER_BOUND ( 'NONE', #1829, .T. ) ;
#1835 = DIRECTION ( 'NONE',  ( -2.245756076876455988E-16, 0.000000000000000000, 1.000000000000000000 ) ) ;
#1836 = EDGE_LOOP ( 'NONE', ( #1084, #963 ) ) ;
#1837 = ORIENTED_EDGE ( 'NONE', *, *, #1506, .T. ) ;
#1838 = DIRECTION ( 'NONE',  ( -0.000000000000000000, 0.000000000000000000, 1.000000000000000000 ) ) ;
#1839 = LINE ( 'NONE', #288, #1119 ) ;
#1840 = ORIENTED_EDGE ( 'NONE', *, *, #1831, .T. ) ;
#1841 = EDGE_CURVE ( 'NONE', #992, #1554, #734, .T. ) ;
#1842 = EDGE_CURVE ( 'NONE', #1564, #1313, #16, .T. ) ;
#1843 = DIRECTION ( 'NONE',  ( 0.000000000000000000, 0.000000000000000000, 1.000000000000000000 ) ) ;
#1844 = VERTEX_POINT ( 'NONE', #304 ) ;
#1845 = CARTESIAN_POINT ( 'NONE',  ( -20.08647081916205934, -204.8910808520000160, -18.79999999999999361 ) ) ;
#1846 = CIRCLE ( 'NONE', #385, 7.724451884327368845 ) ;
#1847 = ORIENTED_EDGE ( 'NONE', *, *, #213, .F. ) ;
#1848 = ORIENTED_EDGE ( 'NONE', *, *, #1236, .T. ) ;
#1849 = DIRECTION ( 'NONE',  ( 1.000000000000000000, 0.000000000000000000, 0.000000000000000000 ) ) ;
ENDSEC;
END-ISO-10303-21;
